[DEBUG] /api/start payload: {'source_lang': 'en', 'target_lang': 'hi', 'model': 'base'}
[DEBUG] /api/start payload: {'source_lang': 'ta', 'target_lang': 'hi', 'model': 'base'}
[DEBUG] /api/start payload: {'source_lang': 'ta', 'target_lang': 'en', 'model': 'base'}
[DEBUG] /api/start payload: {'source_lang': 'en', 'target_lang': 'hi', 'model': 'base'}
[DEBUG] Worker started. Config: {'translate': True, 'model': 'base', 'source_lang': 'en', 'target_lang': 'hi'}
[DEBUG] Initializing Translator: en -> hi
[DEBUG] /api/start payload: {'source_lang': 'ta', 'target_lang': 'hi', 'model': 'base'}
[DEBUG] Worker started. Config: {'translate': True, 'model': 'base', 'source_lang': 'ta', 'target_lang': 'hi'}
[DEBUG] Initializing Translator: ta -> hi
[DEBUG] /api/start payload: {'source_lang': 'ta', 'target_lang': 'en', 'model': 'base'}
[DEBUG] Worker started. Config: {'translate': True, 'model': 'base', 'source_lang': 'ta', 'target_lang': 'en'}
[DEBUG] Initializing Translator: ta -> en
[DEBUG] /api/start payload: {'source_lang': 'en', 'target_lang': 'hi', 'model': 'base'}
[DEBUG] Worker started. Config: {'translate': True, 'model': 'base', 'source_lang': 'en', 'target_lang': 'hi'}
[DEBUG] Initializing Translator: en -> hi
[DEBUG] /api/start payload: {'source_lang': 'ta', 'target_lang': 'hi', 'model': 'base'}
[DEBUG] Worker started. Config: {'translate': True, 'model': 'base', 'source_lang': 'ta', 'target_lang': 'hi'}
[DEBUG] Initializing Translator: ta -> hi
[DEBUG] /api/start payload: {'source_lang': 'ta', 'target_lang': 'en', 'model': 'base'}
[DEBUG] Worker started. Config: {'translate': True, 'model': 'base', 'source_lang': 'ta', 'target_lang': 'en'}
[DEBUG] Initializing Translator: ta -> en
[DEBUG] /api/start payload: {'source_lang': 'en', 'target_lang': 'hi', 'model': 'base'}
[DEBUG] Worker started. Config: {'translate': True, 'model': 'base', 'source_lang': 'en', 'target_lang': 'hi'}
[DEBUG] Initializing Translator: en -> hi
[DEBUG] /api/start payload: {'source_lang': 'ta', 'target_lang': 'hi', 'model': 'base'}
[DEBUG] Worker started. Config: {'translate': True, 'model': 'base', 'source_lang': 'ta', 'target_lang': 'hi'}
[DEBUG] Initializing Translator: ta -> hi
[DEBUG] /api/start payload: {'source_lang': 'ta', 'target_lang': 'en', 'model': 'base'}
[DEBUG] Worker started. Config: {'translate': True, 'model': 'base', 'source_lang': 'ta', 'target_lang': 'en'}
[DEBUG] Initializing Translator: ta -> en
[DEBUG] FLORES keys: ['en', 'hi', 'ta', 'te', 'ml']... ta in keys: True
[DEBUG] IndicTrans call: src=eng_Latn (en), tgt=hin_Deva (hi), text='controlled by just o...'
[DEBUG] FLORES keys: ['en', 'hi', 'ta', 'te', 'ml']... ta in keys: True
[DEBUG] IndicTrans call: src=eng_Latn (en), tgt=hin_Deva (hi), text='sometimes he just go...'
[DEBUG] FLORES keys: ['en', 'hi', 'ta', 'te', 'ml']... ta in keys: True
[DEBUG] IndicTrans call: src=eng_Latn (en), tgt=hin_Deva (hi), text='Okay, you here likes...'
[DEBUG] FLORES keys: ['en', 'hi', 'ta', 'te', 'ml']... ta in keys: True
[DEBUG] IndicTrans call: src=eng_Latn (en), tgt=hin_Deva (hi), text='technical marvels. Y...'
[DEBUG] FLORES keys: ['en', 'hi', 'ta', 'te', 'ml']... ta in keys: True
[DEBUG] IndicTrans call: src=eng_Latn (en), tgt=hin_Deva (hi), text='Concussions. So no t...'
[DEBUG] FLORES keys: ['en', 'hi', 'ta', 'te', 'ml']... ta in keys: True
[DEBUG] IndicTrans call: src=eng_Latn (en), tgt=hin_Deva (hi), text='Oh no.  I guess that...'
[DEBUG] FLORES keys: ['en', 'hi', 'ta', 'te', 'ml']... ta in keys: True
[DEBUG] IndicTrans call: src=eng_Latn (en), tgt=hin_Deva (hi), text='See, Polaris is one ...'
[DEBUG] FLORES keys: ['en', 'hi', 'ta', 'te', 'ml']... ta in keys: True
[DEBUG] IndicTrans call: src=eng_Latn (en), tgt=hin_Deva (hi), text='rooted leading to el...'
[DEBUG] FLORES keys: ['en', 'hi', 'ta', 'te', 'ml']... ta in keys: True
[DEBUG] IndicTrans call: src=eng_Latn (en), tgt=hin_Deva (hi), text='Another thing that r...'
[DEBUG] FLORES keys: ['en', 'hi', 'ta', 'te', 'ml']... ta in keys: True
[DEBUG] IndicTrans call: src=eng_Latn (en), tgt=hin_Deva (hi), text='planes and just abou...'
[DEBUG] FLORES keys: ['en', 'hi', 'ta', 'te', 'ml']... ta in keys: True
[DEBUG] IndicTrans call: src=eng_Latn (en), tgt=hin_Deva (hi), text='cutting edge. It jus...'
[DEBUG] FLORES keys: ['en', 'hi', 'ta', 'te', 'ml']... ta in keys: True
[DEBUG] IndicTrans call: src=eng_Latn (en), tgt=hin_Deva (hi), text='When we're talking l...'
[DEBUG] FLORES keys: ['en', 'hi', 'ta', 'te', 'ml']... ta in keys: True
[DEBUG] IndicTrans call: src=eng_Latn (en), tgt=hin_Deva (hi), text='43 times over  Seven...'
[DEBUG] FLORES keys: ['en', 'hi', 'ta', 'te', 'ml']... ta in keys: True
[DEBUG] IndicTrans call: src=eng_Latn (en), tgt=hin_Deva (hi), text='developed a bit of a...'
[DEBUG] FLORES keys: ['en', 'hi', 'ta', 'te', 'ml']... ta in keys: True
[DEBUG] IndicTrans call: src=eng_Latn (en), tgt=hin_Deva (hi), text='to an incredibly gri...'
[DEBUG] FLORES keys: ['en', 'hi', 'ta', 'te', 'ml']... ta in keys: True
[DEBUG] IndicTrans call: src=eng_Latn (en), tgt=hin_Deva (hi), text='broken bones and lac...'
[DEBUG] FLORES keys: ['en', 'hi', 'ta', 'te', 'ml']... ta in keys: True
[DEBUG] IndicTrans call: src=eng_Latn (en), tgt=hin_Deva (hi), text='case in point. In 20...'
[DEBUG] FLORES keys: ['en', 'hi', 'ta', 'te', 'ml']... ta in keys: True
[DEBUG] IndicTrans call: src=eng_Latn (en), tgt=hin_Deva (hi), text='like 20 people walki...'
[DEBUG] FLORES keys: ['en', 'hi', 'ta', 'te', 'ml']... ta in keys: True
[DEBUG] IndicTrans call: src=eng_Latn (en), tgt=hin_Deva (hi), text='to the user. There a...'
[DEBUG] FLORES keys: ['en', 'hi', 'ta', 'te', 'ml']... ta in keys: True
[DEBUG] IndicTrans call: src=eng_Latn (en), tgt=hin_Deva (hi), text='time period. So this...'
[DEBUG] FLORES keys: ['en', 'hi', 'ta', 'te', 'ml']... ta in keys: True
[DEBUG] IndicTrans call: src=eng_Latn (en), tgt=hin_Deva (hi), text='And if you do, there...'
[DEBUG] FLORES keys: ['en', 'hi', 'ta', 'te', 'ml']... ta in keys: True
[DEBUG] IndicTrans call: src=eng_Latn (en), tgt=hin_Deva (hi), text='together and see how...'
[DEBUG] FLORES keys: ['en', 'hi', 'ta', 'te', 'ml']... ta in keys: True
[DEBUG] IndicTrans call: src=eng_Latn (en), tgt=hin_Deva (hi), text='shop and metal tips ...'
[DEBUG] FLORES keys: ['en', 'hi', 'ta', 'te', 'ml']... ta in keys: True
[DEBUG] IndicTrans call: src=eng_Latn (en), tgt=hin_Deva (hi), text='I'm closer than bein...'
[DEBUG] FLORES keys: ['en', 'hi', 'ta', 'te', 'ml']... ta in keys: True
[DEBUG] IndicTrans call: src=eng_Latn (en), tgt=hin_Deva (hi), text='I'm......'
[DEBUG] FLORES keys: ['en', 'hi', 'ta', 'te', 'ml']... ta in keys: True
[DEBUG] IndicTrans call: src=eng_Latn (en), tgt=hin_Deva (hi), text='I'm a good one!...'
[DEBUG] FLORES keys: ['en', 'hi', 'ta', 'te', 'ml']... ta in keys: True
[DEBUG] IndicTrans call: src=eng_Latn (en), tgt=hin_Deva (hi), text='I'm a good lower...'
[DEBUG] FLORES keys: ['en', 'hi', 'ta', 'te', 'ml']... ta in keys: True
[DEBUG] IndicTrans call: src=eng_Latn (en), tgt=hin_Deva (hi), text='Oh, it's Friday....'
[DEBUG] FLORES keys: ['en', 'hi', 'ta', 'te', 'ml']... ta in keys: True
[DEBUG] IndicTrans call: src=eng_Latn (en), tgt=hin_Deva (hi), text='It's Friday's course...'
[DEBUG] FLORES keys: ['en', 'hi', 'ta', 'te', 'ml']... ta in keys: True
[DEBUG] IndicTrans call: src=eng_Latn (en), tgt=hin_Deva (hi), text='as far as possible, ...'
[DEBUG] FLORES keys: ['en', 'hi', 'ta', 'te', 'ml']... ta in keys: True
[DEBUG] IndicTrans call: src=eng_Latn (en), tgt=hin_Deva (hi), text='as far as possible, ...'
[DEBUG] FLORES keys: ['en', 'hi', 'ta', 'te', 'ml']... ta in keys: True
[DEBUG] IndicTrans call: src=eng_Latn (en), tgt=hin_Deva (hi), text='as far as possible, ...'
[DEBUG] FLORES keys: ['en', 'hi', 'ta', 'te', 'ml']... ta in keys: True
[DEBUG] IndicTrans call: src=eng_Latn (en), tgt=hin_Deva (hi), text='as far as possible, ...'
[DEBUG] FLORES keys: ['en', 'hi', 'ta', 'te', 'ml']... ta in keys: True
[DEBUG] IndicTrans call: src=eng_Latn (en), tgt=hin_Deva (hi), text='as far as possible, ...'
[DEBUG] FLORES keys: ['en', 'hi', 'ta', 'te', 'ml']... ta in keys: True
[DEBUG] IndicTrans call: src=eng_Latn (en), tgt=hin_Deva (hi), text='as far as possible, ...'
[DEBUG] FLORES keys: ['en', 'hi', 'ta', 'te', 'ml']... ta in keys: True
[DEBUG] IndicTrans call: src=eng_Latn (en), tgt=hin_Deva (hi), text='as far as possible, ...'
[DEBUG] FLORES keys: ['en', 'hi', 'ta', 'te', 'ml']... ta in keys: True
[DEBUG] IndicTrans call: src=eng_Latn (en), tgt=hin_Deva (hi), text='as far as possible, ...'
[DEBUG] FLORES keys: ['en', 'hi', 'ta', 'te', 'ml']... ta in keys: True
[DEBUG] IndicTrans call: src=eng_Latn (en), tgt=hin_Deva (hi), text='as far as possible, ...'
[DEBUG] FLORES keys: ['en', 'hi', 'ta', 'te', 'ml']... ta in keys: True
[DEBUG] IndicTrans call: src=eng_Latn (en), tgt=hin_Deva (hi), text='as far as possible, ...'
[DEBUG] FLORES keys: ['en', 'hi', 'ta', 'te', 'ml']... ta in keys: True
[DEBUG] IndicTrans call: src=eng_Latn (en), tgt=hin_Deva (hi), text='So, what do you mean...'
[DEBUG] FLORES keys: ['en', 'hi', 'ta', 'te', 'ml']... ta in keys: True
[DEBUG] IndicTrans call: src=eng_Latn (en), tgt=hin_Deva (hi), text='So, meet them.  And ...'
[DEBUG] FLORES keys: ['en', 'hi', 'ta', 'te', 'ml']... ta in keys: True
[DEBUG] IndicTrans call: src=eng_Latn (en), tgt=hin_Deva (hi), text='so that you meet the...'
[DEBUG] FLORES keys: ['en', 'hi', 'ta', 'te', 'ml']... ta in keys: True
[DEBUG] IndicTrans call: src=eng_Latn (en), tgt=hin_Deva (hi), text='action meeting, and ...'
[DEBUG] FLORES keys: ['en', 'hi', 'ta', 'te', 'ml']... ta in keys: True
[DEBUG] IndicTrans call: src=eng_Latn (en), tgt=hin_Deva (hi), text='action meeting and t...'
[DEBUG] FLORES keys: ['en', 'hi', 'ta', 'te', 'ml']... ta in keys: True
[DEBUG] IndicTrans call: src=eng_Latn (en), tgt=hin_Deva (hi), text='Action meeting and t...'
[DEBUG] FLORES keys: ['en', 'hi', 'ta', 'te', 'ml']... ta in keys: True
[DEBUG] IndicTrans call: src=eng_Latn (en), tgt=hin_Deva (hi), text='Action meeting and t...'
[DEBUG] FLORES keys: ['en', 'hi', 'ta', 'te', 'ml']... ta in keys: True
[DEBUG] IndicTrans call: src=eng_Latn (en), tgt=hin_Deva (hi), text='Give us...'
[DEBUG] FLORES keys: ['en', 'hi', 'ta', 'te', 'ml']... ta in keys: True
[DEBUG] IndicTrans call: src=eng_Latn (en), tgt=hin_Deva (hi), text='Give us the same...'
[DEBUG] FLORES keys: ['en', 'hi', 'ta', 'te', 'ml']... ta in keys: True
[DEBUG] IndicTrans call: src=eng_Latn (en), tgt=hin_Deva (hi), text='Give us the same tim...'
[DEBUG] FLORES keys: ['en', 'hi', 'ta', 'te', 'ml']... ta in keys: True
[DEBUG] IndicTrans call: src=eng_Latn (en), tgt=hin_Deva (hi), text='Give us the same ben...'
[DEBUG] FLORES keys: ['en', 'hi', 'ta', 'te', 'ml']... ta in keys: True
[DEBUG] IndicTrans call: src=eng_Latn (en), tgt=hin_Deva (hi), text='Give us the same ben...'
[DEBUG] FLORES keys: ['en', 'hi', 'ta', 'te', 'ml']... ta in keys: True
[DEBUG] IndicTrans call: src=eng_Latn (en), tgt=hin_Deva (hi), text='give us the same ben...'
[DEBUG] FLORES keys: ['en', 'hi', 'ta', 'te', 'ml']... ta in keys: True
[DEBUG] IndicTrans call: src=eng_Latn (en), tgt=hin_Deva (hi), text='the second...'
[DEBUG] FLORES keys: ['en', 'hi', 'ta', 'te', 'ml']... ta in keys: True
[DEBUG] IndicTrans call: src=eng_Latn (en), tgt=hin_Deva (hi), text='to start the company...'
[DEBUG] FLORES keys: ['en', 'hi', 'ta', 'te', 'ml']... ta in keys: True
[DEBUG] IndicTrans call: src=eng_Latn (en), tgt=hin_Deva (hi), text='The second, we need ...'
[DEBUG] FLORES keys: ['en', 'hi', 'ta', 'te', 'ml']... ta in keys: True
[DEBUG] IndicTrans call: src=eng_Latn (en), tgt=hin_Deva (hi), text='The second thing you...'
[DEBUG] FLORES keys: ['en', 'hi', 'ta', 'te', 'ml']... ta in keys: True
[DEBUG] IndicTrans call: src=eng_Latn (en), tgt=hin_Deva (hi), text='The second thing you...'
[DEBUG] FLORES keys: ['en', 'hi', 'ta', 'te', 'ml']... ta in keys: True
[DEBUG] IndicTrans call: src=eng_Latn (en), tgt=hin_Deva (hi), text='Try to be a little.....'
[DEBUG] FLORES keys: ['en', 'hi', 'ta', 'te', 'ml']... ta in keys: True
[DEBUG] IndicTrans call: src=eng_Latn (en), tgt=hin_Deva (hi), text='Try to be no friend...'
[DEBUG] FLORES keys: ['en', 'hi', 'ta', 'te', 'ml']... ta in keys: True
[DEBUG] IndicTrans call: src=eng_Latn (en), tgt=hin_Deva (hi), text='Try to be a fan of t...'
[DEBUG] FLORES keys: ['en', 'hi', 'ta', 'te', 'ml']... ta in keys: True
[DEBUG] IndicTrans call: src=eng_Latn (en), tgt=hin_Deva (hi), text='Try to be a fan of t...'
[DEBUG] FLORES keys: ['en', 'hi', 'ta', 'te', 'ml']... ta in keys: True
[DEBUG] IndicTrans call: src=eng_Latn (en), tgt=hin_Deva (hi), text='Try to be a fan lit ...'
[DEBUG] FLORES keys: ['en', 'hi', 'ta', 'te', 'ml']... ta in keys: True
[DEBUG] IndicTrans call: src=eng_Latn (en), tgt=hin_Deva (hi), text='Try to be, you know,...'
[DEBUG] FLORES keys: ['en', 'hi', 'ta', 'te', 'ml']... ta in keys: True
[DEBUG] IndicTrans call: src=eng_Latn (en), tgt=hin_Deva (hi), text='try to be a fan lit ...'
[DEBUG] FLORES keys: ['en', 'hi', 'ta', 'te', 'ml']... ta in keys: True
[DEBUG] IndicTrans call: src=eng_Latn (en), tgt=hin_Deva (hi), text='try to be a fan lit ...'
[DEBUG] FLORES keys: ['en', 'hi', 'ta', 'te', 'ml']... ta in keys: True
[DEBUG] IndicTrans call: src=eng_Latn (en), tgt=hin_Deva (hi), text='Try to be in a frien...'
[DEBUG] FLORES keys: ['en', 'hi', 'ta', 'te', 'ml']... ta in keys: True
[DEBUG] IndicTrans call: src=eng_Latn (en), tgt=hin_Deva (hi), text='Try to be in a frien...'
[DEBUG] FLORES keys: ['en', 'hi', 'ta', 'te', 'ml']... ta in keys: True
[DEBUG] IndicTrans call: src=eng_Latn (en), tgt=hin_Deva (hi), text='Try to be in a frien...'
[DEBUG] FLORES keys: ['en', 'hi', 'ta', 'te', 'ml']... ta in keys: True
[DEBUG] IndicTrans call: src=eng_Latn (en), tgt=hin_Deva (hi), text='Vivo...'
[DEBUG] FLORES keys: ['en', 'hi', 'ta', 'te', 'ml']... ta in keys: True
[DEBUG] IndicTrans call: src=eng_Latn (en), tgt=hin_Deva (hi), text='They want to see you...'
[DEBUG] FLORES keys: ['en', 'hi', 'ta', 'te', 'ml']... ta in keys: True
[DEBUG] IndicTrans call: src=eng_Latn (en), tgt=hin_Deva (hi), text='They want to see you...'
[DEBUG] FLORES keys: ['en', 'hi', 'ta', 'te', 'ml']... ta in keys: True
[DEBUG] IndicTrans call: src=eng_Latn (en), tgt=hin_Deva (hi), text='They want to see you...'
[DEBUG] FLORES keys: ['en', 'hi', 'ta', 'te', 'ml']... ta in keys: True
[DEBUG] IndicTrans call: src=eng_Latn (en), tgt=hin_Deva (hi), text='We want to see you u...'
[DEBUG] FLORES keys: ['en', 'hi', 'ta', 'te', 'ml']... ta in keys: True
[DEBUG] IndicTrans call: src=eng_Latn (en), tgt=hin_Deva (hi), text='We want to see you a...'
[DEBUG] FLORES keys: ['en', 'hi', 'ta', 'te', 'ml']... ta in keys: True
[DEBUG] IndicTrans call: src=eng_Latn (en), tgt=hin_Deva (hi), text='We want to see you. ...'
[DEBUG] FLORES keys: ['en', 'hi', 'ta', 'te', 'ml']... ta in keys: True
[DEBUG] IndicTrans call: src=eng_Latn (en), tgt=hin_Deva (hi), text='We want to see you. ...'
[DEBUG] FLORES keys: ['en', 'hi', 'ta', 'te', 'ml']... ta in keys: True
[DEBUG] IndicTrans call: src=eng_Latn (en), tgt=hin_Deva (hi), text='We want to see you a...'
[DEBUG] FLORES keys: ['en', 'hi', 'ta', 'te', 'ml']... ta in keys: True
[DEBUG] IndicTrans call: src=eng_Latn (en), tgt=hin_Deva (hi), text='We want to see you a...'
[DEBUG] FLORES keys: ['en', 'hi', 'ta', 'te', 'ml']... ta in keys: True
[DEBUG] IndicTrans call: src=eng_Latn (en), tgt=hin_Deva (hi), text='We want to see you a...'
[DEBUG] FLORES keys: ['en', 'hi', 'ta', 'te', 'ml']... ta in keys: True
[DEBUG] IndicTrans call: src=eng_Latn (en), tgt=hin_Deva (hi), text='We want to see you a...'
[DEBUG] FLORES keys: ['en', 'hi', 'ta', 'te', 'ml']... ta in keys: True
[DEBUG] IndicTrans call: src=eng_Latn (en), tgt=hin_Deva (hi), text='We want to see you a...'
[DEBUG] FLORES keys: ['en', 'hi', 'ta', 'te', 'ml']... ta in keys: True
[DEBUG] IndicTrans call: src=eng_Latn (en), tgt=hin_Deva (hi), text='We want to see you a...'
[DEBUG] FLORES keys: ['en', 'hi', 'ta', 'te', 'ml']... ta in keys: True
[DEBUG] IndicTrans call: src=eng_Latn (en), tgt=hin_Deva (hi), text='We want to see you a...'
[DEBUG] FLORES keys: ['en', 'hi', 'ta', 'te', 'ml']... ta in keys: True
[DEBUG] IndicTrans call: src=eng_Latn (en), tgt=hin_Deva (hi), text='We want to see you a...'
[DEBUG] FLORES keys: ['en', 'hi', 'ta', 'te', 'ml']... ta in keys: True
[DEBUG] IndicTrans call: src=eng_Latn (en), tgt=hin_Deva (hi), text='We want to see you a...'
[DEBUG] FLORES keys: ['en', 'hi', 'ta', 'te', 'ml']... ta in keys: True
[DEBUG] IndicTrans call: src=eng_Latn (en), tgt=hin_Deva (hi), text='We want to see you a...'
[DEBUG] FLORES keys: ['en', 'hi', 'ta', 'te', 'ml']... ta in keys: True
[DEBUG] IndicTrans call: src=eng_Latn (en), tgt=hin_Deva (hi), text='We want to see you a...'
[DEBUG] FLORES keys: ['en', 'hi', 'ta', 'te', 'ml']... ta in keys: True
[DEBUG] IndicTrans call: src=eng_Latn (en), tgt=hin_Deva (hi), text='We want to see you a...'
[DEBUG] FLORES keys: ['en', 'hi', 'ta', 'te', 'ml']... ta in keys: True
[DEBUG] IndicTrans call: src=eng_Latn (en), tgt=hin_Deva (hi), text='We want to see you a...'
[DEBUG] FLORES keys: ['en', 'hi', 'ta', 'te', 'ml']... ta in keys: True
[DEBUG] IndicTrans call: src=eng_Latn (en), tgt=hin_Deva (hi), text='It's not working....'
[DEBUG] FLORES keys: ['en', 'hi', 'ta', 'te', 'ml']... ta in keys: True
[DEBUG] IndicTrans call: src=eng_Latn (en), tgt=hin_Deva (hi), text='is not working. So t...'
[DEBUG] FLORES keys: ['en', 'hi', 'ta', 'te', 'ml']... ta in keys: True
[DEBUG] IndicTrans call: src=eng_Latn (en), tgt=hin_Deva (hi), text='It's not working. So...'
[DEBUG] FLORES keys: ['en', 'hi', 'ta', 'te', 'ml']... ta in keys: True
[DEBUG] IndicTrans call: src=eng_Latn (en), tgt=hin_Deva (hi), text='It's not working. So...'
[DEBUG] FLORES keys: ['en', 'hi', 'ta', 'te', 'ml']... ta in keys: True
[DEBUG] IndicTrans call: src=eng_Latn (en), tgt=hin_Deva (hi), text='It's not working. So...'
[DEBUG] FLORES keys: ['en', 'hi', 'ta', 'te', 'ml']... ta in keys: True
[DEBUG] IndicTrans call: src=eng_Latn (en), tgt=hin_Deva (hi), text='It's not working.  S...'
[DEBUG] FLORES keys: ['en', 'hi', 'ta', 'te', 'ml']... ta in keys: True
[DEBUG] IndicTrans call: src=eng_Latn (en), tgt=hin_Deva (hi), text='It's not working.  S...'
[DEBUG] FLORES keys: ['en', 'hi', 'ta', 'te', 'ml']... ta in keys: True
[DEBUG] IndicTrans call: src=eng_Latn (en), tgt=hin_Deva (hi), text='It's not working. So...'
[DEBUG] FLORES keys: ['en', 'hi', 'ta', 'te', 'ml']... ta in keys: True
[DEBUG] IndicTrans call: src=eng_Latn (en), tgt=hin_Deva (hi), text='It's not working. So...'
[DEBUG] FLORES keys: ['en', 'hi', 'ta', 'te', 'ml']... ta in keys: True
[DEBUG] IndicTrans call: src=eng_Latn (en), tgt=hin_Deva (hi), text='It's not working. So...'
[DEBUG] FLORES keys: ['en', 'hi', 'ta', 'te', 'ml']... ta in keys: True
[DEBUG] IndicTrans call: src=eng_Latn (en), tgt=hin_Deva (hi), text='We know family...'
[DEBUG] FLORES keys: ['en', 'hi', 'ta', 'te', 'ml']... ta in keys: True
[DEBUG] IndicTrans call: src=eng_Latn (en), tgt=hin_Deva (hi), text='We know very little ...'
[DEBUG] FLORES keys: ['en', 'hi', 'ta', 'te', 'ml']... ta in keys: True
[DEBUG] IndicTrans call: src=eng_Latn (en), tgt=hin_Deva (hi), text='We know very little ...'
[DEBUG] FLORES keys: ['en', 'hi', 'ta', 'te', 'ml']... ta in keys: True
[DEBUG] IndicTrans call: src=eng_Latn (en), tgt=hin_Deva (hi), text='I will...'
[DEBUG] FLORES keys: ['en', 'hi', 'ta', 'te', 'ml']... ta in keys: True
[DEBUG] IndicTrans call: src=eng_Latn (en), tgt=hin_Deva (hi), text='I would ideally...'
[DEBUG] FLORES keys: ['en', 'hi', 'ta', 'te', 'ml']... ta in keys: True
[DEBUG] IndicTrans call: src=eng_Latn (en), tgt=hin_Deva (hi), text='I would ideally......'
[DEBUG] FLORES keys: ['en', 'hi', 'ta', 'te', 'ml']... ta in keys: True
[DEBUG] IndicTrans call: src=eng_Latn (en), tgt=hin_Deva (hi), text='I would ideally stea...'
[DEBUG] FLORES keys: ['en', 'hi', 'ta', 'te', 'ml']... ta in keys: True
[DEBUG] IndicTrans call: src=eng_Latn (en), tgt=hin_Deva (hi), text='I would ideally stea...'
[DEBUG] FLORES keys: ['en', 'hi', 'ta', 'te', 'ml']... ta in keys: True
[DEBUG] IndicTrans call: src=eng_Latn (en), tgt=hin_Deva (hi), text='I would ideally stea...'
[DEBUG] FLORES keys: ['en', 'hi', 'ta', 'te', 'ml']... ta in keys: True
[DEBUG] IndicTrans call: src=eng_Latn (en), tgt=hin_Deva (hi), text='I would ideally stea...'
[DEBUG] FLORES keys: ['en', 'hi', 'ta', 'te', 'ml']... ta in keys: True
[DEBUG] IndicTrans call: src=eng_Latn (en), tgt=hin_Deva (hi), text='I would ideally stea...'
[DEBUG] FLORES keys: ['en', 'hi', 'ta', 'te', 'ml']... ta in keys: True
[DEBUG] IndicTrans call: src=eng_Latn (en), tgt=hin_Deva (hi), text='room is...'
[DEBUG] FLORES keys: ['en', 'hi', 'ta', 'te', 'ml']... ta in keys: True
[DEBUG] IndicTrans call: src=eng_Latn (en), tgt=hin_Deva (hi), text='Good expert....'
[DEBUG] FLORES keys: ['en', 'hi', 'ta', 'te', 'ml']... ta in keys: True
[DEBUG] IndicTrans call: src=eng_Latn (en), tgt=hin_Deva (hi), text='Would expect a kimi-...'
[DEBUG] FLORES keys: ['en', 'hi', 'ta', 'te', 'ml']... ta in keys: True
[DEBUG] IndicTrans call: src=eng_Latn (en), tgt=hin_Deva (hi), text='Would expect a remis...'
[DEBUG] FLORES keys: ['en', 'hi', 'ta', 'te', 'ml']... ta in keys: True
[DEBUG] IndicTrans call: src=eng_Latn (en), tgt=hin_Deva (hi), text='would expect a chemi...'
[DEBUG] FLORES keys: ['en', 'hi', 'ta', 'te', 'ml']... ta in keys: True
[DEBUG] IndicTrans call: src=eng_Latn (en), tgt=hin_Deva (hi), text='would expect a kiss ...'
[DEBUG] FLORES keys: ['en', 'hi', 'ta', 'te', 'ml']... ta in keys: True
[DEBUG] IndicTrans call: src=eng_Latn (en), tgt=hin_Deva (hi), text='Would expect a kiss ...'
[DEBUG] FLORES keys: ['en', 'hi', 'ta', 'te', 'ml']... ta in keys: True
[DEBUG] IndicTrans call: src=eng_Latn (en), tgt=hin_Deva (hi), text='Good expect, at leas...'
[DEBUG] FLORES keys: ['en', 'hi', 'ta', 'te', 'ml']... ta in keys: True
[DEBUG] IndicTrans call: src=eng_Latn (en), tgt=hin_Deva (hi), text='Good expect, at leas...'
[DEBUG] FLORES keys: ['en', 'hi', 'ta', 'te', 'ml']... ta in keys: True
[DEBUG] IndicTrans call: src=eng_Latn (en), tgt=hin_Deva (hi), text='Good expect, at leas...'
[DEBUG] FLORES keys: ['en', 'hi', 'ta', 'te', 'ml']... ta in keys: True
[DEBUG] IndicTrans call: src=eng_Latn (en), tgt=hin_Deva (hi), text='Good expect, at leas...'
[DEBUG] FLORES keys: ['en', 'hi', 'ta', 'te', 'ml']... ta in keys: True
[DEBUG] IndicTrans call: src=eng_Latn (en), tgt=hin_Deva (hi), text='would expect at leas...'
[DEBUG] FLORES keys: ['en', 'hi', 'ta', 'te', 'ml']... ta in keys: True
[DEBUG] IndicTrans call: src=eng_Latn (en), tgt=hin_Deva (hi), text='Would expect at leas...'
[DEBUG] FLORES keys: ['en', 'hi', 'ta', 'te', 'ml']... ta in keys: True
[DEBUG] IndicTrans call: src=eng_Latn (en), tgt=hin_Deva (hi), text='would expect at leas...'
[DEBUG] FLORES keys: ['en', 'hi', 'ta', 'te', 'ml']... ta in keys: True
[DEBUG] IndicTrans call: src=eng_Latn (en), tgt=hin_Deva (hi), text='would expect at leas...'
[DEBUG] FLORES keys: ['en', 'hi', 'ta', 'te', 'ml']... ta in keys: True
[DEBUG] IndicTrans call: src=eng_Latn (en), tgt=hin_Deva (hi), text='would expect at leas...'
[DEBUG] FLORES keys: ['en', 'hi', 'ta', 'te', 'ml']... ta in keys: True
[DEBUG] IndicTrans call: src=eng_Latn (en), tgt=hin_Deva (hi), text='would expect at leas...'
[DEBUG] FLORES keys: ['en', 'hi', 'ta', 'te', 'ml']... ta in keys: True
[DEBUG] IndicTrans call: src=eng_Latn (en), tgt=hin_Deva (hi), text='would expect at leas...'
[DEBUG] FLORES keys: ['en', 'hi', 'ta', 'te', 'ml']... ta in keys: True
[DEBUG] IndicTrans call: src=eng_Latn (en), tgt=hin_Deva (hi), text='It will not be destr...'
[DEBUG] FLORES keys: ['en', 'hi', 'ta', 'te', 'ml']... ta in keys: True
[DEBUG] IndicTrans call: src=eng_Latn (en), tgt=hin_Deva (hi), text='It will not be destr...'
[DEBUG] FLORES keys: ['en', 'hi', 'ta', 'te', 'ml']... ta in keys: True
[DEBUG] IndicTrans call: src=eng_Latn (en), tgt=hin_Deva (hi), text='It will not be destr...'
[DEBUG] FLORES keys: ['en', 'hi', 'ta', 'te', 'ml']... ta in keys: True
[DEBUG] IndicTrans call: src=eng_Latn (en), tgt=hin_Deva (hi), text='but if you're...'
[DEBUG] FLORES keys: ['en', 'hi', 'ta', 'te', 'ml']... ta in keys: True
[DEBUG] IndicTrans call: src=eng_Latn (en), tgt=hin_Deva (hi), text='but if you are fully...'
[DEBUG] FLORES keys: ['en', 'hi', 'ta', 'te', 'ml']... ta in keys: True
[DEBUG] IndicTrans call: src=eng_Latn (en), tgt=hin_Deva (hi), text='but you fear folding...'
[DEBUG] FLORES keys: ['en', 'hi', 'ta', 'te', 'ml']... ta in keys: True
[DEBUG] IndicTrans call: src=eng_Latn (en), tgt=hin_Deva (hi), text='but you fear folding...'
[DEBUG] FLORES keys: ['en', 'hi', 'ta', 'te', 'ml']... ta in keys: True
[DEBUG] IndicTrans call: src=eng_Latn (en), tgt=hin_Deva (hi), text='but you fear holding...'
[DEBUG] FLORES keys: ['en', 'hi', 'ta', 'te', 'ml']... ta in keys: True
[DEBUG] IndicTrans call: src=eng_Latn (en), tgt=hin_Deva (hi), text='but you fear folding...'
[DEBUG] FLORES keys: ['en', 'hi', 'ta', 'te', 'ml']... ta in keys: True
[DEBUG] IndicTrans call: src=eng_Latn (en), tgt=hin_Deva (hi), text='but you feel holding...'
[DEBUG] FLORES keys: ['en', 'hi', 'ta', 'te', 'ml']... ta in keys: True
[DEBUG] IndicTrans call: src=eng_Latn (en), tgt=hin_Deva (hi), text='but if you are holdi...'
[DEBUG] FLORES keys: ['en', 'hi', 'ta', 'te', 'ml']... ta in keys: True
[DEBUG] IndicTrans call: src=eng_Latn (en), tgt=hin_Deva (hi), text='but if you are holdi...'
[DEBUG] FLORES keys: ['en', 'hi', 'ta', 'te', 'ml']... ta in keys: True
[DEBUG] IndicTrans call: src=eng_Latn (en), tgt=hin_Deva (hi), text='but if you are holdi...'
[DEBUG] FLORES keys: ['en', 'hi', 'ta', 'te', 'ml']... ta in keys: True
[DEBUG] IndicTrans call: src=eng_Latn (en), tgt=hin_Deva (hi), text='Thank you....'
[DEBUG] FLORES keys: ['en', 'hi', 'ta', 'te', 'ml']... ta in keys: True
[DEBUG] IndicTrans call: src=eng_Latn (en), tgt=hin_Deva (hi), text='very...'
[DEBUG] FLORES keys: ['en', 'hi', 'ta', 'te', 'ml']... ta in keys: True
[DEBUG] IndicTrans call: src=eng_Latn (en), tgt=hin_Deva (hi), text='Then it does get...'
[DEBUG] FLORES keys: ['en', 'hi', 'ta', 'te', 'ml']... ta in keys: True
[DEBUG] IndicTrans call: src=eng_Latn (en), tgt=hin_Deva (hi), text='Then it does get des...'
[DEBUG] FLORES keys: ['en', 'hi', 'ta', 'te', 'ml']... ta in keys: True
[DEBUG] IndicTrans call: src=eng_Latn (en), tgt=hin_Deva (hi), text='then it does get dis...'
[DEBUG] FLORES keys: ['en', 'hi', 'ta', 'te', 'ml']... ta in keys: True
[DEBUG] IndicTrans call: src=eng_Latn (en), tgt=hin_Deva (hi), text='Then it does get dis...'
[DEBUG] FLORES keys: ['en', 'hi', 'ta', 'te', 'ml']... ta in keys: True
[DEBUG] IndicTrans call: src=eng_Latn (en), tgt=hin_Deva (hi), text='Then it does get dis...'
[DEBUG] FLORES keys: ['en', 'hi', 'ta', 'te', 'ml']... ta in keys: True
[DEBUG] IndicTrans call: src=eng_Latn (en), tgt=hin_Deva (hi), text='Then it does get dis...'
[DEBUG] FLORES keys: ['en', 'hi', 'ta', 'te', 'ml']... ta in keys: True
[DEBUG] IndicTrans call: src=eng_Latn (en), tgt=hin_Deva (hi), text='Then it does get dis...'
[DEBUG] FLORES keys: ['en', 'hi', 'ta', 'te', 'ml']... ta in keys: True
[DEBUG] IndicTrans call: src=eng_Latn (en), tgt=hin_Deva (hi), text='then it does get dis...'
[DEBUG] FLORES keys: ['en', 'hi', 'ta', 'te', 'ml']... ta in keys: True
[DEBUG] IndicTrans call: src=eng_Latn (en), tgt=hin_Deva (hi), text='then it does get dis...'
[DEBUG] FLORES keys: ['en', 'hi', 'ta', 'te', 'ml']... ta in keys: True
[DEBUG] IndicTrans call: src=eng_Latn (en), tgt=hin_Deva (hi), text='then it does get dis...'
[DEBUG] FLORES keys: ['en', 'hi', 'ta', 'te', 'ml']... ta in keys: True
[DEBUG] IndicTrans call: src=eng_Latn (en), tgt=hin_Deva (hi), text='and...'
[DEBUG] FLORES keys: ['en', 'hi', 'ta', 'te', 'ml']... ta in keys: True
[DEBUG] IndicTrans call: src=eng_Latn (en), tgt=hin_Deva (hi), text='and icons...'
[DEBUG] FLORES keys: ['en', 'hi', 'ta', 'te', 'ml']... ta in keys: True
[DEBUG] IndicTrans call: src=eng_Latn (en), tgt=hin_Deva (hi), text='And I can see all of...'
[DEBUG] FLORES keys: ['en', 'hi', 'ta', 'te', 'ml']... ta in keys: True
[DEBUG] IndicTrans call: src=eng_Latn (en), tgt=hin_Deva (hi), text='And I can see all of...'
[DEBUG] FLORES keys: ['en', 'hi', 'ta', 'te', 'ml']... ta in keys: True
[DEBUG] IndicTrans call: src=eng_Latn (en), tgt=hin_Deva (hi), text='And I can see all of...'
[DEBUG] FLORES keys: ['en', 'hi', 'ta', 'te', 'ml']... ta in keys: True
[DEBUG] IndicTrans call: src=eng_Latn (en), tgt=hin_Deva (hi), text='And I can see all of...'
[DEBUG] FLORES keys: ['en', 'hi', 'ta', 'te', 'ml']... ta in keys: True
[DEBUG] IndicTrans call: src=eng_Latn (en), tgt=hin_Deva (hi), text='And I can see all of...'
[DEBUG] FLORES keys: ['en', 'hi', 'ta', 'te', 'ml']... ta in keys: True
[DEBUG] IndicTrans call: src=eng_Latn (en), tgt=hin_Deva (hi), text='And I can see all of...'
[DEBUG] FLORES keys: ['en', 'hi', 'ta', 'te', 'ml']... ta in keys: True
[DEBUG] IndicTrans call: src=eng_Latn (en), tgt=hin_Deva (hi), text='Then I can see all o...'
[DEBUG] FLORES keys: ['en', 'hi', 'ta', 'te', 'ml']... ta in keys: True
[DEBUG] IndicTrans call: src=eng_Latn (en), tgt=hin_Deva (hi), text='Then I can see all o...'
[DEBUG] FLORES keys: ['en', 'hi', 'ta', 'te', 'ml']... ta in keys: True
[DEBUG] IndicTrans call: src=eng_Latn (en), tgt=hin_Deva (hi), text='Then I can see all o...'
[DEBUG] FLORES keys: ['en', 'hi', 'ta', 'te', 'ml']... ta in keys: True
[DEBUG] IndicTrans call: src=eng_Latn (en), tgt=hin_Deva (hi), text='Okay....'
[DEBUG] FLORES keys: ['en', 'hi', 'ta', 'te', 'ml']... ta in keys: True
[DEBUG] IndicTrans call: src=eng_Latn (en), tgt=hin_Deva (hi), text='Okay....'
[DEBUG] FLORES keys: ['en', 'hi', 'ta', 'te', 'ml']... ta in keys: True
[DEBUG] IndicTrans call: src=eng_Latn (en), tgt=hin_Deva (hi), text='Okay, best of......'
[DEBUG] FLORES keys: ['en', 'hi', 'ta', 'te', 'ml']... ta in keys: True
[DEBUG] IndicTrans call: src=eng_Latn (en), tgt=hin_Deva (hi), text='Okay, that's the typ...'
[DEBUG] FLORES keys: ['en', 'hi', 'ta', 'te', 'ml']... ta in keys: True
[DEBUG] IndicTrans call: src=eng_Latn (en), tgt=hin_Deva (hi), text='Okay, that's the typ...'
[DEBUG] FLORES keys: ['en', 'hi', 'ta', 'te', 'ml']... ta in keys: True
[DEBUG] IndicTrans call: src=eng_Latn (en), tgt=hin_Deva (hi), text='Okay, that's the typ...'
[DEBUG] FLORES keys: ['en', 'hi', 'ta', 'te', 'ml']... ta in keys: True
[DEBUG] IndicTrans call: src=eng_Latn (en), tgt=hin_Deva (hi), text='Okay, that's the typ...'
[DEBUG] FLORES keys: ['en', 'hi', 'ta', 'te', 'ml']... ta in keys: True
[DEBUG] IndicTrans call: src=eng_Latn (en), tgt=hin_Deva (hi), text='Okay, that's the typ...'
[DEBUG] FLORES keys: ['en', 'hi', 'ta', 'te', 'ml']... ta in keys: True
[DEBUG] IndicTrans call: src=eng_Latn (en), tgt=hin_Deva (hi), text='Okay, that's the typ...'
[DEBUG] FLORES keys: ['en', 'hi', 'ta', 'te', 'ml']... ta in keys: True
[DEBUG] IndicTrans call: src=eng_Latn (en), tgt=hin_Deva (hi), text='Okay, that's the typ...'
[DEBUG] FLORES keys: ['en', 'hi', 'ta', 'te', 'ml']... ta in keys: True
[DEBUG] IndicTrans call: src=eng_Latn (en), tgt=hin_Deva (hi), text='Okay, that's the typ...'
[DEBUG] FLORES keys: ['en', 'hi', 'ta', 'te', 'ml']... ta in keys: True
[DEBUG] IndicTrans call: src=eng_Latn (en), tgt=hin_Deva (hi), text='Okay, that's the typ...'
[DEBUG] FLORES keys: ['en', 'hi', 'ta', 'te', 'ml']... ta in keys: True
[DEBUG] IndicTrans call: src=eng_Latn (en), tgt=hin_Deva (hi), text='That's you....'
[DEBUG] FLORES keys: ['en', 'hi', 'ta', 'te', 'ml']... ta in keys: True
[DEBUG] IndicTrans call: src=eng_Latn (en), tgt=hin_Deva (hi), text='materials....'
[DEBUG] FLORES keys: ['en', 'hi', 'ta', 'te', 'ml']... ta in keys: True
[DEBUG] IndicTrans call: src=eng_Latn (en), tgt=hin_Deva (hi), text='Experience...'
[DEBUG] FLORES keys: ['en', 'hi', 'ta', 'te', 'ml']... ta in keys: True
[DEBUG] IndicTrans call: src=eng_Latn (en), tgt=hin_Deva (hi), text='Experience...'
[DEBUG] FLORES keys: ['en', 'hi', 'ta', 'te', 'ml']... ta in keys: True
[DEBUG] IndicTrans call: src=eng_Latn (en), tgt=hin_Deva (hi), text='for you...'
[DEBUG] FLORES keys: ['en', 'hi', 'ta', 'te', 'ml']... ta in keys: True
[DEBUG] IndicTrans call: src=eng_Latn (en), tgt=hin_Deva (hi), text='What you is...'
[DEBUG] FLORES keys: ['en', 'hi', 'ta', 'te', 'ml']... ta in keys: True
[DEBUG] IndicTrans call: src=eng_Latn (en), tgt=hin_Deva (hi), text='Audio is...'
[DEBUG] FLORES keys: ['en', 'hi', 'ta', 'te', 'ml']... ta in keys: True
[DEBUG] IndicTrans call: src=eng_Latn (en), tgt=hin_Deva (hi), text='or bill is...'
[DEBUG] FLORES keys: ['en', 'hi', 'ta', 'te', 'ml']... ta in keys: True
[DEBUG] IndicTrans call: src=eng_Latn (en), tgt=hin_Deva (hi), text='Ready?...'
[DEBUG] FLORES keys: ['en', 'hi', 'ta', 'te', 'ml']... ta in keys: True
[DEBUG] IndicTrans call: src=eng_Latn (en), tgt=hin_Deva (hi), text='Very important....'
[DEBUG] FLORES keys: ['en', 'hi', 'ta', 'te', 'ml']... ta in keys: True
[DEBUG] IndicTrans call: src=eng_Latn (en), tgt=hin_Deva (hi), text='Very important....'
[DEBUG] FLORES keys: ['en', 'hi', 'ta', 'te', 'ml']... ta in keys: True
[DEBUG] IndicTrans call: src=eng_Latn (en), tgt=hin_Deva (hi), text='You got nice....'
[DEBUG] FLORES keys: ['en', 'hi', 'ta', 'te', 'ml']... ta in keys: True
[DEBUG] IndicTrans call: src=eng_Latn (en), tgt=hin_Deva (hi), text='to learn how to spea...'
[DEBUG] FLORES keys: ['en', 'hi', 'ta', 'te', 'ml']... ta in keys: True
[DEBUG] IndicTrans call: src=eng_Latn (en), tgt=hin_Deva (hi), text='to learn how to spea...'
[DEBUG] FLORES keys: ['en', 'hi', 'ta', 'te', 'ml']... ta in keys: True
[DEBUG] IndicTrans call: src=eng_Latn (en), tgt=hin_Deva (hi), text='It should have......'
[DEBUG] FLORES keys: ['en', 'hi', 'ta', 'te', 'ml']... ta in keys: True
[DEBUG] IndicTrans call: src=eng_Latn (en), tgt=hin_Deva (hi), text='It shouldn't come....'
[DEBUG] FLORES keys: ['en', 'hi', 'ta', 'te', 'ml']... ta in keys: True
[DEBUG] IndicTrans call: src=eng_Latn (en), tgt=hin_Deva (hi), text='It shouldn't come to...'
[DEBUG] FLORES keys: ['en', 'hi', 'ta', 'te', 'ml']... ta in keys: True
[DEBUG] IndicTrans call: src=eng_Latn (en), tgt=hin_Deva (hi), text='It shouldn't come te...'
[DEBUG] FLORES keys: ['en', 'hi', 'ta', 'te', 'ml']... ta in keys: True
[DEBUG] IndicTrans call: src=eng_Latn (en), tgt=hin_Deva (hi), text='It shouldn't come te...'
[DEBUG] FLORES keys: ['en', 'hi', 'ta', 'te', 'ml']... ta in keys: True
[DEBUG] IndicTrans call: src=eng_Latn (en), tgt=hin_Deva (hi), text='It shouldn't come te...'
[DEBUG] FLORES keys: ['en', 'hi', 'ta', 'te', 'ml']... ta in keys: True
[DEBUG] IndicTrans call: src=eng_Latn (en), tgt=hin_Deva (hi), text='It shouldn't come te...'
[DEBUG] FLORES keys: ['en', 'hi', 'ta', 'te', 'ml']... ta in keys: True
[DEBUG] IndicTrans call: src=eng_Latn (en), tgt=hin_Deva (hi), text='It shouldn't come te...'
[DEBUG] FLORES keys: ['en', 'hi', 'ta', 'te', 'ml']... ta in keys: True
[DEBUG] IndicTrans call: src=eng_Latn (en), tgt=hin_Deva (hi), text='And so...'
[DEBUG] FLORES keys: ['en', 'hi', 'ta', 'te', 'ml']... ta in keys: True
[DEBUG] IndicTrans call: src=eng_Latn (en), tgt=hin_Deva (hi), text='and especially for u...'
[DEBUG] FLORES keys: ['en', 'hi', 'ta', 'te', 'ml']... ta in keys: True
[DEBUG] IndicTrans call: src=eng_Latn (en), tgt=hin_Deva (hi), text='and especially for t...'
[DEBUG] FLORES keys: ['en', 'hi', 'ta', 'te', 'ml']... ta in keys: True
[DEBUG] IndicTrans call: src=eng_Latn (en), tgt=hin_Deva (hi), text='and especially for a...'
[DEBUG] FLORES keys: ['en', 'hi', 'ta', 'te', 'ml']... ta in keys: True
[DEBUG] IndicTrans call: src=eng_Latn (en), tgt=hin_Deva (hi), text='and specially for a ...'
[DEBUG] FLORES keys: ['en', 'hi', 'ta', 'te', 'ml']... ta in keys: True
[DEBUG] IndicTrans call: src=eng_Latn (en), tgt=hin_Deva (hi), text='and especially if yo...'
[DEBUG] FLORES keys: ['en', 'hi', 'ta', 'te', 'ml']... ta in keys: True
[DEBUG] IndicTrans call: src=eng_Latn (en), tgt=hin_Deva (hi), text='and especially if yo...'
[DEBUG] FLORES keys: ['en', 'hi', 'ta', 'te', 'ml']... ta in keys: True
[DEBUG] IndicTrans call: src=eng_Latn (en), tgt=hin_Deva (hi), text='and especially if yo...'
[DEBUG] FLORES keys: ['en', 'hi', 'ta', 'te', 'ml']... ta in keys: True
[DEBUG] IndicTrans call: src=eng_Latn (en), tgt=hin_Deva (hi), text='And especially if yo...'
[DEBUG] FLORES keys: ['en', 'hi', 'ta', 'te', 'ml']... ta in keys: True
[DEBUG] IndicTrans call: src=eng_Latn (en), tgt=hin_Deva (hi), text='And especially if yo...'
[DEBUG] FLORES keys: ['en', 'hi', 'ta', 'te', 'ml']... ta in keys: True
[DEBUG] IndicTrans call: src=eng_Latn (en), tgt=hin_Deva (hi), text='And especially if yo...'
[DEBUG] FLORES keys: ['en', 'hi', 'ta', 'te', 'ml']... ta in keys: True
[DEBUG] IndicTrans call: src=eng_Latn (en), tgt=hin_Deva (hi), text='And especially if yo...'
[DEBUG] FLORES keys: ['en', 'hi', 'ta', 'te', 'ml']... ta in keys: True
[DEBUG] IndicTrans call: src=eng_Latn (en), tgt=hin_Deva (hi), text='And especially if yo...'
[DEBUG] FLORES keys: ['en', 'hi', 'ta', 'te', 'ml']... ta in keys: True
[DEBUG] IndicTrans call: src=eng_Latn (en), tgt=hin_Deva (hi), text='And especially if yo...'
[DEBUG] FLORES keys: ['en', 'hi', 'ta', 'te', 'ml']... ta in keys: True
[DEBUG] IndicTrans call: src=eng_Latn (en), tgt=hin_Deva (hi), text='And especially if yo...'
[DEBUG] FLORES keys: ['en', 'hi', 'ta', 'te', 'ml']... ta in keys: True
[DEBUG] IndicTrans call: src=eng_Latn (en), tgt=hin_Deva (hi), text='And especially if yo...'
[DEBUG] FLORES keys: ['en', 'hi', 'ta', 'te', 'ml']... ta in keys: True
[DEBUG] IndicTrans call: src=eng_Latn (en), tgt=hin_Deva (hi), text='And especially if yo...'
[DEBUG] FLORES keys: ['en', 'hi', 'ta', 'te', 'ml']... ta in keys: True
[DEBUG] IndicTrans call: src=eng_Latn (en), tgt=hin_Deva (hi), text='And especially if yo...'
[DEBUG] FLORES keys: ['en', 'hi', 'ta', 'te', 'ml']... ta in keys: True
[DEBUG] IndicTrans call: src=eng_Latn (en), tgt=hin_Deva (hi), text='And especially if yo...'
[DEBUG] FLORES keys: ['en', 'hi', 'ta', 'te', 'ml']... ta in keys: True
[DEBUG] IndicTrans call: src=eng_Latn (en), tgt=hin_Deva (hi), text='And especially if yo...'
[DEBUG] FLORES keys: ['en', 'hi', 'ta', 'te', 'ml']... ta in keys: True
[DEBUG] IndicTrans call: src=eng_Latn (en), tgt=hin_Deva (hi), text='microphone....'
[DEBUG] FLORES keys: ['en', 'hi', 'ta', 'te', 'ml']... ta in keys: True
[DEBUG] IndicTrans call: src=eng_Latn (en), tgt=hin_Deva (hi), text='and forget microphon...'
[DEBUG] FLORES keys: ['en', 'hi', 'ta', 'te', 'ml']... ta in keys: True
[DEBUG] IndicTrans call: src=eng_Latn (en), tgt=hin_Deva (hi), text='microphone.  It woul...'
[DEBUG] FLORES keys: ['en', 'hi', 'ta', 'te', 'ml']... ta in keys: True
[DEBUG] IndicTrans call: src=eng_Latn (en), tgt=hin_Deva (hi), text='microphone. It would...'
[DEBUG] FLORES keys: ['en', 'hi', 'ta', 'te', 'ml']... ta in keys: True
[DEBUG] IndicTrans call: src=eng_Latn (en), tgt=hin_Deva (hi), text='microphone would be ...'
[DEBUG] FLORES keys: ['en', 'hi', 'ta', 'te', 'ml']... ta in keys: True
[DEBUG] IndicTrans call: src=eng_Latn (en), tgt=hin_Deva (hi), text='microphone would be ...'
[DEBUG] FLORES keys: ['en', 'hi', 'ta', 'te', 'ml']... ta in keys: True
[DEBUG] IndicTrans call: src=eng_Latn (en), tgt=hin_Deva (hi), text='microphone would be ...'
[DEBUG] FLORES keys: ['en', 'hi', 'ta', 'te', 'ml']... ta in keys: True
[DEBUG] IndicTrans call: src=eng_Latn (en), tgt=hin_Deva (hi), text='microphone would be ...'
[DEBUG] FLORES keys: ['en', 'hi', 'ta', 'te', 'ml']... ta in keys: True
[DEBUG] IndicTrans call: src=eng_Latn (en), tgt=hin_Deva (hi), text='microphone would be ...'
[DEBUG] FLORES keys: ['en', 'hi', 'ta', 'te', 'ml']... ta in keys: True
[DEBUG] IndicTrans call: src=eng_Latn (en), tgt=hin_Deva (hi), text='microphone would be ...'
[DEBUG] FLORES keys: ['en', 'hi', 'ta', 'te', 'ml']... ta in keys: True
[DEBUG] IndicTrans call: src=eng_Latn (en), tgt=hin_Deva (hi), text='microphone would be ...'
[DEBUG] FLORES keys: ['en', 'hi', 'ta', 'te', 'ml']... ta in keys: True
[DEBUG] IndicTrans call: src=eng_Latn (en), tgt=hin_Deva (hi), text='microphone would be ...'
[DEBUG] FLORES keys: ['en', 'hi', 'ta', 'te', 'ml']... ta in keys: True
[DEBUG] IndicTrans call: src=eng_Latn (en), tgt=hin_Deva (hi), text='a microphone would b...'
[DEBUG] FLORES keys: ['en', 'hi', 'ta', 'te', 'ml']... ta in keys: True
[DEBUG] IndicTrans call: src=eng_Latn (en), tgt=hin_Deva (hi), text='a microphone would b...'
[DEBUG] FLORES keys: ['en', 'hi', 'ta', 'te', 'ml']... ta in keys: True
[DEBUG] IndicTrans call: src=eng_Latn (en), tgt=hin_Deva (hi), text='a microphone would b...'
[DEBUG] FLORES keys: ['en', 'hi', 'ta', 'te', 'ml']... ta in keys: True
[DEBUG] IndicTrans call: src=eng_Latn (en), tgt=hin_Deva (hi), text='a microphone would b...'
[DEBUG] FLORES keys: ['en', 'hi', 'ta', 'te', 'ml']... ta in keys: True
[DEBUG] IndicTrans call: src=eng_Latn (en), tgt=hin_Deva (hi), text='a microphone would b...'
[DEBUG] FLORES keys: ['en', 'hi', 'ta', 'te', 'ml']... ta in keys: True
[DEBUG] IndicTrans call: src=eng_Latn (en), tgt=hin_Deva (hi), text='microphone would be ...'
[DEBUG] FLORES keys: ['en', 'hi', 'ta', 'te', 'ml']... ta in keys: True
[DEBUG] IndicTrans call: src=eng_Latn (en), tgt=hin_Deva (hi), text='microphone would be ...'
[DEBUG] FLORES keys: ['en', 'hi', 'ta', 'te', 'ml']... ta in keys: True
[DEBUG] IndicTrans call: src=eng_Latn (en), tgt=hin_Deva (hi), text='in caption by the...'
[DEBUG] FLORES keys: ['en', 'hi', 'ta', 'te', 'ml']... ta in keys: True
[DEBUG] IndicTrans call: src=eng_Latn (en), tgt=hin_Deva (hi), text='the gap check by the...'
[DEBUG] FLORES keys: ['en', 'hi', 'ta', 'te', 'ml']... ta in keys: True
[DEBUG] IndicTrans call: src=eng_Latn (en), tgt=hin_Deva (hi), text='the gap check by the...'
[DEBUG] FLORES keys: ['en', 'hi', 'ta', 'te', 'ml']... ta in keys: True
[DEBUG] IndicTrans call: src=eng_Latn (en), tgt=hin_Deva (hi), text='the Gap Chat by my p...'
[DEBUG] FLORES keys: ['en', 'hi', 'ta', 'te', 'ml']... ta in keys: True
[DEBUG] IndicTrans call: src=eng_Latn (en), tgt=hin_Deva (hi), text='the Gap check by my ...'
[DEBUG] FLORES keys: ['en', 'hi', 'ta', 'te', 'ml']... ta in keys: True
[DEBUG] IndicTrans call: src=eng_Latn (en), tgt=hin_Deva (hi), text='the gap check by my ...'
[DEBUG] FLORES keys: ['en', 'hi', 'ta', 'te', 'ml']... ta in keys: True
[DEBUG] IndicTrans call: src=eng_Latn (en), tgt=hin_Deva (hi), text='the gap check by my ...'
[DEBUG] FLORES keys: ['en', 'hi', 'ta', 'te', 'ml']... ta in keys: True
[DEBUG] IndicTrans call: src=eng_Latn (en), tgt=hin_Deva (hi), text='the gap check by my ...'
[DEBUG] FLORES keys: ['en', 'hi', 'ta', 'te', 'ml']... ta in keys: True
[DEBUG] IndicTrans call: src=eng_Latn (en), tgt=hin_Deva (hi), text='the gap check by my ...'
[DEBUG] FLORES keys: ['en', 'hi', 'ta', 'te', 'ml']... ta in keys: True
[DEBUG] IndicTrans call: src=eng_Latn (en), tgt=hin_Deva (hi), text='the gap chain by my ...'
[DEBUG] FLORES keys: ['en', 'hi', 'ta', 'te', 'ml']... ta in keys: True
[DEBUG] IndicTrans call: src=eng_Latn (en), tgt=hin_Deva (hi), text='the gap check by my ...'
[DEBUG] FLORES keys: ['en', 'hi', 'ta', 'te', 'ml']... ta in keys: True
[DEBUG] IndicTrans call: src=eng_Latn (en), tgt=hin_Deva (hi), text='the gap check by my ...'
[DEBUG] FLORES keys: ['en', 'hi', 'ta', 'te', 'ml']... ta in keys: True
[DEBUG] IndicTrans call: src=eng_Latn (en), tgt=hin_Deva (hi), text='the gap check by my ...'
[DEBUG] FLORES keys: ['en', 'hi', 'ta', 'te', 'ml']... ta in keys: True
[DEBUG] IndicTrans call: src=eng_Latn (en), tgt=hin_Deva (hi), text='the gap chain by a p...'
[DEBUG] FLORES keys: ['en', 'hi', 'ta', 'te', 'ml']... ta in keys: True
[DEBUG] IndicTrans call: src=eng_Latn (en), tgt=hin_Deva (hi), text='the gap chain by a p...'
[DEBUG] FLORES keys: ['en', 'hi', 'ta', 'te', 'ml']... ta in keys: True
[DEBUG] IndicTrans call: src=eng_Latn (en), tgt=hin_Deva (hi), text='the gap chain by a p...'
[DEBUG] FLORES keys: ['en', 'hi', 'ta', 'te', 'ml']... ta in keys: True
[DEBUG] IndicTrans call: src=eng_Latn (en), tgt=hin_Deva (hi), text='the gap check by a p...'
[DEBUG] FLORES keys: ['en', 'hi', 'ta', 'te', 'ml']... ta in keys: True
[DEBUG] IndicTrans call: src=eng_Latn (en), tgt=hin_Deva (hi), text='the gap check by a p...'
[DEBUG] FLORES keys: ['en', 'hi', 'ta', 'te', 'ml']... ta in keys: True
[DEBUG] IndicTrans call: src=eng_Latn (en), tgt=hin_Deva (hi), text='So you know what I s...'
[DEBUG] FLORES keys: ['en', 'hi', 'ta', 'te', 'ml']... ta in keys: True
[DEBUG] IndicTrans call: src=eng_Latn (en), tgt=hin_Deva (hi), text='We will put headsets...'
[DEBUG] FLORES keys: ['en', 'hi', 'ta', 'te', 'ml']... ta in keys: True
[DEBUG] IndicTrans call: src=eng_Latn (en), tgt=hin_Deva (hi), text='So, we will put the ...'
[DEBUG] FLORES keys: ['en', 'hi', 'ta', 'te', 'ml']... ta in keys: True
[DEBUG] IndicTrans call: src=eng_Latn (en), tgt=hin_Deva (hi), text='Bluetooth headsets t...'
[DEBUG] FLORES keys: ['en', 'hi', 'ta', 'te', 'ml']... ta in keys: True
[DEBUG] IndicTrans call: src=eng_Latn (en), tgt=hin_Deva (hi), text='Bluetooth headsets t...'
[DEBUG] FLORES keys: ['en', 'hi', 'ta', 'te', 'ml']... ta in keys: True
[DEBUG] IndicTrans call: src=eng_Latn (en), tgt=hin_Deva (hi), text='And keep your......'
[DEBUG] FLORES keys: ['en', 'hi', 'ta', 'te', 'ml']... ta in keys: True
[DEBUG] IndicTrans call: src=eng_Latn (en), tgt=hin_Deva (hi), text='Your voice also...'
[DEBUG] FLORES keys: ['en', 'hi', 'ta', 'te', 'ml']... ta in keys: True
[DEBUG] IndicTrans call: src=eng_Latn (en), tgt=hin_Deva (hi), text='Your voice also will...'
[DEBUG] FLORES keys: ['en', 'hi', 'ta', 'te', 'ml']... ta in keys: True
[DEBUG] IndicTrans call: src=eng_Latn (en), tgt=hin_Deva (hi), text='Your voice also will...'
[DEBUG] FLORES keys: ['en', 'hi', 'ta', 'te', 'ml']... ta in keys: True
[DEBUG] IndicTrans call: src=eng_Latn (en), tgt=hin_Deva (hi), text='Your voice also will...'
[DEBUG] FLORES keys: ['en', 'hi', 'ta', 'te', 'ml']... ta in keys: True
[DEBUG] IndicTrans call: src=eng_Latn (en), tgt=hin_Deva (hi), text='Your voice should be...'
[DEBUG] FLORES keys: ['en', 'hi', 'ta', 'te', 'ml']... ta in keys: True
[DEBUG] IndicTrans call: src=eng_Latn (en), tgt=hin_Deva (hi), text='Your voice also woul...'
[DEBUG] FLORES keys: ['en', 'hi', 'ta', 'te', 'ml']... ta in keys: True
[DEBUG] IndicTrans call: src=eng_Latn (en), tgt=hin_Deva (hi), text='Your voice also will...'
[DEBUG] FLORES keys: ['en', 'hi', 'ta', 'te', 'ml']... ta in keys: True
[DEBUG] IndicTrans call: src=eng_Latn (en), tgt=hin_Deva (hi), text='Your voice also woul...'
[DEBUG] FLORES keys: ['en', 'hi', 'ta', 'te', 'ml']... ta in keys: True
[DEBUG] IndicTrans call: src=eng_Latn (en), tgt=hin_Deva (hi), text='Your voice also will...'
[DEBUG] FLORES keys: ['en', 'hi', 'ta', 'te', 'ml']... ta in keys: True
[DEBUG] IndicTrans call: src=eng_Latn (en), tgt=hin_Deva (hi), text='and find them....'
[DEBUG] FLORES keys: ['en', 'hi', 'ta', 'te', 'ml']... ta in keys: True
[DEBUG] IndicTrans call: src=eng_Latn (en), tgt=hin_Deva (hi), text='and finally,...'
[DEBUG] FLORES keys: ['en', 'hi', 'ta', 'te', 'ml']... ta in keys: True
[DEBUG] IndicTrans call: src=eng_Latn (en), tgt=hin_Deva (hi), text='and finally,...'
[DEBUG] FLORES keys: ['en', 'hi', 'ta', 'te', 'ml']... ta in keys: True
[DEBUG] IndicTrans call: src=eng_Latn (en), tgt=hin_Deva (hi), text='And...'
[DEBUG] FLORES keys: ['en', 'hi', 'ta', 'te', 'ml']... ta in keys: True
[DEBUG] IndicTrans call: src=eng_Latn (en), tgt=hin_Deva (hi), text='The angle of the......'
[DEBUG] FLORES keys: ['en', 'hi', 'ta', 'te', 'ml']... ta in keys: True
[DEBUG] IndicTrans call: src=eng_Latn (en), tgt=hin_Deva (hi), text='The angle of the cam...'
[DEBUG] FLORES keys: ['en', 'hi', 'ta', 'te', 'ml']... ta in keys: True
[DEBUG] IndicTrans call: src=eng_Latn (en), tgt=hin_Deva (hi), text='The angle of the cam...'
[DEBUG] FLORES keys: ['en', 'hi', 'ta', 'te', 'ml']... ta in keys: True
[DEBUG] IndicTrans call: src=eng_Latn (en), tgt=hin_Deva (hi), text='The angle of the cam...'
[DEBUG] FLORES keys: ['en', 'hi', 'ta', 'te', 'ml']... ta in keys: True
[DEBUG] IndicTrans call: src=eng_Latn (en), tgt=hin_Deva (hi), text='Turn....'
[DEBUG] FLORES keys: ['en', 'hi', 'ta', 'te', 'ml']... ta in keys: True
[DEBUG] IndicTrans call: src=eng_Latn (en), tgt=hin_Deva (hi), text='Trying to keep the...'
[DEBUG] FLORES keys: ['en', 'hi', 'ta', 'te', 'ml']... ta in keys: True
[DEBUG] IndicTrans call: src=eng_Latn (en), tgt=hin_Deva (hi), text='Trying to keep the c...'
[DEBUG] FLORES keys: ['en', 'hi', 'ta', 'te', 'ml']... ta in keys: True
[DEBUG] IndicTrans call: src=eng_Latn (en), tgt=hin_Deva (hi), text='Trying to keep the c...'
[DEBUG] FLORES keys: ['en', 'hi', 'ta', 'te', 'ml']... ta in keys: True
[DEBUG] IndicTrans call: src=eng_Latn (en), tgt=hin_Deva (hi), text='Trying to keep the c...'
[DEBUG] FLORES keys: ['en', 'hi', 'ta', 'te', 'ml']... ta in keys: True
[DEBUG] IndicTrans call: src=eng_Latn (en), tgt=hin_Deva (hi), text='Trying to keep the c...'
[DEBUG] FLORES keys: ['en', 'hi', 'ta', 'te', 'ml']... ta in keys: True
[DEBUG] IndicTrans call: src=eng_Latn (en), tgt=hin_Deva (hi), text='Trying to keep the c...'
[DEBUG] FLORES keys: ['en', 'hi', 'ta', 'te', 'ml']... ta in keys: True
[DEBUG] IndicTrans call: src=eng_Latn (en), tgt=hin_Deva (hi), text='Try to keep the came...'
[DEBUG] FLORES keys: ['en', 'hi', 'ta', 'te', 'ml']... ta in keys: True
[DEBUG] IndicTrans call: src=eng_Latn (en), tgt=hin_Deva (hi), text='Trying to keep the c...'
[DEBUG] FLORES keys: ['en', 'hi', 'ta', 'te', 'ml']... ta in keys: True
[DEBUG] IndicTrans call: src=eng_Latn (en), tgt=hin_Deva (hi), text='Try to keep the came...'
[DEBUG] FLORES keys: ['en', 'hi', 'ta', 'te', 'ml']... ta in keys: True
[DEBUG] IndicTrans call: src=eng_Latn (en), tgt=hin_Deva (hi), text='Try to keep the came...'
[DEBUG] FLORES keys: ['en', 'hi', 'ta', 'te', 'ml']... ta in keys: True
[DEBUG] IndicTrans call: src=eng_Latn (en), tgt=hin_Deva (hi), text='Try to keep the came...'
[DEBUG] FLORES keys: ['en', 'hi', 'ta', 'te', 'ml']... ta in keys: True
[DEBUG] IndicTrans call: src=eng_Latn (en), tgt=hin_Deva (hi), text='So both of you look....'
[DEBUG] FLORES keys: ['en', 'hi', 'ta', 'te', 'ml']... ta in keys: True
[DEBUG] IndicTrans call: src=eng_Latn (en), tgt=hin_Deva (hi), text='I'm so afraid of kee...'
[DEBUG] FLORES keys: ['en', 'hi', 'ta', 'te', 'ml']... ta in keys: True
[DEBUG] IndicTrans call: src=eng_Latn (en), tgt=hin_Deva (hi), text='So go ahead and keep...'
[DEBUG] FLORES keys: ['en', 'hi', 'ta', 'te', 'ml']... ta in keys: True
[DEBUG] IndicTrans call: src=eng_Latn (en), tgt=hin_Deva (hi), text='So I will keep it do...'
[DEBUG] FLORES keys: ['en', 'hi', 'ta', 'te', 'ml']... ta in keys: True
[DEBUG] IndicTrans call: src=eng_Latn (en), tgt=hin_Deva (hi), text='and then I......'
[DEBUG] FLORES keys: ['en', 'hi', 'ta', 'te', 'ml']... ta in keys: True
[DEBUG] IndicTrans call: src=eng_Latn (en), tgt=hin_Deva (hi), text='and then I look at y...'
[DEBUG] FLORES keys: ['en', 'hi', 'ta', 'te', 'ml']... ta in keys: True
[DEBUG] IndicTrans call: src=eng_Latn (en), tgt=hin_Deva (hi), text='and then I look at y...'
[DEBUG] FLORES keys: ['en', 'hi', 'ta', 'te', 'ml']... ta in keys: True
[DEBUG] IndicTrans call: src=eng_Latn (en), tgt=hin_Deva (hi), text='Some of you are keep...'
[DEBUG] FLORES keys: ['en', 'hi', 'ta', 'te', 'ml']... ta in keys: True
[DEBUG] IndicTrans call: src=eng_Latn (en), tgt=hin_Deva (hi), text='Some of you are keep...'
[DEBUG] FLORES keys: ['en', 'hi', 'ta', 'te', 'ml']... ta in keys: True
[DEBUG] IndicTrans call: src=eng_Latn (en), tgt=hin_Deva (hi), text='and then I look at y...'
[DEBUG] FLORES keys: ['en', 'hi', 'ta', 'te', 'ml']... ta in keys: True
[DEBUG] IndicTrans call: src=eng_Latn (en), tgt=hin_Deva (hi), text='Some of you are keep...'
[DEBUG] FLORES keys: ['en', 'hi', 'ta', 'te', 'ml']... ta in keys: True
[DEBUG] IndicTrans call: src=eng_Latn (en), tgt=hin_Deva (hi), text='Some of you are keep...'
[DEBUG] FLORES keys: ['en', 'hi', 'ta', 'te', 'ml']... ta in keys: True
[DEBUG] IndicTrans call: src=eng_Latn (en), tgt=hin_Deva (hi), text='Some of you are keep...'
[DEBUG] FLORES keys: ['en', 'hi', 'ta', 'te', 'ml']... ta in keys: True
[DEBUG] IndicTrans call: src=eng_Latn (en), tgt=hin_Deva (hi), text='Some of you are keep...'
[DEBUG] FLORES keys: ['en', 'hi', 'ta', 'te', 'ml']... ta in keys: True
[DEBUG] IndicTrans call: src=eng_Latn (en), tgt=hin_Deva (hi), text='Some of you are keep...'
[DEBUG] FLORES keys: ['en', 'hi', 'ta', 'te', 'ml']... ta in keys: True
[DEBUG] IndicTrans call: src=eng_Latn (en), tgt=hin_Deva (hi), text='Some of you are keep...'
[DEBUG] FLORES keys: ['en', 'hi', 'ta', 'te', 'ml']... ta in keys: True
[DEBUG] IndicTrans call: src=eng_Latn (en), tgt=hin_Deva (hi), text='Some of you are keep...'
[DEBUG] FLORES keys: ['en', 'hi', 'ta', 'te', 'ml']... ta in keys: True
[DEBUG] IndicTrans call: src=eng_Latn (en), tgt=hin_Deva (hi), text='You close....'
[DEBUG] FLORES keys: ['en', 'hi', 'ta', 'te', 'ml']... ta in keys: True
[DEBUG] IndicTrans call: src=eng_Latn (en), tgt=hin_Deva (hi), text='You can't run......'
[DEBUG] FLORES keys: ['en', 'hi', 'ta', 'te', 'ml']... ta in keys: True
[DEBUG] IndicTrans call: src=eng_Latn (en), tgt=hin_Deva (hi), text='It has one minute to...'
[DEBUG] FLORES keys: ['en', 'hi', 'ta', 'te', 'ml']... ta in keys: True
[DEBUG] IndicTrans call: src=eng_Latn (en), tgt=hin_Deva (hi), text='You have one minute ...'
[DEBUG] FLORES keys: ['en', 'hi', 'ta', 'te', 'ml']... ta in keys: True
[DEBUG] IndicTrans call: src=eng_Latn (en), tgt=hin_Deva (hi), text='You have one minute ...'
[DEBUG] FLORES keys: ['en', 'hi', 'ta', 'te', 'ml']... ta in keys: True
[DEBUG] IndicTrans call: src=eng_Latn (en), tgt=hin_Deva (hi), text='You have one minute ...'
[DEBUG] FLORES keys: ['en', 'hi', 'ta', 'te', 'ml']... ta in keys: True
[DEBUG] IndicTrans call: src=eng_Latn (en), tgt=hin_Deva (hi), text='You have one minute ...'
[DEBUG] FLORES keys: ['en', 'hi', 'ta', 'te', 'ml']... ta in keys: True
[DEBUG] IndicTrans call: src=eng_Latn (en), tgt=hin_Deva (hi), text='We have one minute t...'
[DEBUG] FLORES keys: ['en', 'hi', 'ta', 'te', 'ml']... ta in keys: True
[DEBUG] IndicTrans call: src=eng_Latn (en), tgt=hin_Deva (hi), text='We have one minute t...'
[DEBUG] FLORES keys: ['en', 'hi', 'ta', 'te', 'ml']... ta in keys: True
[DEBUG] IndicTrans call: src=eng_Latn (en), tgt=hin_Deva (hi), text='We have one minute t...'
[DEBUG] FLORES keys: ['en', 'hi', 'ta', 'te', 'ml']... ta in keys: True
[DEBUG] IndicTrans call: src=eng_Latn (en), tgt=hin_Deva (hi), text='We have one minute t...'
[DEBUG] FLORES keys: ['en', 'hi', 'ta', 'te', 'ml']... ta in keys: True
[DEBUG] IndicTrans call: src=eng_Latn (en), tgt=hin_Deva (hi), text='We have one minute t...'
[DEBUG] FLORES keys: ['en', 'hi', 'ta', 'te', 'ml']... ta in keys: True
[DEBUG] IndicTrans call: src=eng_Latn (en), tgt=hin_Deva (hi), text='We have one minute t...'
[DEBUG] FLORES keys: ['en', 'hi', 'ta', 'te', 'ml']... ta in keys: True
[DEBUG] IndicTrans call: src=eng_Latn (en), tgt=hin_Deva (hi), text='We have one minute t...'
[DEBUG] FLORES keys: ['en', 'hi', 'ta', 'te', 'ml']... ta in keys: True
[DEBUG] IndicTrans call: src=eng_Latn (en), tgt=hin_Deva (hi), text='We have one minute t...'
[DEBUG] FLORES keys: ['en', 'hi', 'ta', 'te', 'ml']... ta in keys: True
[DEBUG] IndicTrans call: src=eng_Latn (en), tgt=hin_Deva (hi), text='We have one minute t...'
[DEBUG] FLORES keys: ['en', 'hi', 'ta', 'te', 'ml']... ta in keys: True
[DEBUG] IndicTrans call: src=eng_Latn (en), tgt=hin_Deva (hi), text='We have one minute t...'
[DEBUG] FLORES keys: ['en', 'hi', 'ta', 'te', 'ml']... ta in keys: True
[DEBUG] IndicTrans call: src=eng_Latn (en), tgt=hin_Deva (hi), text='We have one minute t...'
[DEBUG] FLORES keys: ['en', 'hi', 'ta', 'te', 'ml']... ta in keys: True
[DEBUG] IndicTrans call: src=eng_Latn (en), tgt=hin_Deva (hi), text='We have one minute t...'
[DEBUG] FLORES keys: ['en', 'hi', 'ta', 'te', 'ml']... ta in keys: True
[DEBUG] IndicTrans call: src=eng_Latn (en), tgt=hin_Deva (hi), text='We have one minute t...'
[DEBUG] FLORES keys: ['en', 'hi', 'ta', 'te', 'ml']... ta in keys: True
[DEBUG] IndicTrans call: src=eng_Latn (en), tgt=hin_Deva (hi), text='We have one minute t...'
[DEBUG] FLORES keys: ['en', 'hi', 'ta', 'te', 'ml']... ta in keys: True
[DEBUG] IndicTrans call: src=eng_Latn (en), tgt=hin_Deva (hi), text='I'm using a big 27....'
[DEBUG] FLORES keys: ['en', 'hi', 'ta', 'te', 'ml']... ta in keys: True
[DEBUG] IndicTrans call: src=eng_Latn (en), tgt=hin_Deva (hi), text='I am using a big 27 ...'
[DEBUG] FLORES keys: ['en', 'hi', 'ta', 'te', 'ml']... ta in keys: True
[DEBUG] IndicTrans call: src=eng_Latn (en), tgt=hin_Deva (hi), text='I am using a big 27 ...'
[DEBUG] FLORES keys: ['en', 'hi', 'ta', 'te', 'ml']... ta in keys: True
[DEBUG] IndicTrans call: src=eng_Latn (en), tgt=hin_Deva (hi), text='I am using a big 27 ...'
[DEBUG] FLORES keys: ['en', 'hi', 'ta', 'te', 'ml']... ta in keys: True
[DEBUG] IndicTrans call: src=eng_Latn (en), tgt=hin_Deva (hi), text='I am using a big 27H...'
[DEBUG] FLORES keys: ['en', 'hi', 'ta', 'te', 'ml']... ta in keys: True
[DEBUG] IndicTrans call: src=eng_Latn (en), tgt=hin_Deva (hi), text='I'm using a big 27 i...'
[DEBUG] FLORES keys: ['en', 'hi', 'ta', 'te', 'ml']... ta in keys: True
[DEBUG] IndicTrans call: src=eng_Latn (en), tgt=hin_Deva (hi), text='I am using a big 27 ...'
[DEBUG] FLORES keys: ['en', 'hi', 'ta', 'te', 'ml']... ta in keys: True
[DEBUG] IndicTrans call: src=eng_Latn (en), tgt=hin_Deva (hi), text='I'm using a big 27 i...'
[DEBUG] FLORES keys: ['en', 'hi', 'ta', 'te', 'ml']... ta in keys: True
[DEBUG] IndicTrans call: src=eng_Latn (en), tgt=hin_Deva (hi), text='I am using a big 27 ...'
[DEBUG] FLORES keys: ['en', 'hi', 'ta', 'te', 'ml']... ta in keys: True
[DEBUG] IndicTrans call: src=eng_Latn (en), tgt=hin_Deva (hi), text='I'm using a big 27 i...'
[DEBUG] FLORES keys: ['en', 'hi', 'ta', 'te', 'ml']... ta in keys: True
[DEBUG] IndicTrans call: src=eng_Latn (en), tgt=hin_Deva (hi), text='I'm using a big 27 i...'
[DEBUG] FLORES keys: ['en', 'hi', 'ta', 'te', 'ml']... ta in keys: True
[DEBUG] IndicTrans call: src=eng_Latn (en), tgt=hin_Deva (hi), text='I'm using a big 27 i...'
[DEBUG] FLORES keys: ['en', 'hi', 'ta', 'te', 'ml']... ta in keys: True
[DEBUG] IndicTrans call: src=eng_Latn (en), tgt=hin_Deva (hi), text='using a big twenty s...'
[DEBUG] FLORES keys: ['en', 'hi', 'ta', 'te', 'ml']... ta in keys: True
[DEBUG] IndicTrans call: src=eng_Latn (en), tgt=hin_Deva (hi), text='I'm using a big 27 i...'
[DEBUG] FLORES keys: ['en', 'hi', 'ta', 'te', 'ml']... ta in keys: True
[DEBUG] IndicTrans call: src=eng_Latn (en), tgt=hin_Deva (hi), text='Is there better be a...'
[DEBUG] FLORES keys: ['en', 'hi', 'ta', 'te', 'ml']... ta in keys: True
[DEBUG] IndicTrans call: src=eng_Latn (en), tgt=hin_Deva (hi), text='Is there better deal...'
[DEBUG] FLORES keys: ['en', 'hi', 'ta', 'te', 'ml']... ta in keys: True
[DEBUG] IndicTrans call: src=eng_Latn (en), tgt=hin_Deva (hi), text='He's a radio radio, ...'
[DEBUG] FLORES keys: ['en', 'hi', 'ta', 'te', 'ml']... ta in keys: True
[DEBUG] IndicTrans call: src=eng_Latn (en), tgt=hin_Deva (hi), text='He's a radio radio, ...'
[DEBUG] FLORES keys: ['en', 'hi', 'ta', 'te', 'ml']... ta in keys: True
[DEBUG] IndicTrans call: src=eng_Latn (en), tgt=hin_Deva (hi), text='Submit....'
[DEBUG] FLORES keys: ['en', 'hi', 'ta', 'te', 'ml']... ta in keys: True
[DEBUG] IndicTrans call: src=eng_Latn (en), tgt=hin_Deva (hi), text='So, we're going to s...'
[DEBUG] FLORES keys: ['en', 'hi', 'ta', 'te', 'ml']... ta in keys: True
[DEBUG] IndicTrans call: src=eng_Latn (en), tgt=hin_Deva (hi), text='So, let us hear thin...'
[DEBUG] FLORES keys: ['en', 'hi', 'ta', 'te', 'ml']... ta in keys: True
[DEBUG] IndicTrans call: src=eng_Latn (en), tgt=hin_Deva (hi), text='So, we have the shor...'
[DEBUG] FLORES keys: ['en', 'hi', 'ta', 'te', 'ml']... ta in keys: True
[DEBUG] IndicTrans call: src=eng_Latn (en), tgt=hin_Deva (hi), text='So, let us see your ...'
[DEBUG] FLORES keys: ['en', 'hi', 'ta', 'te', 'ml']... ta in keys: True
[DEBUG] IndicTrans call: src=eng_Latn (en), tgt=hin_Deva (hi), text='So many desirpips on...'
[DEBUG] FLORES keys: ['en', 'hi', 'ta', 'te', 'ml']... ta in keys: True
[DEBUG] IndicTrans call: src=eng_Latn (en), tgt=hin_Deva (hi), text='I'll teach you....'
[DEBUG] FLORES keys: ['en', 'hi', 'ta', 'te', 'ml']... ta in keys: True
[DEBUG] IndicTrans call: src=eng_Latn (en), tgt=hin_Deva (hi), text='I'll take care of yo...'
[DEBUG] FLORES keys: ['en', 'hi', 'ta', 'te', 'ml']... ta in keys: True
[DEBUG] IndicTrans call: src=eng_Latn (en), tgt=hin_Deva (hi), text='I'll take care of it...'
[DEBUG] FLORES keys: ['en', 'hi', 'ta', 'te', 'ml']... ta in keys: True
[DEBUG] IndicTrans call: src=eng_Latn (en), tgt=hin_Deva (hi), text='At the gate of a toa...'
[DEBUG] FLORES keys: ['en', 'hi', 'ta', 'te', 'ml']... ta in keys: True
[DEBUG] IndicTrans call: src=eng_Latn (en), tgt=hin_Deva (hi), text='At the gate of a toa...'
[DEBUG] FLORES keys: ['en', 'hi', 'ta', 'te', 'ml']... ta in keys: True
[DEBUG] IndicTrans call: src=eng_Latn (en), tgt=hin_Deva (hi), text='At the gate of a toa...'
[DEBUG] FLORES keys: ['en', 'hi', 'ta', 'te', 'ml']... ta in keys: True
[DEBUG] IndicTrans call: src=eng_Latn (en), tgt=hin_Deva (hi), text='At the gate of a toa...'
[DEBUG] FLORES keys: ['en', 'hi', 'ta', 'te', 'ml']... ta in keys: True
[DEBUG] IndicTrans call: src=eng_Latn (en), tgt=hin_Deva (hi), text='At the gate of a toa...'
[DEBUG] FLORES keys: ['en', 'hi', 'ta', 'te', 'ml']... ta in keys: True
[DEBUG] IndicTrans call: src=eng_Latn (en), tgt=hin_Deva (hi), text='At the gate of a toa...'
[DEBUG] FLORES keys: ['en', 'hi', 'ta', 'te', 'ml']... ta in keys: True
[DEBUG] IndicTrans call: src=eng_Latn (en), tgt=hin_Deva (hi), text='At the gate of a toa...'
[DEBUG] FLORES keys: ['en', 'hi', 'ta', 'te', 'ml']... ta in keys: True
[DEBUG] IndicTrans call: src=eng_Latn (en), tgt=hin_Deva (hi), text='At the gate of a toa...'
[DEBUG] FLORES keys: ['en', 'hi', 'ta', 'te', 'ml']... ta in keys: True
[DEBUG] IndicTrans call: src=eng_Latn (en), tgt=hin_Deva (hi), text='Etiquette of a toast...'
[DEBUG] FLORES keys: ['en', 'hi', 'ta', 'te', 'ml']... ta in keys: True
[DEBUG] IndicTrans call: src=eng_Latn (en), tgt=hin_Deva (hi), text='Atticate of a toast ...'
[DEBUG] FLORES keys: ['en', 'hi', 'ta', 'te', 'ml']... ta in keys: True
[DEBUG] IndicTrans call: src=eng_Latn (en), tgt=hin_Deva (hi), text='Atticate of a toast ...'
[DEBUG] FLORES keys: ['en', 'hi', 'ta', 'te', 'ml']... ta in keys: True
[DEBUG] IndicTrans call: src=eng_Latn (en), tgt=hin_Deva (hi), text='Atticate of a toast ...'
[DEBUG] FLORES keys: ['en', 'hi', 'ta', 'te', 'ml']... ta in keys: True
[DEBUG] IndicTrans call: src=eng_Latn (en), tgt=hin_Deva (hi), text='White towel....'
[DEBUG] FLORES keys: ['en', 'hi', 'ta', 'te', 'ml']... ta in keys: True
[DEBUG] IndicTrans call: src=eng_Latn (en), tgt=hin_Deva (hi), text='Quite true, the myth...'
[DEBUG] FLORES keys: ['en', 'hi', 'ta', 'te', 'ml']... ta in keys: True
[DEBUG] IndicTrans call: src=eng_Latn (en), tgt=hin_Deva (hi), text='Good morning....'
[DEBUG] FLORES keys: ['en', 'hi', 'ta', 'te', 'ml']... ta in keys: True
[DEBUG] IndicTrans call: src=eng_Latn (en), tgt=hin_Deva (hi), text='Good audio...'
[DEBUG] FLORES keys: ['en', 'hi', 'ta', 'te', 'ml']... ta in keys: True
[DEBUG] IndicTrans call: src=eng_Latn (en), tgt=hin_Deva (hi), text='Good audio.  Hit it....'
[DEBUG] FLORES keys: ['en', 'hi', 'ta', 'te', 'ml']... ta in keys: True
[DEBUG] IndicTrans call: src=eng_Latn (en), tgt=hin_Deva (hi), text='Good audio.  Keep it...'
[DEBUG] FLORES keys: ['en', 'hi', 'ta', 'te', 'ml']... ta in keys: True
[DEBUG] IndicTrans call: src=eng_Latn (en), tgt=hin_Deva (hi), text='Good audio.  Keep it...'
[DEBUG] FLORES keys: ['en', 'hi', 'ta', 'te', 'ml']... ta in keys: True
[DEBUG] IndicTrans call: src=eng_Latn (en), tgt=hin_Deva (hi), text='And no......'
[DEBUG] FLORES keys: ['en', 'hi', 'ta', 'te', 'ml']... ta in keys: True
[DEBUG] IndicTrans call: src=eng_Latn (en), tgt=hin_Deva (hi), text='And now we are ready...'
[DEBUG] FLORES keys: ['en', 'hi', 'ta', 'te', 'ml']... ta in keys: True
[DEBUG] IndicTrans call: src=eng_Latn (en), tgt=hin_Deva (hi), text='And now we are ready...'
[DEBUG] FLORES keys: ['en', 'hi', 'ta', 'te', 'ml']... ta in keys: True
[DEBUG] IndicTrans call: src=eng_Latn (en), tgt=hin_Deva (hi), text='And now we are ready...'
[DEBUG] FLORES keys: ['en', 'hi', 'ta', 'te', 'ml']... ta in keys: True
[DEBUG] IndicTrans call: src=eng_Latn (en), tgt=hin_Deva (hi), text='And now we are ready...'
[DEBUG] FLORES keys: ['en', 'hi', 'ta', 'te', 'ml']... ta in keys: True
[DEBUG] IndicTrans call: src=eng_Latn (en), tgt=hin_Deva (hi), text='And now we are ready...'
[DEBUG] FLORES keys: ['en', 'hi', 'ta', 'te', 'ml']... ta in keys: True
[DEBUG] IndicTrans call: src=eng_Latn (en), tgt=hin_Deva (hi), text='And now we are ready...'
[DEBUG] FLORES keys: ['en', 'hi', 'ta', 'te', 'ml']... ta in keys: True
[DEBUG] IndicTrans call: src=eng_Latn (en), tgt=hin_Deva (hi), text='And now we are ready...'
[DEBUG] FLORES keys: ['en', 'hi', 'ta', 'te', 'ml']... ta in keys: True
[DEBUG] IndicTrans call: src=eng_Latn (en), tgt=hin_Deva (hi), text='And now we are ready...'
[DEBUG] FLORES keys: ['en', 'hi', 'ta', 'te', 'ml']... ta in keys: True
[DEBUG] IndicTrans call: src=eng_Latn (en), tgt=hin_Deva (hi), text='You...'
[DEBUG] FLORES keys: ['en', 'hi', 'ta', 'te', 'ml']... ta in keys: True
[DEBUG] IndicTrans call: src=eng_Latn (en), tgt=hin_Deva (hi), text='If you are new...'
[DEBUG] FLORES keys: ['en', 'hi', 'ta', 'te', 'ml']... ta in keys: True
[DEBUG] IndicTrans call: src=eng_Latn (en), tgt=hin_Deva (hi), text='If you are using off...'
[DEBUG] FLORES keys: ['en', 'hi', 'ta', 'te', 'ml']... ta in keys: True
[DEBUG] IndicTrans call: src=eng_Latn (en), tgt=hin_Deva (hi), text='If you are using a p...'
[DEBUG] FLORES keys: ['en', 'hi', 'ta', 'te', 'ml']... ta in keys: True
[DEBUG] IndicTrans call: src=eng_Latn (en), tgt=hin_Deva (hi), text='If you are using a p...'
[DEBUG] FLORES keys: ['en', 'hi', 'ta', 'te', 'ml']... ta in keys: True
[DEBUG] IndicTrans call: src=eng_Latn (en), tgt=hin_Deva (hi), text='If you are using a p...'
[DEBUG] FLORES keys: ['en', 'hi', 'ta', 'te', 'ml']... ta in keys: True
[DEBUG] IndicTrans call: src=eng_Latn (en), tgt=hin_Deva (hi), text='If you are using a p...'
[DEBUG] FLORES keys: ['en', 'hi', 'ta', 'te', 'ml']... ta in keys: True
[DEBUG] IndicTrans call: src=eng_Latn (en), tgt=hin_Deva (hi), text='If you are using a p...'
[DEBUG] FLORES keys: ['en', 'hi', 'ta', 'te', 'ml']... ta in keys: True
[DEBUG] IndicTrans call: src=eng_Latn (en), tgt=hin_Deva (hi), text='If you are using a p...'
[DEBUG] FLORES keys: ['en', 'hi', 'ta', 'te', 'ml']... ta in keys: True
[DEBUG] IndicTrans call: src=eng_Latn (en), tgt=hin_Deva (hi), text='If you are using a p...'
[DEBUG] FLORES keys: ['en', 'hi', 'ta', 'te', 'ml']... ta in keys: True
[DEBUG] IndicTrans call: src=eng_Latn (en), tgt=hin_Deva (hi), text='If you are using a p...'
[DEBUG] FLORES keys: ['en', 'hi', 'ta', 'te', 'ml']... ta in keys: True
[DEBUG] IndicTrans call: src=eng_Latn (en), tgt=hin_Deva (hi), text='If you are using a p...'
[DEBUG] FLORES keys: ['en', 'hi', 'ta', 'te', 'ml']... ta in keys: True
[DEBUG] IndicTrans call: src=eng_Latn (en), tgt=hin_Deva (hi), text='If you are using a p...'
[DEBUG] FLORES keys: ['en', 'hi', 'ta', 'te', 'ml']... ta in keys: True
[DEBUG] IndicTrans call: src=eng_Latn (en), tgt=hin_Deva (hi), text='If you are using a p...'
[DEBUG] FLORES keys: ['en', 'hi', 'ta', 'te', 'ml']... ta in keys: True
[DEBUG] IndicTrans call: src=eng_Latn (en), tgt=hin_Deva (hi), text='If you are using a p...'
[DEBUG] FLORES keys: ['en', 'hi', 'ta', 'te', 'ml']... ta in keys: True
[DEBUG] IndicTrans call: src=eng_Latn (en), tgt=hin_Deva (hi), text='Great works....'
[DEBUG] FLORES keys: ['en', 'hi', 'ta', 'te', 'ml']... ta in keys: True
[DEBUG] IndicTrans call: src=eng_Latn (en), tgt=hin_Deva (hi), text='Triforce that you ge...'
[DEBUG] FLORES keys: ['en', 'hi', 'ta', 'te', 'ml']... ta in keys: True
[DEBUG] IndicTrans call: src=eng_Latn (en), tgt=hin_Deva (hi), text='Right or said you ge...'
[DEBUG] FLORES keys: ['en', 'hi', 'ta', 'te', 'ml']... ta in keys: True
[DEBUG] IndicTrans call: src=eng_Latn (en), tgt=hin_Deva (hi), text='Right or said you ge...'
[DEBUG] FLORES keys: ['en', 'hi', 'ta', 'te', 'ml']... ta in keys: True
[DEBUG] IndicTrans call: src=eng_Latn (en), tgt=hin_Deva (hi), text='Try or set your dept...'
[DEBUG] FLORES keys: ['en', 'hi', 'ta', 'te', 'ml']... ta in keys: True
[DEBUG] IndicTrans call: src=eng_Latn (en), tgt=hin_Deva (hi), text='Try or set your dept...'
[DEBUG] FLORES keys: ['en', 'hi', 'ta', 'te', 'ml']... ta in keys: True
[DEBUG] IndicTrans call: src=eng_Latn (en), tgt=hin_Deva (hi), text='Try or set you get t...'
[DEBUG] FLORES keys: ['en', 'hi', 'ta', 'te', 'ml']... ta in keys: True
[DEBUG] IndicTrans call: src=eng_Latn (en), tgt=hin_Deva (hi), text='Keep talking....'
[DEBUG] FLORES keys: ['en', 'hi', 'ta', 'te', 'ml']... ta in keys: True
[DEBUG] IndicTrans call: src=eng_Latn (en), tgt=hin_Deva (hi), text='Keep that in front o...'
[DEBUG] FLORES keys: ['en', 'hi', 'ta', 'te', 'ml']... ta in keys: True
[DEBUG] IndicTrans call: src=eng_Latn (en), tgt=hin_Deva (hi), text='Keep that in front o...'
[DEBUG] FLORES keys: ['en', 'hi', 'ta', 'te', 'ml']... ta in keys: True
[DEBUG] IndicTrans call: src=eng_Latn (en), tgt=hin_Deva (hi), text='Keep that in front o...'
[DEBUG] FLORES keys: ['en', 'hi', 'ta', 'te', 'ml']... ta in keys: True
[DEBUG] IndicTrans call: src=eng_Latn (en), tgt=hin_Deva (hi), text='Keep that in front o...'
[DEBUG] FLORES keys: ['en', 'hi', 'ta', 'te', 'ml']... ta in keys: True
[DEBUG] IndicTrans call: src=eng_Latn (en), tgt=hin_Deva (hi), text='Keep that in front o...'
[DEBUG] FLORES keys: ['en', 'hi', 'ta', 'te', 'ml']... ta in keys: True
[DEBUG] IndicTrans call: src=eng_Latn (en), tgt=hin_Deva (hi), text='Keep that in front o...'
[DEBUG] FLORES keys: ['en', 'hi', 'ta', 'te', 'ml']... ta in keys: True
[DEBUG] IndicTrans call: src=eng_Latn (en), tgt=hin_Deva (hi), text='Keep that in front o...'
[DEBUG] FLORES keys: ['en', 'hi', 'ta', 'te', 'ml']... ta in keys: True
[DEBUG] IndicTrans call: src=eng_Latn (en), tgt=hin_Deva (hi), text='Keep that in front o...'
[DEBUG] FLORES keys: ['en', 'hi', 'ta', 'te', 'ml']... ta in keys: True
[DEBUG] IndicTrans call: src=eng_Latn (en), tgt=hin_Deva (hi), text='Keep that in front o...'
[DEBUG] FLORES keys: ['en', 'hi', 'ta', 'te', 'ml']... ta in keys: True
[DEBUG] IndicTrans call: src=eng_Latn (en), tgt=hin_Deva (hi), text='Keep that in front o...'
[DEBUG] FLORES keys: ['en', 'hi', 'ta', 'te', 'ml']... ta in keys: True
[DEBUG] IndicTrans call: src=eng_Latn (en), tgt=hin_Deva (hi), text='Keep that in front o...'
[DEBUG] FLORES keys: ['en', 'hi', 'ta', 'te', 'ml']... ta in keys: True
[DEBUG] IndicTrans call: src=eng_Latn (en), tgt=hin_Deva (hi), text='Keep that in front o...'
[DEBUG] FLORES keys: ['en', 'hi', 'ta', 'te', 'ml']... ta in keys: True
[DEBUG] IndicTrans call: src=eng_Latn (en), tgt=hin_Deva (hi), text='keep that in front o...'
[DEBUG] FLORES keys: ['en', 'hi', 'ta', 'te', 'ml']... ta in keys: True
[DEBUG] IndicTrans call: src=eng_Latn (en), tgt=hin_Deva (hi), text='keep that in front o...'
[DEBUG] FLORES keys: ['en', 'hi', 'ta', 'te', 'ml']... ta in keys: True
[DEBUG] IndicTrans call: src=eng_Latn (en), tgt=hin_Deva (hi), text='keep that in front o...'
[DEBUG] FLORES keys: ['en', 'hi', 'ta', 'te', 'ml']... ta in keys: True
[DEBUG] IndicTrans call: src=eng_Latn (en), tgt=hin_Deva (hi), text='keep that in front o...'
[DEBUG] FLORES keys: ['en', 'hi', 'ta', 'te', 'ml']... ta in keys: True
[DEBUG] IndicTrans call: src=eng_Latn (en), tgt=hin_Deva (hi), text='keep that in front o...'
[DEBUG] FLORES keys: ['en', 'hi', 'ta', 'te', 'ml']... ta in keys: True
[DEBUG] IndicTrans call: src=eng_Latn (en), tgt=hin_Deva (hi), text='What the hell?...'
[DEBUG] FLORES keys: ['en', 'hi', 'ta', 'te', 'ml']... ta in keys: True
[DEBUG] IndicTrans call: src=eng_Latn (en), tgt=hin_Deva (hi), text='Ready, clear.  Fourt...'
[DEBUG] FLORES keys: ['en', 'hi', 'ta', 'te', 'ml']... ta in keys: True
[DEBUG] IndicTrans call: src=eng_Latn (en), tgt=hin_Deva (hi), text='Ready, clear, board ...'
[DEBUG] FLORES keys: ['en', 'hi', 'ta', 'te', 'ml']... ta in keys: True
[DEBUG] IndicTrans call: src=eng_Latn (en), tgt=hin_Deva (hi), text='very clear, more aud...'
[DEBUG] FLORES keys: ['en', 'hi', 'ta', 'te', 'ml']... ta in keys: True
[DEBUG] IndicTrans call: src=eng_Latn (en), tgt=hin_Deva (hi), text='very clear, more aud...'
[DEBUG] FLORES keys: ['en', 'hi', 'ta', 'te', 'ml']... ta in keys: True
[DEBUG] IndicTrans call: src=eng_Latn (en), tgt=hin_Deva (hi), text='Very clear, fourth a...'
[DEBUG] FLORES keys: ['en', 'hi', 'ta', 'te', 'ml']... ta in keys: True
[DEBUG] IndicTrans call: src=eng_Latn (en), tgt=hin_Deva (hi), text='No....'
[DEBUG] FLORES keys: ['en', 'hi', 'ta', 'te', 'ml']... ta in keys: True
[DEBUG] IndicTrans call: src=eng_Latn (en), tgt=hin_Deva (hi), text='So, no, the Porsche....'
[DEBUG] FLORES keys: ['en', 'hi', 'ta', 'te', 'ml']... ta in keys: True
[DEBUG] IndicTrans call: src=eng_Latn (en), tgt=hin_Deva (hi), text='No, the post on me....'
[DEBUG] FLORES keys: ['en', 'hi', 'ta', 'te', 'ml']... ta in keys: True
[DEBUG] IndicTrans call: src=eng_Latn (en), tgt=hin_Deva (hi), text='No, the post in the ...'
[DEBUG] FLORES keys: ['en', 'hi', 'ta', 'te', 'ml']... ta in keys: True
[DEBUG] IndicTrans call: src=eng_Latn (en), tgt=hin_Deva (hi), text='No, the question bec...'
[DEBUG] FLORES keys: ['en', 'hi', 'ta', 'te', 'ml']... ta in keys: True
[DEBUG] IndicTrans call: src=eng_Latn (en), tgt=hin_Deva (hi), text='Now, the question be...'
[DEBUG] FLORES keys: ['en', 'hi', 'ta', 'te', 'ml']... ta in keys: True
[DEBUG] IndicTrans call: src=eng_Latn (en), tgt=hin_Deva (hi), text='Now, the question be...'
[DEBUG] FLORES keys: ['en', 'hi', 'ta', 'te', 'ml']... ta in keys: True
[DEBUG] IndicTrans call: src=eng_Latn (en), tgt=hin_Deva (hi), text='Detail work....'
[DEBUG] FLORES keys: ['en', 'hi', 'ta', 'te', 'ml']... ta in keys: True
[DEBUG] IndicTrans call: src=eng_Latn (en), tgt=hin_Deva (hi), text='Let him work for us....'
[DEBUG] FLORES keys: ['en', 'hi', 'ta', 'te', 'ml']... ta in keys: True
[DEBUG] IndicTrans call: src=eng_Latn (en), tgt=hin_Deva (hi), text='Did you ever ask me ...'
[DEBUG] FLORES keys: ['en', 'hi', 'ta', 'te', 'ml']... ta in keys: True
[DEBUG] IndicTrans call: src=eng_Latn (en), tgt=hin_Deva (hi), text='Did you ever ask me ...'
[DEBUG] FLORES keys: ['en', 'hi', 'ta', 'te', 'ml']... ta in keys: True
[DEBUG] IndicTrans call: src=eng_Latn (en), tgt=hin_Deva (hi), text='Did you ever ask me ...'
[DEBUG] FLORES keys: ['en', 'hi', 'ta', 'te', 'ml']... ta in keys: True
[DEBUG] IndicTrans call: src=eng_Latn (en), tgt=hin_Deva (hi), text='Did you ever ask me ...'
[DEBUG] FLORES keys: ['en', 'hi', 'ta', 'te', 'ml']... ta in keys: True
[DEBUG] IndicTrans call: src=eng_Latn (en), tgt=hin_Deva (hi), text='DTM Waffer asked me ...'
[DEBUG] FLORES keys: ['en', 'hi', 'ta', 'te', 'ml']... ta in keys: True
[DEBUG] IndicTrans call: src=eng_Latn (en), tgt=hin_Deva (hi), text='DTM Waffer asked me ...'
[DEBUG] FLORES keys: ['en', 'hi', 'ta', 'te', 'ml']... ta in keys: True
[DEBUG] IndicTrans call: src=eng_Latn (en), tgt=hin_Deva (hi), text='for example....'
[DEBUG] FLORES keys: ['en', 'hi', 'ta', 'te', 'ml']... ta in keys: True
[DEBUG] IndicTrans call: src=eng_Latn (en), tgt=hin_Deva (hi), text='For example, Guto....'
[DEBUG] FLORES keys: ['en', 'hi', 'ta', 'te', 'ml']... ta in keys: True
[DEBUG] IndicTrans call: src=eng_Latn (en), tgt=hin_Deva (hi), text='For example, how do ...'
[DEBUG] FLORES keys: ['en', 'hi', 'ta', 'te', 'ml']... ta in keys: True
[DEBUG] IndicTrans call: src=eng_Latn (en), tgt=hin_Deva (hi), text='For example, Q2V, Fa...'
[DEBUG] FLORES keys: ['en', 'hi', 'ta', 'te', 'ml']... ta in keys: True
[DEBUG] IndicTrans call: src=eng_Latn (en), tgt=hin_Deva (hi), text='For example, Kutuve,...'
[DEBUG] FLORES keys: ['en', 'hi', 'ta', 'te', 'ml']... ta in keys: True
[DEBUG] IndicTrans call: src=eng_Latn (en), tgt=hin_Deva (hi), text='For example, Kutuve,...'
[DEBUG] FLORES keys: ['en', 'hi', 'ta', 'te', 'ml']... ta in keys: True
[DEBUG] IndicTrans call: src=eng_Latn (en), tgt=hin_Deva (hi), text='For example, Kutuve,...'
[DEBUG] FLORES keys: ['en', 'hi', 'ta', 'te', 'ml']... ta in keys: True
[DEBUG] IndicTrans call: src=eng_Latn (en), tgt=hin_Deva (hi), text='For example, Kutu ve...'
[DEBUG] FLORES keys: ['en', 'hi', 'ta', 'te', 'ml']... ta in keys: True
[DEBUG] IndicTrans call: src=eng_Latn (en), tgt=hin_Deva (hi), text='For example, Guto-Ve...'
[DEBUG] FLORES keys: ['en', 'hi', 'ta', 'te', 'ml']... ta in keys: True
[DEBUG] IndicTrans call: src=eng_Latn (en), tgt=hin_Deva (hi), text='for example, Guto Vi...'
[DEBUG] FLORES keys: ['en', 'hi', 'ta', 'te', 'ml']... ta in keys: True
[DEBUG] IndicTrans call: src=eng_Latn (en), tgt=hin_Deva (hi), text='For example, Guto We...'
[DEBUG] FLORES keys: ['en', 'hi', 'ta', 'te', 'ml']... ta in keys: True
[DEBUG] IndicTrans call: src=eng_Latn (en), tgt=hin_Deva (hi), text='For example, Guto Ve...'
[DEBUG] FLORES keys: ['en', 'hi', 'ta', 'te', 'ml']... ta in keys: True
[DEBUG] IndicTrans call: src=eng_Latn (en), tgt=hin_Deva (hi), text='For example, Guto Ve...'
[DEBUG] FLORES keys: ['en', 'hi', 'ta', 'te', 'ml']... ta in keys: True
[DEBUG] IndicTrans call: src=eng_Latn (en), tgt=hin_Deva (hi), text='For example, Guto Ve...'
[DEBUG] FLORES keys: ['en', 'hi', 'ta', 'te', 'ml']... ta in keys: True
[DEBUG] IndicTrans call: src=eng_Latn (en), tgt=hin_Deva (hi), text='and the movie...'
[DEBUG] FLORES keys: ['en', 'hi', 'ta', 'te', 'ml']... ta in keys: True
[DEBUG] IndicTrans call: src=eng_Latn (en), tgt=hin_Deva (hi), text='Antivision...'
[DEBUG] FLORES keys: ['en', 'hi', 'ta', 'te', 'ml']... ta in keys: True
[DEBUG] IndicTrans call: src=eng_Latn (en), tgt=hin_Deva (hi), text='Antivision, why?...'
[DEBUG] FLORES keys: ['en', 'hi', 'ta', 'te', 'ml']... ta in keys: True
[DEBUG] IndicTrans call: src=eng_Latn (en), tgt=hin_Deva (hi), text='Can't you listen? Wh...'
[DEBUG] FLORES keys: ['en', 'hi', 'ta', 'te', 'ml']... ta in keys: True
[DEBUG] IndicTrans call: src=eng_Latn (en), tgt=hin_Deva (hi), text='And the reason why a...'
[DEBUG] FLORES keys: ['en', 'hi', 'ta', 'te', 'ml']... ta in keys: True
[DEBUG] IndicTrans call: src=eng_Latn (en), tgt=hin_Deva (hi), text='And the reason why a...'
[DEBUG] FLORES keys: ['en', 'hi', 'ta', 'te', 'ml']... ta in keys: True
[DEBUG] IndicTrans call: src=eng_Latn (en), tgt=hin_Deva (hi), text='And the reason why a...'
[DEBUG] FLORES keys: ['en', 'hi', 'ta', 'te', 'ml']... ta in keys: True
[DEBUG] IndicTrans call: src=eng_Latn (en), tgt=hin_Deva (hi), text='And the reason why a...'
[DEBUG] FLORES keys: ['en', 'hi', 'ta', 'te', 'ml']... ta in keys: True
[DEBUG] IndicTrans call: src=eng_Latn (en), tgt=hin_Deva (hi), text='And the reason why a...'
[DEBUG] FLORES keys: ['en', 'hi', 'ta', 'te', 'ml']... ta in keys: True
[DEBUG] IndicTrans call: src=eng_Latn (en), tgt=hin_Deva (hi), text='And the reason why a...'
[DEBUG] FLORES keys: ['en', 'hi', 'ta', 'te', 'ml']... ta in keys: True
[DEBUG] IndicTrans call: src=eng_Latn (en), tgt=hin_Deva (hi), text='And the reason why a...'
[DEBUG] FLORES keys: ['en', 'hi', 'ta', 'te', 'ml']... ta in keys: True
[DEBUG] IndicTrans call: src=eng_Latn (en), tgt=hin_Deva (hi), text='You...'
[DEBUG] FLORES keys: ['en', 'hi', 'ta', 'te', 'ml']... ta in keys: True
[DEBUG] IndicTrans call: src=eng_Latn (en), tgt=hin_Deva (hi), text='You...'
[DEBUG] FLORES keys: ['en', 'hi', 'ta', 'te', 'ml']... ta in keys: True
[DEBUG] IndicTrans call: src=eng_Latn (en), tgt=hin_Deva (hi), text='Use salt as a-...'
[DEBUG] FLORES keys: ['en', 'hi', 'ta', 'te', 'ml']... ta in keys: True
[DEBUG] IndicTrans call: src=eng_Latn (en), tgt=hin_Deva (hi), text='Use salt is because....'
[DEBUG] FLORES keys: ['en', 'hi', 'ta', 'te', 'ml']... ta in keys: True
[DEBUG] IndicTrans call: src=eng_Latn (en), tgt=hin_Deva (hi), text='Use sword is because...'
[DEBUG] FLORES keys: ['en', 'hi', 'ta', 'te', 'ml']... ta in keys: True
[DEBUG] IndicTrans call: src=eng_Latn (en), tgt=hin_Deva (hi), text='Use salt is because ...'
[DEBUG] FLORES keys: ['en', 'hi', 'ta', 'te', 'ml']... ta in keys: True
[DEBUG] IndicTrans call: src=eng_Latn (en), tgt=hin_Deva (hi), text='Use sword is because...'
[DEBUG] FLORES keys: ['en', 'hi', 'ta', 'te', 'ml']... ta in keys: True
[DEBUG] IndicTrans call: src=eng_Latn (en), tgt=hin_Deva (hi), text='Use sword is because...'
[DEBUG] FLORES keys: ['en', 'hi', 'ta', 'te', 'ml']... ta in keys: True
[DEBUG] IndicTrans call: src=eng_Latn (en), tgt=hin_Deva (hi), text='Use sword is because...'
[DEBUG] FLORES keys: ['en', 'hi', 'ta', 'te', 'ml']... ta in keys: True
[DEBUG] IndicTrans call: src=eng_Latn (en), tgt=hin_Deva (hi), text='Use sword is because...'
[DEBUG] FLORES keys: ['en', 'hi', 'ta', 'te', 'ml']... ta in keys: True
[DEBUG] IndicTrans call: src=eng_Latn (en), tgt=hin_Deva (hi), text='Use sword is because...'
[DEBUG] FLORES keys: ['en', 'hi', 'ta', 'te', 'ml']... ta in keys: True
[DEBUG] IndicTrans call: src=eng_Latn (en), tgt=hin_Deva (hi), text='Use sword is because...'
[DEBUG] FLORES keys: ['en', 'hi', 'ta', 'te', 'ml']... ta in keys: True
[DEBUG] IndicTrans call: src=eng_Latn (en), tgt=hin_Deva (hi), text='Use sword is because...'
[DEBUG] FLORES keys: ['en', 'hi', 'ta', 'te', 'ml']... ta in keys: True
[DEBUG] IndicTrans call: src=eng_Latn (en), tgt=hin_Deva (hi), text='Use sword is because...'
[DEBUG] FLORES keys: ['en', 'hi', 'ta', 'te', 'ml']... ta in keys: True
[DEBUG] IndicTrans call: src=eng_Latn (en), tgt=hin_Deva (hi), text='Use sword is because...'
[DEBUG] FLORES keys: ['en', 'hi', 'ta', 'te', 'ml']... ta in keys: True
[DEBUG] IndicTrans call: src=eng_Latn (en), tgt=hin_Deva (hi), text='Use sword is because...'
[DEBUG] FLORES keys: ['en', 'hi', 'ta', 'te', 'ml']... ta in keys: True
[DEBUG] IndicTrans call: src=eng_Latn (en), tgt=hin_Deva (hi), text='Use sword is because...'
[DEBUG] FLORES keys: ['en', 'hi', 'ta', 'te', 'ml']... ta in keys: True
[DEBUG] IndicTrans call: src=eng_Latn (en), tgt=hin_Deva (hi), text='Use sword is because...'
[DEBUG] FLORES keys: ['en', 'hi', 'ta', 'te', 'ml']... ta in keys: True
[DEBUG] IndicTrans call: src=eng_Latn (en), tgt=hin_Deva (hi), text='Use sword is because...'
[DEBUG] FLORES keys: ['en', 'hi', 'ta', 'te', 'ml']... ta in keys: True
[DEBUG] IndicTrans call: src=eng_Latn (en), tgt=hin_Deva (hi), text='Use sword is because...'
[DEBUG] FLORES keys: ['en', 'hi', 'ta', 'te', 'ml']... ta in keys: True
[DEBUG] IndicTrans call: src=eng_Latn (en), tgt=hin_Deva (hi), text='Use sword is because...'
[DEBUG] FLORES keys: ['en', 'hi', 'ta', 'te', 'ml']... ta in keys: True
[DEBUG] IndicTrans call: src=eng_Latn (en), tgt=hin_Deva (hi), text='to use sword is beca...'
[DEBUG] FLORES keys: ['en', 'hi', 'ta', 'te', 'ml']... ta in keys: True
[DEBUG] IndicTrans call: src=eng_Latn (en), tgt=hin_Deva (hi), text='use so is because it...'
[DEBUG] FLORES keys: ['en', 'hi', 'ta', 'te', 'ml']... ta in keys: True
[DEBUG] IndicTrans call: src=eng_Latn (en), tgt=hin_Deva (hi), text='train houses of peop...'
[DEBUG] FLORES keys: ['en', 'hi', 'ta', 'te', 'ml']... ta in keys: True
[DEBUG] IndicTrans call: src=eng_Latn (en), tgt=hin_Deva (hi), text='To train thousands o...'
[DEBUG] FLORES keys: ['en', 'hi', 'ta', 'te', 'ml']... ta in keys: True
[DEBUG] IndicTrans call: src=eng_Latn (en), tgt=hin_Deva (hi), text='I would have been wa...'
[DEBUG] FLORES keys: ['en', 'hi', 'ta', 'te', 'ml']... ta in keys: True
[DEBUG] IndicTrans call: src=eng_Latn (en), tgt=hin_Deva (hi), text='I would have invited...'
[DEBUG] FLORES keys: ['en', 'hi', 'ta', 'te', 'ml']... ta in keys: True
[DEBUG] IndicTrans call: src=eng_Latn (en), tgt=hin_Deva (hi), text='I would have invited...'
[DEBUG] FLORES keys: ['en', 'hi', 'ta', 'te', 'ml']... ta in keys: True
[DEBUG] IndicTrans call: src=eng_Latn (en), tgt=hin_Deva (hi), text='I would have invited...'
[DEBUG] FLORES keys: ['en', 'hi', 'ta', 'te', 'ml']... ta in keys: True
[DEBUG] IndicTrans call: src=eng_Latn (en), tgt=hin_Deva (hi), text='I could have invited...'
[DEBUG] FLORES keys: ['en', 'hi', 'ta', 'te', 'ml']... ta in keys: True
[DEBUG] IndicTrans call: src=eng_Latn (en), tgt=hin_Deva (hi), text='I could have invited...'
[DEBUG] FLORES keys: ['en', 'hi', 'ta', 'te', 'ml']... ta in keys: True
[DEBUG] IndicTrans call: src=eng_Latn (en), tgt=hin_Deva (hi), text='I would have invited...'
[DEBUG] FLORES keys: ['en', 'hi', 'ta', 'te', 'ml']... ta in keys: True
[DEBUG] IndicTrans call: src=eng_Latn (en), tgt=hin_Deva (hi), text='I would have invited...'
[DEBUG] FLORES keys: ['en', 'hi', 'ta', 'te', 'ml']... ta in keys: True
[DEBUG] IndicTrans call: src=eng_Latn (en), tgt=hin_Deva (hi), text='I would have invited...'
[DEBUG] FLORES keys: ['en', 'hi', 'ta', 'te', 'ml']... ta in keys: True
[DEBUG] IndicTrans call: src=eng_Latn (en), tgt=hin_Deva (hi), text='I would have invited...'
[DEBUG] FLORES keys: ['en', 'hi', 'ta', 'te', 'ml']... ta in keys: True
[DEBUG] IndicTrans call: src=eng_Latn (en), tgt=hin_Deva (hi), text='I would have invited...'
[DEBUG] FLORES keys: ['en', 'hi', 'ta', 'te', 'ml']... ta in keys: True
[DEBUG] IndicTrans call: src=eng_Latn (en), tgt=hin_Deva (hi), text='Um...'
[DEBUG] FLORES keys: ['en', 'hi', 'ta', 'te', 'ml']... ta in keys: True
[DEBUG] IndicTrans call: src=eng_Latn (en), tgt=hin_Deva (hi), text='and for a female...'
[DEBUG] FLORES keys: ['en', 'hi', 'ta', 'te', 'ml']... ta in keys: True
[DEBUG] IndicTrans call: src=eng_Latn (en), tgt=hin_Deva (hi), text='and for a few more i...'
[DEBUG] FLORES keys: ['en', 'hi', 'ta', 'te', 'ml']... ta in keys: True
[DEBUG] IndicTrans call: src=eng_Latn (en), tgt=hin_Deva (hi), text='And, first thing, no...'
[DEBUG] FLORES keys: ['en', 'hi', 'ta', 'te', 'ml']... ta in keys: True
[DEBUG] IndicTrans call: src=eng_Latn (en), tgt=hin_Deva (hi), text='And Ferfino is not a...'
[DEBUG] FLORES keys: ['en', 'hi', 'ta', 'te', 'ml']... ta in keys: True
[DEBUG] IndicTrans call: src=eng_Latn (en), tgt=hin_Deva (hi), text='And Firthino is not ...'
[DEBUG] FLORES keys: ['en', 'hi', 'ta', 'te', 'ml']... ta in keys: True
[DEBUG] IndicTrans call: src=eng_Latn (en), tgt=hin_Deva (hi), text='And 13th hour is not...'
[DEBUG] FLORES keys: ['en', 'hi', 'ta', 'te', 'ml']... ta in keys: True
[DEBUG] IndicTrans call: src=eng_Latn (en), tgt=hin_Deva (hi), text='And 13th is not a go...'
[DEBUG] FLORES keys: ['en', 'hi', 'ta', 'te', 'ml']... ta in keys: True
[DEBUG] IndicTrans call: src=eng_Latn (en), tgt=hin_Deva (hi), text='And 13th is not a go...'
[DEBUG] FLORES keys: ['en', 'hi', 'ta', 'te', 'ml']... ta in keys: True
[DEBUG] IndicTrans call: src=eng_Latn (en), tgt=hin_Deva (hi), text='And Fairfinder is no...'
[DEBUG] FLORES keys: ['en', 'hi', 'ta', 'te', 'ml']... ta in keys: True
[DEBUG] IndicTrans call: src=eng_Latn (en), tgt=hin_Deva (hi), text='And Fairfinder is no...'
[DEBUG] FLORES keys: ['en', 'hi', 'ta', 'te', 'ml']... ta in keys: True
[DEBUG] IndicTrans call: src=eng_Latn (en), tgt=hin_Deva (hi), text='And Fairfinder is no...'
[DEBUG] FLORES keys: ['en', 'hi', 'ta', 'te', 'ml']... ta in keys: True
[DEBUG] IndicTrans call: src=eng_Latn (en), tgt=hin_Deva (hi), text='And Fairfinder is no...'
[DEBUG] FLORES keys: ['en', 'hi', 'ta', 'te', 'ml']... ta in keys: True
[DEBUG] IndicTrans call: src=eng_Latn (en), tgt=hin_Deva (hi), text='And Fairfinder is no...'
[DEBUG] FLORES keys: ['en', 'hi', 'ta', 'te', 'ml']... ta in keys: True
[DEBUG] IndicTrans call: src=eng_Latn (en), tgt=hin_Deva (hi), text='And Fairfinder is no...'
[DEBUG] FLORES keys: ['en', 'hi', 'ta', 'te', 'ml']... ta in keys: True
[DEBUG] IndicTrans call: src=eng_Latn (en), tgt=hin_Deva (hi), text='And Ferdinand is not...'
[DEBUG] FLORES keys: ['en', 'hi', 'ta', 'te', 'ml']... ta in keys: True
[DEBUG] IndicTrans call: src=eng_Latn (en), tgt=hin_Deva (hi), text='And Ferdinand is not...'
[DEBUG] FLORES keys: ['en', 'hi', 'ta', 'te', 'ml']... ta in keys: True
[DEBUG] IndicTrans call: src=eng_Latn (en), tgt=hin_Deva (hi), text='And Ferdinand is not...'
[DEBUG] FLORES keys: ['en', 'hi', 'ta', 'te', 'ml']... ta in keys: True
[DEBUG] IndicTrans call: src=eng_Latn (en), tgt=hin_Deva (hi), text='And Ferdinand is not...'
[DEBUG] FLORES keys: ['en', 'hi', 'ta', 'te', 'ml']... ta in keys: True
[DEBUG] IndicTrans call: src=eng_Latn (en), tgt=hin_Deva (hi), text='And Ferdinand is not...'
[DEBUG] FLORES keys: ['en', 'hi', 'ta', 'te', 'ml']... ta in keys: True
[DEBUG] IndicTrans call: src=eng_Latn (en), tgt=hin_Deva (hi), text='And Ferdinand is not...'
[DEBUG] FLORES keys: ['en', 'hi', 'ta', 'te', 'ml']... ta in keys: True
[DEBUG] IndicTrans call: src=eng_Latn (en), tgt=hin_Deva (hi), text='Video aspect of it i...'
[DEBUG] FLORES keys: ['en', 'hi', 'ta', 'te', 'ml']... ta in keys: True
[DEBUG] IndicTrans call: src=eng_Latn (en), tgt=hin_Deva (hi), text='Video aspect of it i...'
[DEBUG] FLORES keys: ['en', 'hi', 'ta', 'te', 'ml']... ta in keys: True
[DEBUG] IndicTrans call: src=eng_Latn (en), tgt=hin_Deva (hi), text='video aspect of it i...'
[DEBUG] FLORES keys: ['en', 'hi', 'ta', 'te', 'ml']... ta in keys: True
[DEBUG] IndicTrans call: src=eng_Latn (en), tgt=hin_Deva (hi), text='Video aspect of it i...'
[DEBUG] FLORES keys: ['en', 'hi', 'ta', 'te', 'ml']... ta in keys: True
[DEBUG] IndicTrans call: src=eng_Latn (en), tgt=hin_Deva (hi), text='Video aspect of it i...'
[DEBUG] FLORES keys: ['en', 'hi', 'ta', 'te', 'ml']... ta in keys: True
[DEBUG] IndicTrans call: src=eng_Latn (en), tgt=hin_Deva (hi), text='So...'
[DEBUG] FLORES keys: ['en', 'hi', 'ta', 'te', 'ml']... ta in keys: True
[DEBUG] IndicTrans call: src=eng_Latn (en), tgt=hin_Deva (hi), text='So, all my f-...'
[DEBUG] FLORES keys: ['en', 'hi', 'ta', 'te', 'ml']... ta in keys: True
[DEBUG] IndicTrans call: src=eng_Latn (en), tgt=hin_Deva (hi), text='So, I'm a field....'
[DEBUG] FLORES keys: ['en', 'hi', 'ta', 'te', 'ml']... ta in keys: True
[DEBUG] IndicTrans call: src=eng_Latn (en), tgt=hin_Deva (hi), text='So, I'm afraid...'
[DEBUG] FLORES keys: ['en', 'hi', 'ta', 'te', 'ml']... ta in keys: True
[DEBUG] IndicTrans call: src=eng_Latn (en), tgt=hin_Deva (hi), text='So, I'm a fear, thos...'
[DEBUG] FLORES keys: ['en', 'hi', 'ta', 'te', 'ml']... ta in keys: True
[DEBUG] IndicTrans call: src=eng_Latn (en), tgt=hin_Deva (hi), text='So, on the field, th...'
[DEBUG] FLORES keys: ['en', 'hi', 'ta', 'te', 'ml']... ta in keys: True
[DEBUG] IndicTrans call: src=eng_Latn (en), tgt=hin_Deva (hi), text='So, all my fuel, tho...'
[DEBUG] FLORES keys: ['en', 'hi', 'ta', 'te', 'ml']... ta in keys: True
[DEBUG] IndicTrans call: src=eng_Latn (en), tgt=hin_Deva (hi), text='So, all my fuel, tho...'
[DEBUG] FLORES keys: ['en', 'hi', 'ta', 'te', 'ml']... ta in keys: True
[DEBUG] IndicTrans call: src=eng_Latn (en), tgt=hin_Deva (hi), text='So, all my fuel, tho...'
[DEBUG] FLORES keys: ['en', 'hi', 'ta', 'te', 'ml']... ta in keys: True
[DEBUG] IndicTrans call: src=eng_Latn (en), tgt=hin_Deva (hi), text='So, all my fuel, tho...'
[DEBUG] FLORES keys: ['en', 'hi', 'ta', 'te', 'ml']... ta in keys: True
[DEBUG] IndicTrans call: src=eng_Latn (en), tgt=hin_Deva (hi), text='So all my fuel, thos...'
[DEBUG] FLORES keys: ['en', 'hi', 'ta', 'te', 'ml']... ta in keys: True
[DEBUG] IndicTrans call: src=eng_Latn (en), tgt=hin_Deva (hi), text='So all my fuel, thos...'
[DEBUG] FLORES keys: ['en', 'hi', 'ta', 'te', 'ml']... ta in keys: True
[DEBUG] IndicTrans call: src=eng_Latn (en), tgt=hin_Deva (hi), text='So all my fuel, thos...'
[DEBUG] FLORES keys: ['en', 'hi', 'ta', 'te', 'ml']... ta in keys: True
[DEBUG] IndicTrans call: src=eng_Latn (en), tgt=hin_Deva (hi), text='So all my fuel, thos...'
[DEBUG] FLORES keys: ['en', 'hi', 'ta', 'te', 'ml']... ta in keys: True
[DEBUG] IndicTrans call: src=eng_Latn (en), tgt=hin_Deva (hi), text='So all my fuel, thos...'
[DEBUG] FLORES keys: ['en', 'hi', 'ta', 'te', 'ml']... ta in keys: True
[DEBUG] IndicTrans call: src=eng_Latn (en), tgt=hin_Deva (hi), text='So, all my fuel, tho...'
[DEBUG] FLORES keys: ['en', 'hi', 'ta', 'te', 'ml']... ta in keys: True
[DEBUG] IndicTrans call: src=eng_Latn (en), tgt=hin_Deva (hi), text='So, all my fuel, tho...'
[DEBUG] FLORES keys: ['en', 'hi', 'ta', 'te', 'ml']... ta in keys: True
[DEBUG] IndicTrans call: src=eng_Latn (en), tgt=hin_Deva (hi), text='So all the fuel thos...'
[DEBUG] FLORES keys: ['en', 'hi', 'ta', 'te', 'ml']... ta in keys: True
[DEBUG] IndicTrans call: src=eng_Latn (en), tgt=hin_Deva (hi), text='So all my fuel, thos...'
[DEBUG] FLORES keys: ['en', 'hi', 'ta', 'te', 'ml']... ta in keys: True
[DEBUG] IndicTrans call: src=eng_Latn (en), tgt=hin_Deva (hi), text='Okay....'
[DEBUG] FLORES keys: ['en', 'hi', 'ta', 'te', 'ml']... ta in keys: True
[DEBUG] IndicTrans call: src=eng_Latn (en), tgt=hin_Deva (hi), text='by the means of heal...'
[DEBUG] FLORES keys: ['en', 'hi', 'ta', 'te', 'ml']... ta in keys: True
[DEBUG] IndicTrans call: src=eng_Latn (en), tgt=hin_Deva (hi), text='and by the way, so I...'
[DEBUG] FLORES keys: ['en', 'hi', 'ta', 'te', 'ml']... ta in keys: True
[DEBUG] IndicTrans call: src=eng_Latn (en), tgt=hin_Deva (hi), text='And by the way, so I...'
[DEBUG] FLORES keys: ['en', 'hi', 'ta', 'te', 'ml']... ta in keys: True
[DEBUG] IndicTrans call: src=eng_Latn (en), tgt=hin_Deva (hi), text='And by the way, it w...'
[DEBUG] FLORES keys: ['en', 'hi', 'ta', 'te', 'ml']... ta in keys: True
[DEBUG] IndicTrans call: src=eng_Latn (en), tgt=hin_Deva (hi), text='And by the way, so I...'
[DEBUG] FLORES keys: ['en', 'hi', 'ta', 'te', 'ml']... ta in keys: True
[DEBUG] IndicTrans call: src=eng_Latn (en), tgt=hin_Deva (hi), text='And by the way, if y...'
[DEBUG] FLORES keys: ['en', 'hi', 'ta', 'te', 'ml']... ta in keys: True
[DEBUG] IndicTrans call: src=eng_Latn (en), tgt=hin_Deva (hi), text='And by the way, if w...'
[DEBUG] FLORES keys: ['en', 'hi', 'ta', 'te', 'ml']... ta in keys: True
[DEBUG] IndicTrans call: src=eng_Latn (en), tgt=hin_Deva (hi), text='And by the way, if y...'
[DEBUG] FLORES keys: ['en', 'hi', 'ta', 'te', 'ml']... ta in keys: True
[DEBUG] IndicTrans call: src=eng_Latn (en), tgt=hin_Deva (hi), text='and by the way, if y...'
[DEBUG] FLORES keys: ['en', 'hi', 'ta', 'te', 'ml']... ta in keys: True
[DEBUG] IndicTrans call: src=eng_Latn (en), tgt=hin_Deva (hi), text='I'll have to make a ...'
[DEBUG] FLORES keys: ['en', 'hi', 'ta', 'te', 'ml']... ta in keys: True
[DEBUG] IndicTrans call: src=eng_Latn (en), tgt=hin_Deva (hi), text='I'll be sure have no...'
[DEBUG] FLORES keys: ['en', 'hi', 'ta', 'te', 'ml']... ta in keys: True
[DEBUG] IndicTrans call: src=eng_Latn (en), tgt=hin_Deva (hi), text='I will be sharing th...'
[DEBUG] FLORES keys: ['en', 'hi', 'ta', 'te', 'ml']... ta in keys: True
[DEBUG] IndicTrans call: src=eng_Latn (en), tgt=hin_Deva (hi), text='I will be sharing th...'
[DEBUG] FLORES keys: ['en', 'hi', 'ta', 'te', 'ml']... ta in keys: True
[DEBUG] IndicTrans call: src=eng_Latn (en), tgt=hin_Deva (hi), text='and by the way if yo...'
[DEBUG] FLORES keys: ['en', 'hi', 'ta', 'te', 'ml']... ta in keys: True
[DEBUG] IndicTrans call: src=eng_Latn (en), tgt=hin_Deva (hi), text='I will be sharing th...'
[DEBUG] FLORES keys: ['en', 'hi', 'ta', 'te', 'ml']... ta in keys: True
[DEBUG] IndicTrans call: src=eng_Latn (en), tgt=hin_Deva (hi), text='I will be sharing th...'
[DEBUG] FLORES keys: ['en', 'hi', 'ta', 'te', 'ml']... ta in keys: True
[DEBUG] IndicTrans call: src=eng_Latn (en), tgt=hin_Deva (hi), text='but don't...'
[DEBUG] FLORES keys: ['en', 'hi', 'ta', 'te', 'ml']... ta in keys: True
[DEBUG] IndicTrans call: src=eng_Latn (en), tgt=hin_Deva (hi), text='but don't believe...'
[DEBUG] FLORES keys: ['en', 'hi', 'ta', 'te', 'ml']... ta in keys: True
[DEBUG] IndicTrans call: src=eng_Latn (en), tgt=hin_Deva (hi), text='But the thing is, we...'
[DEBUG] FLORES keys: ['en', 'hi', 'ta', 'te', 'ml']... ta in keys: True
[DEBUG] IndicTrans call: src=eng_Latn (en), tgt=hin_Deva (hi), text='But don't finish, yo...'
[DEBUG] FLORES keys: ['en', 'hi', 'ta', 'te', 'ml']... ta in keys: True
[DEBUG] IndicTrans call: src=eng_Latn (en), tgt=hin_Deva (hi), text='But the thing is, yo...'
[DEBUG] FLORES keys: ['en', 'hi', 'ta', 'te', 'ml']... ta in keys: True
[DEBUG] IndicTrans call: src=eng_Latn (en), tgt=hin_Deva (hi), text='But the thing is, yo...'
[DEBUG] FLORES keys: ['en', 'hi', 'ta', 'te', 'ml']... ta in keys: True
[DEBUG] IndicTrans call: src=eng_Latn (en), tgt=hin_Deva (hi), text='But the thing is, yo...'
[DEBUG] FLORES keys: ['en', 'hi', 'ta', 'te', 'ml']... ta in keys: True
[DEBUG] IndicTrans call: src=eng_Latn (en), tgt=hin_Deva (hi), text='But the thing is, yo...'
[DEBUG] FLORES keys: ['en', 'hi', 'ta', 'te', 'ml']... ta in keys: True
[DEBUG] IndicTrans call: src=eng_Latn (en), tgt=hin_Deva (hi), text='But the thing is, yo...'
[DEBUG] FLORES keys: ['en', 'hi', 'ta', 'te', 'ml']... ta in keys: True
[DEBUG] IndicTrans call: src=eng_Latn (en), tgt=hin_Deva (hi), text='But the thing is, yo...'
[DEBUG] FLORES keys: ['en', 'hi', 'ta', 'te', 'ml']... ta in keys: True
[DEBUG] IndicTrans call: src=eng_Latn (en), tgt=hin_Deva (hi), text='But the thing is, yo...'
[DEBUG] FLORES keys: ['en', 'hi', 'ta', 'te', 'ml']... ta in keys: True
[DEBUG] IndicTrans call: src=eng_Latn (en), tgt=hin_Deva (hi), text='But the thing is, yo...'
[DEBUG] FLORES keys: ['en', 'hi', 'ta', 'te', 'ml']... ta in keys: True
[DEBUG] IndicTrans call: src=eng_Latn (en), tgt=hin_Deva (hi), text='You...'
[DEBUG] FLORES keys: ['en', 'hi', 'ta', 'te', 'ml']... ta in keys: True
[DEBUG] IndicTrans call: src=eng_Latn (en), tgt=hin_Deva (hi), text='to press W...'
[DEBUG] FLORES keys: ['en', 'hi', 'ta', 'te', 'ml']... ta in keys: True
[DEBUG] IndicTrans call: src=eng_Latn (en), tgt=hin_Deva (hi), text='So that's the bling ...'
[DEBUG] FLORES keys: ['en', 'hi', 'ta', 'te', 'ml']... ta in keys: True
[DEBUG] IndicTrans call: src=eng_Latn (en), tgt=hin_Deva (hi), text='So that's the Blende...'
[DEBUG] FLORES keys: ['en', 'hi', 'ta', 'te', 'ml']... ta in keys: True
[DEBUG] IndicTrans call: src=eng_Latn (en), tgt=hin_Deva (hi), text='So that's the Blende...'
[DEBUG] FLORES keys: ['en', 'hi', 'ta', 'te', 'ml']... ta in keys: True
[DEBUG] IndicTrans call: src=eng_Latn (en), tgt=hin_Deva (hi), text='The drone......'
[DEBUG] FLORES keys: ['en', 'hi', 'ta', 'te', 'ml']... ta in keys: True
[DEBUG] IndicTrans call: src=eng_Latn (en), tgt=hin_Deva (hi), text='and want to get your...'
[DEBUG] FLORES keys: ['en', 'hi', 'ta', 'te', 'ml']... ta in keys: True
[DEBUG] IndicTrans call: src=eng_Latn (en), tgt=hin_Deva (hi), text='Advantage of routine...'
[DEBUG] FLORES keys: ['en', 'hi', 'ta', 'te', 'ml']... ta in keys: True
[DEBUG] IndicTrans call: src=eng_Latn (en), tgt=hin_Deva (hi), text='Advantage of routine...'
[DEBUG] FLORES keys: ['en', 'hi', 'ta', 'te', 'ml']... ta in keys: True
[DEBUG] IndicTrans call: src=eng_Latn (en), tgt=hin_Deva (hi), text='C-2100...'
[DEBUG] FLORES keys: ['en', 'hi', 'ta', 'te', 'ml']... ta in keys: True
[DEBUG] IndicTrans call: src=eng_Latn (en), tgt=hin_Deva (hi), text='See what one drag wi...'
[DEBUG] FLORES keys: ['en', 'hi', 'ta', 'te', 'ml']... ta in keys: True
[DEBUG] IndicTrans call: src=eng_Latn (en), tgt=hin_Deva (hi), text='Oh...'
[DEBUG] FLORES keys: ['en', 'hi', 'ta', 'te', 'ml']... ta in keys: True
[DEBUG] IndicTrans call: src=eng_Latn (en), tgt=hin_Deva (hi), text='or you can just pres...'
[DEBUG] FLORES keys: ['en', 'hi', 'ta', 'te', 'ml']... ta in keys: True
[DEBUG] IndicTrans call: src=eng_Latn (en), tgt=hin_Deva (hi), text='Or you can just pray...'
[DEBUG] FLORES keys: ['en', 'hi', 'ta', 'te', 'ml']... ta in keys: True
[DEBUG] IndicTrans call: src=eng_Latn (en), tgt=hin_Deva (hi), text='Or you can just spra...'
[DEBUG] FLORES keys: ['en', 'hi', 'ta', 'te', 'ml']... ta in keys: True
[DEBUG] IndicTrans call: src=eng_Latn (en), tgt=hin_Deva (hi), text='Or you can just try ...'
[DEBUG] FLORES keys: ['en', 'hi', 'ta', 'te', 'ml']... ta in keys: True
[DEBUG] IndicTrans call: src=eng_Latn (en), tgt=hin_Deva (hi), text='Or you can just try ...'
[DEBUG] FLORES keys: ['en', 'hi', 'ta', 'te', 'ml']... ta in keys: True
[DEBUG] IndicTrans call: src=eng_Latn (en), tgt=hin_Deva (hi), text='Or you can just try ...'
[DEBUG] FLORES keys: ['en', 'hi', 'ta', 'te', 'ml']... ta in keys: True
[DEBUG] IndicTrans call: src=eng_Latn (en), tgt=hin_Deva (hi), text='Or you can just try ...'
[DEBUG] FLORES keys: ['en', 'hi', 'ta', 'te', 'ml']... ta in keys: True
[DEBUG] IndicTrans call: src=eng_Latn (en), tgt=hin_Deva (hi), text='Or you can just try ...'
[DEBUG] FLORES keys: ['en', 'hi', 'ta', 'te', 'ml']... ta in keys: True
[DEBUG] IndicTrans call: src=eng_Latn (en), tgt=hin_Deva (hi), text='Or you can just try ...'
[DEBUG] FLORES keys: ['en', 'hi', 'ta', 'te', 'ml']... ta in keys: True
[DEBUG] IndicTrans call: src=eng_Latn (en), tgt=hin_Deva (hi), text='Or you can just try ...'
[DEBUG] FLORES keys: ['en', 'hi', 'ta', 'te', 'ml']... ta in keys: True
[DEBUG] IndicTrans call: src=eng_Latn (en), tgt=hin_Deva (hi), text='Or you can just try ...'
[DEBUG] FLORES keys: ['en', 'hi', 'ta', 'te', 'ml']... ta in keys: True
[DEBUG] IndicTrans call: src=eng_Latn (en), tgt=hin_Deva (hi), text='Or you can just try ...'
[DEBUG] FLORES keys: ['en', 'hi', 'ta', 'te', 'ml']... ta in keys: True
[DEBUG] IndicTrans call: src=eng_Latn (en), tgt=hin_Deva (hi), text='Or you can just try ...'
[DEBUG] FLORES keys: ['en', 'hi', 'ta', 'te', 'ml']... ta in keys: True
[DEBUG] IndicTrans call: src=eng_Latn (en), tgt=hin_Deva (hi), text='Or you can just try ...'
[DEBUG] FLORES keys: ['en', 'hi', 'ta', 'te', 'ml']... ta in keys: True
[DEBUG] IndicTrans call: src=eng_Latn (en), tgt=hin_Deva (hi), text='Or you can just try ...'
[DEBUG] FLORES keys: ['en', 'hi', 'ta', 'te', 'ml']... ta in keys: True
[DEBUG] IndicTrans call: src=eng_Latn (en), tgt=hin_Deva (hi), text='Or you can just try ...'
[DEBUG] FLORES keys: ['en', 'hi', 'ta', 'te', 'ml']... ta in keys: True
[DEBUG] IndicTrans call: src=eng_Latn (en), tgt=hin_Deva (hi), text='Which course...'
[DEBUG] FLORES keys: ['en', 'hi', 'ta', 'te', 'ml']... ta in keys: True
[DEBUG] IndicTrans call: src=eng_Latn (en), tgt=hin_Deva (hi), text='Which cost 5kd which...'
[DEBUG] FLORES keys: ['en', 'hi', 'ta', 'te', 'ml']... ta in keys: True
[DEBUG] IndicTrans call: src=eng_Latn (en), tgt=hin_Deva (hi), text='Which cost $50? Whic...'
[DEBUG] FLORES keys: ['en', 'hi', 'ta', 'te', 'ml']... ta in keys: True
[DEBUG] IndicTrans call: src=eng_Latn (en), tgt=hin_Deva (hi), text='which cost $50, whic...'
[DEBUG] FLORES keys: ['en', 'hi', 'ta', 'te', 'ml']... ta in keys: True
[DEBUG] IndicTrans call: src=eng_Latn (en), tgt=hin_Deva (hi), text='which cost $50, whic...'
[DEBUG] FLORES keys: ['en', 'hi', 'ta', 'te', 'ml']... ta in keys: True
[DEBUG] IndicTrans call: src=eng_Latn (en), tgt=hin_Deva (hi), text='You know...'
[DEBUG] FLORES keys: ['en', 'hi', 'ta', 'te', 'ml']... ta in keys: True
[DEBUG] IndicTrans call: src=eng_Latn (en), tgt=hin_Deva (hi), text='You know...'
[DEBUG] FLORES keys: ['en', 'hi', 'ta', 'te', 'ml']... ta in keys: True
[DEBUG] IndicTrans call: src=eng_Latn (en), tgt=hin_Deva (hi), text='You know, I have a p...'
[DEBUG] FLORES keys: ['en', 'hi', 'ta', 'te', 'ml']... ta in keys: True
[DEBUG] IndicTrans call: src=eng_Latn (en), tgt=hin_Deva (hi), text='You know I have a pr...'
[DEBUG] FLORES keys: ['en', 'hi', 'ta', 'te', 'ml']... ta in keys: True
[DEBUG] IndicTrans call: src=eng_Latn (en), tgt=hin_Deva (hi), text='So no, I have a poor...'
[DEBUG] FLORES keys: ['en', 'hi', 'ta', 'te', 'ml']... ta in keys: True
[DEBUG] IndicTrans call: src=eng_Latn (en), tgt=hin_Deva (hi), text='So now I have a pro ...'
[DEBUG] FLORES keys: ['en', 'hi', 'ta', 'te', 'ml']... ta in keys: True
[DEBUG] IndicTrans call: src=eng_Latn (en), tgt=hin_Deva (hi), text='So now I have a pro ...'
[DEBUG] FLORES keys: ['en', 'hi', 'ta', 'te', 'ml']... ta in keys: True
[DEBUG] IndicTrans call: src=eng_Latn (en), tgt=hin_Deva (hi), text='So now I have a pro ...'
[DEBUG] FLORES keys: ['en', 'hi', 'ta', 'te', 'ml']... ta in keys: True
[DEBUG] IndicTrans call: src=eng_Latn (en), tgt=hin_Deva (hi), text='And I...'
[DEBUG] FLORES keys: ['en', 'hi', 'ta', 'te', 'ml']... ta in keys: True
[DEBUG] IndicTrans call: src=eng_Latn (en), tgt=hin_Deva (hi), text='And I think no......'
[DEBUG] FLORES keys: ['en', 'hi', 'ta', 'te', 'ml']... ta in keys: True
[DEBUG] IndicTrans call: src=eng_Latn (en), tgt=hin_Deva (hi), text='And I can now show y...'
[DEBUG] FLORES keys: ['en', 'hi', 'ta', 'te', 'ml']... ta in keys: True
[DEBUG] IndicTrans call: src=eng_Latn (en), tgt=hin_Deva (hi), text='And I can now show y...'
[DEBUG] FLORES keys: ['en', 'hi', 'ta', 'te', 'ml']... ta in keys: True
[DEBUG] IndicTrans call: src=eng_Latn (en), tgt=hin_Deva (hi), text='And I can now show y...'
[DEBUG] FLORES keys: ['en', 'hi', 'ta', 'te', 'ml']... ta in keys: True
[DEBUG] IndicTrans call: src=eng_Latn (en), tgt=hin_Deva (hi), text='And I can now show y...'
[DEBUG] FLORES keys: ['en', 'hi', 'ta', 'te', 'ml']... ta in keys: True
[DEBUG] IndicTrans call: src=eng_Latn (en), tgt=hin_Deva (hi), text='And I can now show y...'
[DEBUG] FLORES keys: ['en', 'hi', 'ta', 'te', 'ml']... ta in keys: True
[DEBUG] IndicTrans call: src=eng_Latn (en), tgt=hin_Deva (hi), text='Victor...'
[DEBUG] FLORES keys: ['en', 'hi', 'ta', 'te', 'ml']... ta in keys: True
[DEBUG] IndicTrans call: src=eng_Latn (en), tgt=hin_Deva (hi), text='videos click...'
[DEBUG] FLORES keys: ['en', 'hi', 'ta', 'te', 'ml']... ta in keys: True
[DEBUG] IndicTrans call: src=eng_Latn (en), tgt=hin_Deva (hi), text='We can schedule a mi...'
[DEBUG] FLORES keys: ['en', 'hi', 'ta', 'te', 'ml']... ta in keys: True
[DEBUG] IndicTrans call: src=eng_Latn (en), tgt=hin_Deva (hi), text='We can schedule a me...'
[DEBUG] FLORES keys: ['en', 'hi', 'ta', 'te', 'ml']... ta in keys: True
[DEBUG] IndicTrans call: src=eng_Latn (en), tgt=hin_Deva (hi), text='We can schedule our ...'
[DEBUG] FLORES keys: ['en', 'hi', 'ta', 'te', 'ml']... ta in keys: True
[DEBUG] IndicTrans call: src=eng_Latn (en), tgt=hin_Deva (hi), text='We can schedule a me...'
[DEBUG] FLORES keys: ['en', 'hi', 'ta', 'te', 'ml']... ta in keys: True
[DEBUG] IndicTrans call: src=eng_Latn (en), tgt=hin_Deva (hi), text='We can schedule a me...'
[DEBUG] FLORES keys: ['en', 'hi', 'ta', 'te', 'ml']... ta in keys: True
[DEBUG] IndicTrans call: src=eng_Latn (en), tgt=hin_Deva (hi), text='We can schedule a me...'
[DEBUG] FLORES keys: ['en', 'hi', 'ta', 'te', 'ml']... ta in keys: True
[DEBUG] IndicTrans call: src=eng_Latn (en), tgt=hin_Deva (hi), text='We can schedule a me...'
[DEBUG] FLORES keys: ['en', 'hi', 'ta', 'te', 'ml']... ta in keys: True
[DEBUG] IndicTrans call: src=eng_Latn (en), tgt=hin_Deva (hi), text='We can skate your ow...'
[DEBUG] FLORES keys: ['en', 'hi', 'ta', 'te', 'ml']... ta in keys: True
[DEBUG] IndicTrans call: src=eng_Latn (en), tgt=hin_Deva (hi), text='We can schedule a me...'
[DEBUG] FLORES keys: ['en', 'hi', 'ta', 'te', 'ml']... ta in keys: True
[DEBUG] IndicTrans call: src=eng_Latn (en), tgt=hin_Deva (hi), text='We can schedule a me...'
[DEBUG] FLORES keys: ['en', 'hi', 'ta', 'te', 'ml']... ta in keys: True
[DEBUG] IndicTrans call: src=eng_Latn (en), tgt=hin_Deva (hi), text='So...'
[DEBUG] FLORES keys: ['en', 'hi', 'ta', 'te', 'ml']... ta in keys: True
[DEBUG] IndicTrans call: src=eng_Latn (en), tgt=hin_Deva (hi), text='Abandon...'
[DEBUG] FLORES keys: ['en', 'hi', 'ta', 'te', 'ml']... ta in keys: True
[DEBUG] IndicTrans call: src=eng_Latn (en), tgt=hin_Deva (hi), text='Abandoned this....'
[DEBUG] FLORES keys: ['en', 'hi', 'ta', 'te', 'ml']... ta in keys: True
[DEBUG] IndicTrans call: src=eng_Latn (en), tgt=hin_Deva (hi), text='Abandoned this...'
[DEBUG] FLORES keys: ['en', 'hi', 'ta', 'te', 'ml']... ta in keys: True
[DEBUG] IndicTrans call: src=eng_Latn (en), tgt=hin_Deva (hi), text='a band of this sessi...'
[DEBUG] FLORES keys: ['en', 'hi', 'ta', 'te', 'ml']... ta in keys: True
[DEBUG] IndicTrans call: src=eng_Latn (en), tgt=hin_Deva (hi), text='a band of this sessi...'
[DEBUG] FLORES keys: ['en', 'hi', 'ta', 'te', 'ml']... ta in keys: True
[DEBUG] IndicTrans call: src=eng_Latn (en), tgt=hin_Deva (hi), text='a band of this sessi...'
[DEBUG] FLORES keys: ['en', 'hi', 'ta', 'te', 'ml']... ta in keys: True
[DEBUG] IndicTrans call: src=eng_Latn (en), tgt=hin_Deva (hi), text='a band of this sessi...'
[DEBUG] FLORES keys: ['en', 'hi', 'ta', 'te', 'ml']... ta in keys: True
[DEBUG] IndicTrans call: src=eng_Latn (en), tgt=hin_Deva (hi), text='So...'
[DEBUG] FLORES keys: ['en', 'hi', 'ta', 'te', 'ml']... ta in keys: True
[DEBUG] IndicTrans call: src=eng_Latn (en), tgt=hin_Deva (hi), text='So I'm up for......'
[DEBUG] FLORES keys: ['en', 'hi', 'ta', 'te', 'ml']... ta in keys: True
[DEBUG] IndicTrans call: src=eng_Latn (en), tgt=hin_Deva (hi), text='So, I'm going to put...'
[DEBUG] FLORES keys: ['en', 'hi', 'ta', 'te', 'ml']... ta in keys: True
[DEBUG] IndicTrans call: src=eng_Latn (en), tgt=hin_Deva (hi), text='Sign up for zoom...'
[DEBUG] FLORES keys: ['en', 'hi', 'ta', 'te', 'ml']... ta in keys: True
[DEBUG] IndicTrans call: src=eng_Latn (en), tgt=hin_Deva (hi), text='Saiyana, Fuzun, Kriy...'
[DEBUG] FLORES keys: ['en', 'hi', 'ta', 'te', 'ml']... ta in keys: True
[DEBUG] IndicTrans call: src=eng_Latn (en), tgt=hin_Deva (hi), text='Saiyana, Pufuzu,  Kr...'
[DEBUG] FLORES keys: ['en', 'hi', 'ta', 'te', 'ml']... ta in keys: True
[DEBUG] IndicTrans call: src=eng_Latn (en), tgt=hin_Deva (hi), text='Sign up for Zoom, re...'
[DEBUG] FLORES keys: ['en', 'hi', 'ta', 'te', 'ml']... ta in keys: True
[DEBUG] IndicTrans call: src=eng_Latn (en), tgt=hin_Deva (hi), text='Sign up for Zoom, re...'
[DEBUG] FLORES keys: ['en', 'hi', 'ta', 'te', 'ml']... ta in keys: True
[DEBUG] IndicTrans call: src=eng_Latn (en), tgt=hin_Deva (hi), text='Saila Fuzou,  Rita F...'
[DEBUG] FLORES keys: ['en', 'hi', 'ta', 'te', 'ml']... ta in keys: True
[DEBUG] IndicTrans call: src=eng_Latn (en), tgt=hin_Deva (hi), text='Sign up for Zoom, re...'
[DEBUG] FLORES keys: ['en', 'hi', 'ta', 'te', 'ml']... ta in keys: True
[DEBUG] IndicTrans call: src=eng_Latn (en), tgt=hin_Deva (hi), text='Sign up for Zoom, re...'
[DEBUG] FLORES keys: ['en', 'hi', 'ta', 'te', 'ml']... ta in keys: True
[DEBUG] IndicTrans call: src=eng_Latn (en), tgt=hin_Deva (hi), text='sign up for zoom  re...'
[DEBUG] FLORES keys: ['en', 'hi', 'ta', 'te', 'ml']... ta in keys: True
[DEBUG] IndicTrans call: src=eng_Latn (en), tgt=hin_Deva (hi), text='sign up for zoom  re...'
[DEBUG] FLORES keys: ['en', 'hi', 'ta', 'te', 'ml']... ta in keys: True
[DEBUG] IndicTrans call: src=eng_Latn (en), tgt=hin_Deva (hi), text='sign up for zoom  re...'
[DEBUG] FLORES keys: ['en', 'hi', 'ta', 'te', 'ml']... ta in keys: True
[DEBUG] IndicTrans call: src=eng_Latn (en), tgt=hin_Deva (hi), text='sign up for zoom  re...'
[DEBUG] FLORES keys: ['en', 'hi', 'ta', 'te', 'ml']... ta in keys: True
[DEBUG] IndicTrans call: src=eng_Latn (en), tgt=hin_Deva (hi), text='sign up for zoom  re...'
[DEBUG] FLORES keys: ['en', 'hi', 'ta', 'te', 'ml']... ta in keys: True
[DEBUG] IndicTrans call: src=eng_Latn (en), tgt=hin_Deva (hi), text='Sign up for Zoom, re...'
[DEBUG] FLORES keys: ['en', 'hi', 'ta', 'te', 'ml']... ta in keys: True
[DEBUG] IndicTrans call: src=eng_Latn (en), tgt=hin_Deva (hi), text='sign up for zoom, re...'
[DEBUG] FLORES keys: ['en', 'hi', 'ta', 'te', 'ml']... ta in keys: True
[DEBUG] IndicTrans call: src=eng_Latn (en), tgt=hin_Deva (hi), text='sign up for zoom, re...'
[DEBUG] FLORES keys: ['en', 'hi', 'ta', 'te', 'ml']... ta in keys: True
[DEBUG] IndicTrans call: src=eng_Latn (en), tgt=hin_Deva (hi), text='sign up for zoom, re...'
[DEBUG] FLORES keys: ['en', 'hi', 'ta', 'te', 'ml']... ta in keys: True
[DEBUG] IndicTrans call: src=eng_Latn (en), tgt=hin_Deva (hi), text='sign up for zoom, re...'
[DEBUG] FLORES keys: ['en', 'hi', 'ta', 'te', 'ml']... ta in keys: True
[DEBUG] IndicTrans call: src=eng_Latn (en), tgt=hin_Deva (hi), text='What is required to ...'
[DEBUG] FLORES keys: ['en', 'hi', 'ta', 'te', 'ml']... ta in keys: True
[DEBUG] IndicTrans call: src=eng_Latn (en), tgt=hin_Deva (hi), text='What is required dur...'
[DEBUG] FLORES keys: ['en', 'hi', 'ta', 'te', 'ml']... ta in keys: True
[DEBUG] IndicTrans call: src=eng_Latn (en), tgt=hin_Deva (hi), text='what is required dur...'
[DEBUG] FLORES keys: ['en', 'hi', 'ta', 'te', 'ml']... ta in keys: True
[DEBUG] IndicTrans call: src=eng_Latn (en), tgt=hin_Deva (hi), text='what is required dur...'
[DEBUG] FLORES keys: ['en', 'hi', 'ta', 'te', 'ml']... ta in keys: True
[DEBUG] IndicTrans call: src=eng_Latn (en), tgt=hin_Deva (hi), text='what is required dur...'
[DEBUG] FLORES keys: ['en', 'hi', 'ta', 'te', 'ml']... ta in keys: True
[DEBUG] IndicTrans call: src=eng_Latn (en), tgt=hin_Deva (hi), text='what is required dur...'
[DEBUG] FLORES keys: ['en', 'hi', 'ta', 'te', 'ml']... ta in keys: True
[DEBUG] IndicTrans call: src=eng_Latn (en), tgt=hin_Deva (hi), text='what is required dur...'
[DEBUG] FLORES keys: ['en', 'hi', 'ta', 'te', 'ml']... ta in keys: True
[DEBUG] IndicTrans call: src=eng_Latn (en), tgt=hin_Deva (hi), text='Your food....'
[DEBUG] FLORES keys: ['en', 'hi', 'ta', 'te', 'ml']... ta in keys: True
[DEBUG] IndicTrans call: src=eng_Latn (en), tgt=hin_Deva (hi), text='You fool that....'
[DEBUG] FLORES keys: ['en', 'hi', 'ta', 'te', 'ml']... ta in keys: True
[DEBUG] IndicTrans call: src=eng_Latn (en), tgt=hin_Deva (hi), text='before that...'
[DEBUG] FLORES keys: ['en', 'hi', 'ta', 'te', 'ml']... ta in keys: True
[DEBUG] IndicTrans call: src=eng_Latn (en), tgt=hin_Deva (hi), text='Before that...'
[DEBUG] FLORES keys: ['en', 'hi', 'ta', 'te', 'ml']... ta in keys: True
[DEBUG] IndicTrans call: src=eng_Latn (en), tgt=hin_Deva (hi), text='Before that, your th...'
[DEBUG] FLORES keys: ['en', 'hi', 'ta', 'te', 'ml']... ta in keys: True
[DEBUG] IndicTrans call: src=eng_Latn (en), tgt=hin_Deva (hi), text='Before that, your sc...'
[DEBUG] FLORES keys: ['en', 'hi', 'ta', 'te', 'ml']... ta in keys: True
[DEBUG] IndicTrans call: src=eng_Latn (en), tgt=hin_Deva (hi), text='Before that, your sc...'
[DEBUG] FLORES keys: ['en', 'hi', 'ta', 'te', 'ml']... ta in keys: True
[DEBUG] IndicTrans call: src=eng_Latn (en), tgt=hin_Deva (hi), text='Before that, your sc...'
[DEBUG] FLORES keys: ['en', 'hi', 'ta', 'te', 'ml']... ta in keys: True
[DEBUG] IndicTrans call: src=eng_Latn (en), tgt=hin_Deva (hi), text='Before that, your sc...'
[DEBUG] FLORES keys: ['en', 'hi', 'ta', 'te', 'ml']... ta in keys: True
[DEBUG] IndicTrans call: src=eng_Latn (en), tgt=hin_Deva (hi), text='Before that, your sc...'
[DEBUG] FLORES keys: ['en', 'hi', 'ta', 'te', 'ml']... ta in keys: True
[DEBUG] IndicTrans call: src=eng_Latn (en), tgt=hin_Deva (hi), text='Before that, your sc...'
[DEBUG] FLORES keys: ['en', 'hi', 'ta', 'te', 'ml']... ta in keys: True
[DEBUG] IndicTrans call: src=eng_Latn (en), tgt=hin_Deva (hi), text='We can't force......'
[DEBUG] FLORES keys: ['en', 'hi', 'ta', 'te', 'ml']... ta in keys: True
[DEBUG] IndicTrans call: src=eng_Latn (en), tgt=hin_Deva (hi), text='We can post this....'
[DEBUG] FLORES keys: ['en', 'hi', 'ta', 'te', 'ml']... ta in keys: True
[DEBUG] IndicTrans call: src=eng_Latn (en), tgt=hin_Deva (hi), text='We can post this too...'
[DEBUG] FLORES keys: ['en', 'hi', 'ta', 'te', 'ml']... ta in keys: True
[DEBUG] IndicTrans call: src=eng_Latn (en), tgt=hin_Deva (hi), text='We can post this too...'
[DEBUG] FLORES keys: ['en', 'hi', 'ta', 'te', 'ml']... ta in keys: True
[DEBUG] IndicTrans call: src=eng_Latn (en), tgt=hin_Deva (hi), text='We can post this too...'
[DEBUG] FLORES keys: ['en', 'hi', 'ta', 'te', 'ml']... ta in keys: True
[DEBUG] IndicTrans call: src=eng_Latn (en), tgt=hin_Deva (hi), text='beautiful....'
[DEBUG] FLORES keys: ['en', 'hi', 'ta', 'te', 'ml']... ta in keys: True
[DEBUG] IndicTrans call: src=eng_Latn (en), tgt=hin_Deva (hi), text='Beautiful, beautiful...'
[DEBUG] FLORES keys: ['en', 'hi', 'ta', 'te', 'ml']... ta in keys: True
[DEBUG] IndicTrans call: src=eng_Latn (en), tgt=hin_Deva (hi), text='You...'
[DEBUG] FLORES keys: ['en', 'hi', 'ta', 'te', 'ml']... ta in keys: True
[DEBUG] IndicTrans call: src=eng_Latn (en), tgt=hin_Deva (hi), text='Impost....'
[DEBUG] FLORES keys: ['en', 'hi', 'ta', 'te', 'ml']... ta in keys: True
[DEBUG] IndicTrans call: src=eng_Latn (en), tgt=hin_Deva (hi), text='Impost is to be......'
[DEBUG] FLORES keys: ['en', 'hi', 'ta', 'te', 'ml']... ta in keys: True
[DEBUG] IndicTrans call: src=eng_Latn (en), tgt=hin_Deva (hi), text='We post this to the ...'
[DEBUG] FLORES keys: ['en', 'hi', 'ta', 'te', 'ml']... ta in keys: True
[DEBUG] IndicTrans call: src=eng_Latn (en), tgt=hin_Deva (hi), text='We post this to dist...'
[DEBUG] FLORES keys: ['en', 'hi', 'ta', 'te', 'ml']... ta in keys: True
[DEBUG] IndicTrans call: src=eng_Latn (en), tgt=hin_Deva (hi), text='We post this to dist...'
[DEBUG] FLORES keys: ['en', 'hi', 'ta', 'te', 'ml']... ta in keys: True
[DEBUG] IndicTrans call: src=eng_Latn (en), tgt=hin_Deva (hi), text='We post this to dist...'
[DEBUG] FLORES keys: ['en', 'hi', 'ta', 'te', 'ml']... ta in keys: True
[DEBUG] IndicTrans call: src=eng_Latn (en), tgt=hin_Deva (hi), text='We post this to dist...'
[DEBUG] FLORES keys: ['en', 'hi', 'ta', 'te', 'ml']... ta in keys: True
[DEBUG] IndicTrans call: src=eng_Latn (en), tgt=hin_Deva (hi), text='We post this to dist...'
[DEBUG] FLORES keys: ['en', 'hi', 'ta', 'te', 'ml']... ta in keys: True
[DEBUG] IndicTrans call: src=eng_Latn (en), tgt=hin_Deva (hi), text='We post this to dist...'
[DEBUG] FLORES keys: ['en', 'hi', 'ta', 'te', 'ml']... ta in keys: True
[DEBUG] IndicTrans call: src=eng_Latn (en), tgt=hin_Deva (hi), text='We post this to dist...'
[DEBUG] FLORES keys: ['en', 'hi', 'ta', 'te', 'ml']... ta in keys: True
[DEBUG] IndicTrans call: src=eng_Latn (en), tgt=hin_Deva (hi), text='We post this to dist...'
[DEBUG] FLORES keys: ['en', 'hi', 'ta', 'te', 'ml']... ta in keys: True
[DEBUG] IndicTrans call: src=eng_Latn (en), tgt=hin_Deva (hi), text='So now I'm gonna......'
[DEBUG] FLORES keys: ['en', 'hi', 'ta', 'te', 'ml']... ta in keys: True
[DEBUG] IndicTrans call: src=eng_Latn (en), tgt=hin_Deva (hi), text='So now I'm going to....'
[DEBUG] FLORES keys: ['en', 'hi', 'ta', 'te', 'ml']... ta in keys: True
[DEBUG] IndicTrans call: src=eng_Latn (en), tgt=hin_Deva (hi), text='So now I'm in the fr...'
[DEBUG] FLORES keys: ['en', 'hi', 'ta', 'te', 'ml']... ta in keys: True
[DEBUG] IndicTrans call: src=eng_Latn (en), tgt=hin_Deva (hi), text='So now I'm in the fr...'
[DEBUG] FLORES keys: ['en', 'hi', 'ta', 'te', 'ml']... ta in keys: True
[DEBUG] IndicTrans call: src=eng_Latn (en), tgt=hin_Deva (hi), text='So now I'm in the fr...'
[DEBUG] FLORES keys: ['en', 'hi', 'ta', 'te', 'ml']... ta in keys: True
[DEBUG] IndicTrans call: src=eng_Latn (en), tgt=hin_Deva (hi), text='Move on....'
[DEBUG] FLORES keys: ['en', 'hi', 'ta', 'te', 'ml']... ta in keys: True
[DEBUG] IndicTrans call: src=eng_Latn (en), tgt=hin_Deva (hi), text='Who liked today?...'
[DEBUG] FLORES keys: ['en', 'hi', 'ta', 'te', 'ml']... ta in keys: True
[DEBUG] IndicTrans call: src=eng_Latn (en), tgt=hin_Deva (hi), text='Who liked today?...'
[DEBUG] FLORES keys: ['en', 'hi', 'ta', 'te', 'ml']... ta in keys: True
[DEBUG] IndicTrans call: src=eng_Latn (en), tgt=hin_Deva (hi), text='Who liked today?...'
[DEBUG] FLORES keys: ['en', 'hi', 'ta', 'te', 'ml']... ta in keys: True
[DEBUG] IndicTrans call: src=eng_Latn (en), tgt=hin_Deva (hi), text='Maze...'
[DEBUG] FLORES keys: ['en', 'hi', 'ta', 'te', 'ml']... ta in keys: True
[DEBUG] IndicTrans call: src=eng_Latn (en), tgt=hin_Deva (hi), text='My screen....'
[DEBUG] FLORES keys: ['en', 'hi', 'ta', 'te', 'ml']... ta in keys: True
[DEBUG] IndicTrans call: src=eng_Latn (en), tgt=hin_Deva (hi), text='My screen....'
[DEBUG] FLORES keys: ['en', 'hi', 'ta', 'te', 'ml']... ta in keys: True
[DEBUG] IndicTrans call: src=eng_Latn (en), tgt=hin_Deva (hi), text='and birds....'
[DEBUG] FLORES keys: ['en', 'hi', 'ta', 'te', 'ml']... ta in keys: True
[DEBUG] IndicTrans call: src=eng_Latn (en), tgt=hin_Deva (hi), text='and that's what it i...'
[DEBUG] FLORES keys: ['en', 'hi', 'ta', 'te', 'ml']... ta in keys: True
[DEBUG] IndicTrans call: src=eng_Latn (en), tgt=hin_Deva (hi), text='And that's what is i...'
[DEBUG] FLORES keys: ['en', 'hi', 'ta', 'te', 'ml']... ta in keys: True
[DEBUG] IndicTrans call: src=eng_Latn (en), tgt=hin_Deva (hi), text='And that's what is Z...'
[DEBUG] FLORES keys: ['en', 'hi', 'ta', 'te', 'ml']... ta in keys: True
[DEBUG] IndicTrans call: src=eng_Latn (en), tgt=hin_Deva (hi), text='And that's what is Z...'
[DEBUG] FLORES keys: ['en', 'hi', 'ta', 'te', 'ml']... ta in keys: True
[DEBUG] IndicTrans call: src=eng_Latn (en), tgt=hin_Deva (hi), text='And that's what is Z...'
[DEBUG] FLORES keys: ['en', 'hi', 'ta', 'te', 'ml']... ta in keys: True
[DEBUG] IndicTrans call: src=eng_Latn (en), tgt=hin_Deva (hi), text='And that's what is Z...'
[DEBUG] FLORES keys: ['en', 'hi', 'ta', 'te', 'ml']... ta in keys: True
[DEBUG] IndicTrans call: src=eng_Latn (en), tgt=hin_Deva (hi), text='And that's what is Z...'
[DEBUG] FLORES keys: ['en', 'hi', 'ta', 'te', 'ml']... ta in keys: True
[DEBUG] IndicTrans call: src=eng_Latn (en), tgt=hin_Deva (hi), text='And that's what is Z...'
[DEBUG] FLORES keys: ['en', 'hi', 'ta', 'te', 'ml']... ta in keys: True
[DEBUG] IndicTrans call: src=eng_Latn (en), tgt=hin_Deva (hi), text='And that's what is Z...'
[DEBUG] FLORES keys: ['en', 'hi', 'ta', 'te', 'ml']... ta in keys: True
[DEBUG] IndicTrans call: src=eng_Latn (en), tgt=hin_Deva (hi), text='And that's what is Z...'
[DEBUG] FLORES keys: ['en', 'hi', 'ta', 'te', 'ml']... ta in keys: True
[DEBUG] IndicTrans call: src=eng_Latn (en), tgt=hin_Deva (hi), text='And that's what is Z...'
[DEBUG] FLORES keys: ['en', 'hi', 'ta', 'te', 'ml']... ta in keys: True
[DEBUG] IndicTrans call: src=eng_Latn (en), tgt=hin_Deva (hi), text='Please join...'
[DEBUG] FLORES keys: ['en', 'hi', 'ta', 'te', 'ml']... ta in keys: True
[DEBUG] IndicTrans call: src=eng_Latn (en), tgt=hin_Deva (hi), text='Raise your fingers....'
[DEBUG] FLORES keys: ['en', 'hi', 'ta', 'te', 'ml']... ta in keys: True
[DEBUG] IndicTrans call: src=eng_Latn (en), tgt=hin_Deva (hi), text='Raise your fingers i...'
[DEBUG] FLORES keys: ['en', 'hi', 'ta', 'te', 'ml']... ta in keys: True
[DEBUG] IndicTrans call: src=eng_Latn (en), tgt=hin_Deva (hi), text='Raise your fingers i...'
[DEBUG] FLORES keys: ['en', 'hi', 'ta', 'te', 'ml']... ta in keys: True
[DEBUG] IndicTrans call: src=eng_Latn (en), tgt=hin_Deva (hi), text='Raise your fingers i...'
[DEBUG] FLORES keys: ['en', 'hi', 'ta', 'te', 'ml']... ta in keys: True
[DEBUG] IndicTrans call: src=eng_Latn (en), tgt=hin_Deva (hi), text='Raise your fingers i...'
[DEBUG] FLORES keys: ['en', 'hi', 'ta', 'te', 'ml']... ta in keys: True
[DEBUG] IndicTrans call: src=eng_Latn (en), tgt=hin_Deva (hi), text='Raise your fingers i...'
[DEBUG] FLORES keys: ['en', 'hi', 'ta', 'te', 'ml']... ta in keys: True
[DEBUG] IndicTrans call: src=eng_Latn (en), tgt=hin_Deva (hi), text='You...'
[DEBUG] FLORES keys: ['en', 'hi', 'ta', 'te', 'ml']... ta in keys: True
[DEBUG] IndicTrans call: src=eng_Latn (en), tgt=hin_Deva (hi), text='You...'
[DEBUG] FLORES keys: ['en', 'hi', 'ta', 'te', 'ml']... ta in keys: True
[DEBUG] IndicTrans call: src=eng_Latn (en), tgt=hin_Deva (hi), text='So I want to be......'
[DEBUG] FLORES keys: ['en', 'hi', 'ta', 'te', 'ml']... ta in keys: True
[DEBUG] IndicTrans call: src=eng_Latn (en), tgt=hin_Deva (hi), text='So I want to be able...'
[DEBUG] FLORES keys: ['en', 'hi', 'ta', 'te', 'ml']... ta in keys: True
[DEBUG] IndicTrans call: src=eng_Latn (en), tgt=hin_Deva (hi), text='So I want to be able...'
[DEBUG] FLORES keys: ['en', 'hi', 'ta', 'te', 'ml']... ta in keys: True
[DEBUG] IndicTrans call: src=eng_Latn (en), tgt=hin_Deva (hi), text='So I will maybe have...'
[DEBUG] FLORES keys: ['en', 'hi', 'ta', 'te', 'ml']... ta in keys: True
[DEBUG] IndicTrans call: src=eng_Latn (en), tgt=hin_Deva (hi), text='So I will maybe have...'
[DEBUG] FLORES keys: ['en', 'hi', 'ta', 'te', 'ml']... ta in keys: True
[DEBUG] IndicTrans call: src=eng_Latn (en), tgt=hin_Deva (hi), text='So I want to be able...'
[DEBUG] FLORES keys: ['en', 'hi', 'ta', 'te', 'ml']... ta in keys: True
[DEBUG] IndicTrans call: src=eng_Latn (en), tgt=hin_Deva (hi), text='So I will maybe have...'
[DEBUG] FLORES keys: ['en', 'hi', 'ta', 'te', 'ml']... ta in keys: True
[DEBUG] IndicTrans call: src=eng_Latn (en), tgt=hin_Deva (hi), text='Come on....'
[DEBUG] FLORES keys: ['en', 'hi', 'ta', 'te', 'ml']... ta in keys: True
[DEBUG] IndicTrans call: src=eng_Latn (en), tgt=hin_Deva (hi), text='I'm also...'
[DEBUG] FLORES keys: ['en', 'hi', 'ta', 'te', 'ml']... ta in keys: True
[DEBUG] IndicTrans call: src=eng_Latn (en), tgt=hin_Deva (hi), text='I'm also gonna see...'
[DEBUG] FLORES keys: ['en', 'hi', 'ta', 'te', 'ml']... ta in keys: True
[DEBUG] IndicTrans call: src=eng_Latn (en), tgt=hin_Deva (hi), text='And as you can see.....'
[DEBUG] FLORES keys: ['en', 'hi', 'ta', 'te', 'ml']... ta in keys: True
[DEBUG] IndicTrans call: src=eng_Latn (en), tgt=hin_Deva (hi), text='And as you can see.....'
[DEBUG] FLORES keys: ['en', 'hi', 'ta', 'te', 'ml']... ta in keys: True
[DEBUG] IndicTrans call: src=eng_Latn (en), tgt=hin_Deva (hi), text='Please support me....'
[DEBUG] FLORES keys: ['en', 'hi', 'ta', 'te', 'ml']... ta in keys: True
[DEBUG] IndicTrans call: src=eng_Latn (en), tgt=hin_Deva (hi), text='This is the meeting ...'
[DEBUG] FLORES keys: ['en', 'hi', 'ta', 'te', 'ml']... ta in keys: True
[DEBUG] IndicTrans call: src=eng_Latn (en), tgt=hin_Deva (hi), text='This is the meeting ...'
[DEBUG] FLORES keys: ['en', 'hi', 'ta', 'te', 'ml']... ta in keys: True
[DEBUG] IndicTrans call: src=eng_Latn (en), tgt=hin_Deva (hi), text='This is the meeting ...'
[DEBUG] FLORES keys: ['en', 'hi', 'ta', 'te', 'ml']... ta in keys: True
[DEBUG] IndicTrans call: src=eng_Latn (en), tgt=hin_Deva (hi), text='This is the meeting ...'
[DEBUG] FLORES keys: ['en', 'hi', 'ta', 'te', 'ml']... ta in keys: True
[DEBUG] IndicTrans call: src=eng_Latn (en), tgt=hin_Deva (hi), text='This is the meeting ...'
[DEBUG] FLORES keys: ['en', 'hi', 'ta', 'te', 'ml']... ta in keys: True
[DEBUG] IndicTrans call: src=eng_Latn (en), tgt=hin_Deva (hi), text='I won't......'
[DEBUG] FLORES keys: ['en', 'hi', 'ta', 'te', 'ml']... ta in keys: True
[DEBUG] IndicTrans call: src=eng_Latn (en), tgt=hin_Deva (hi), text='2 of us is going to....'
[DEBUG] FLORES keys: ['en', 'hi', 'ta', 'te', 'ml']... ta in keys: True
[DEBUG] IndicTrans call: src=eng_Latn (en), tgt=hin_Deva (hi), text='I have also schedule...'
[DEBUG] FLORES keys: ['en', 'hi', 'ta', 'te', 'ml']... ta in keys: True
[DEBUG] IndicTrans call: src=eng_Latn (en), tgt=hin_Deva (hi), text='I have also schedule...'
[DEBUG] FLORES keys: ['en', 'hi', 'ta', 'te', 'ml']... ta in keys: True
[DEBUG] IndicTrans call: src=eng_Latn (en), tgt=hin_Deva (hi), text='I have also schedule...'
[DEBUG] FLORES keys: ['en', 'hi', 'ta', 'te', 'ml']... ta in keys: True
[DEBUG] IndicTrans call: src=eng_Latn (en), tgt=hin_Deva (hi), text='I have also schedule...'
[DEBUG] FLORES keys: ['en', 'hi', 'ta', 'te', 'ml']... ta in keys: True
[DEBUG] IndicTrans call: src=eng_Latn (en), tgt=hin_Deva (hi), text='I have also schedule...'
[DEBUG] FLORES keys: ['en', 'hi', 'ta', 'te', 'ml']... ta in keys: True
[DEBUG] IndicTrans call: src=eng_Latn (en), tgt=hin_Deva (hi), text='I have also schedule...'
[DEBUG] FLORES keys: ['en', 'hi', 'ta', 'te', 'ml']... ta in keys: True
[DEBUG] IndicTrans call: src=eng_Latn (en), tgt=hin_Deva (hi), text='I have also schedule...'
[DEBUG] FLORES keys: ['en', 'hi', 'ta', 'te', 'ml']... ta in keys: True
[DEBUG] IndicTrans call: src=eng_Latn (en), tgt=hin_Deva (hi), text='I have also schedule...'
[DEBUG] FLORES keys: ['en', 'hi', 'ta', 'te', 'ml']... ta in keys: True
[DEBUG] IndicTrans call: src=eng_Latn (en), tgt=hin_Deva (hi), text='I have also schedule...'
[DEBUG] FLORES keys: ['en', 'hi', 'ta', 'te', 'ml']... ta in keys: True
[DEBUG] IndicTrans call: src=eng_Latn (en), tgt=hin_Deva (hi), text='I have also schedule...'
[DEBUG] FLORES keys: ['en', 'hi', 'ta', 'te', 'ml']... ta in keys: True
[DEBUG] IndicTrans call: src=eng_Latn (en), tgt=hin_Deva (hi), text='So that'd be......'
[DEBUG] FLORES keys: ['en', 'hi', 'ta', 'te', 'ml']... ta in keys: True
[DEBUG] IndicTrans call: src=eng_Latn (en), tgt=hin_Deva (hi), text='So that would be als...'
[DEBUG] FLORES keys: ['en', 'hi', 'ta', 'te', 'ml']... ta in keys: True
[DEBUG] IndicTrans call: src=eng_Latn (en), tgt=hin_Deva (hi), text='So that would be als...'
[DEBUG] FLORES keys: ['en', 'hi', 'ta', 'te', 'ml']... ta in keys: True
[DEBUG] IndicTrans call: src=eng_Latn (en), tgt=hin_Deva (hi), text='So that would be als...'
[DEBUG] FLORES keys: ['en', 'hi', 'ta', 'te', 'ml']... ta in keys: True
[DEBUG] IndicTrans call: src=eng_Latn (en), tgt=hin_Deva (hi), text='So that would be als...'
[DEBUG] FLORES keys: ['en', 'hi', 'ta', 'te', 'ml']... ta in keys: True
[DEBUG] IndicTrans call: src=eng_Latn (en), tgt=hin_Deva (hi), text='So that would be als...'
[DEBUG] FLORES keys: ['en', 'hi', 'ta', 'te', 'ml']... ta in keys: True
[DEBUG] IndicTrans call: src=eng_Latn (en), tgt=hin_Deva (hi), text='So that would be als...'
[DEBUG] FLORES keys: ['en', 'hi', 'ta', 'te', 'ml']... ta in keys: True
[DEBUG] IndicTrans call: src=eng_Latn (en), tgt=hin_Deva (hi), text='So that would be als...'
[DEBUG] FLORES keys: ['en', 'hi', 'ta', 'te', 'ml']... ta in keys: True
[DEBUG] IndicTrans call: src=eng_Latn (en), tgt=hin_Deva (hi), text='So that would be als...'
[DEBUG] FLORES keys: ['en', 'hi', 'ta', 'te', 'ml']... ta in keys: True
[DEBUG] IndicTrans call: src=eng_Latn (en), tgt=hin_Deva (hi), text='So that would be als...'
[DEBUG] FLORES keys: ['en', 'hi', 'ta', 'te', 'ml']... ta in keys: True
[DEBUG] IndicTrans call: src=eng_Latn (en), tgt=hin_Deva (hi), text='So that would be als...'
[DEBUG] FLORES keys: ['en', 'hi', 'ta', 'te', 'ml']... ta in keys: True
[DEBUG] IndicTrans call: src=eng_Latn (en), tgt=hin_Deva (hi), text='So that would be als...'
[DEBUG] FLORES keys: ['en', 'hi', 'ta', 'te', 'ml']... ta in keys: True
[DEBUG] IndicTrans call: src=eng_Latn (en), tgt=hin_Deva (hi), text='So that would be als...'
[DEBUG] FLORES keys: ['en', 'hi', 'ta', 'te', 'ml']... ta in keys: True
[DEBUG] IndicTrans call: src=eng_Latn (en), tgt=hin_Deva (hi), text='So that would be als...'
[DEBUG] FLORES keys: ['en', 'hi', 'ta', 'te', 'ml']... ta in keys: True
[DEBUG] IndicTrans call: src=eng_Latn (en), tgt=hin_Deva (hi), text='So that will be also...'
[DEBUG] FLORES keys: ['en', 'hi', 'ta', 'te', 'ml']... ta in keys: True
[DEBUG] IndicTrans call: src=eng_Latn (en), tgt=hin_Deva (hi), text='So that will be also...'
[DEBUG] FLORES keys: ['en', 'hi', 'ta', 'te', 'ml']... ta in keys: True
[DEBUG] IndicTrans call: src=eng_Latn (en), tgt=hin_Deva (hi), text='It just happening ve...'
[DEBUG] FLORES keys: ['en', 'hi', 'ta', 'te', 'ml']... ta in keys: True
[DEBUG] IndicTrans call: src=eng_Latn (en), tgt=hin_Deva (hi), text='which is happening v...'
[DEBUG] FLORES keys: ['en', 'hi', 'ta', 'te', 'ml']... ta in keys: True
[DEBUG] IndicTrans call: src=eng_Latn (en), tgt=hin_Deva (hi), text='which is happening v...'
[DEBUG] FLORES keys: ['en', 'hi', 'ta', 'te', 'ml']... ta in keys: True
[DEBUG] IndicTrans call: src=eng_Latn (en), tgt=hin_Deva (hi), text='which is happening v...'
[DEBUG] FLORES keys: ['en', 'hi', 'ta', 'te', 'ml']... ta in keys: True
[DEBUG] IndicTrans call: src=eng_Latn (en), tgt=hin_Deva (hi), text='which is happening v...'
[DEBUG] FLORES keys: ['en', 'hi', 'ta', 'te', 'ml']... ta in keys: True
[DEBUG] IndicTrans call: src=eng_Latn (en), tgt=hin_Deva (hi), text='which is happening v...'
[DEBUG] FLORES keys: ['en', 'hi', 'ta', 'te', 'ml']... ta in keys: True
[DEBUG] IndicTrans call: src=eng_Latn (en), tgt=hin_Deva (hi), text='which is happening v...'
[DEBUG] FLORES keys: ['en', 'hi', 'ta', 'te', 'ml']... ta in keys: True
[DEBUG] IndicTrans call: src=eng_Latn (en), tgt=hin_Deva (hi), text='which is happening v...'
[DEBUG] FLORES keys: ['en', 'hi', 'ta', 'te', 'ml']... ta in keys: True
[DEBUG] IndicTrans call: src=eng_Latn (en), tgt=hin_Deva (hi), text='which is happening v...'
[DEBUG] FLORES keys: ['en', 'hi', 'ta', 'te', 'ml']... ta in keys: True
[DEBUG] IndicTrans call: src=eng_Latn (en), tgt=hin_Deva (hi), text='So...'
[DEBUG] FLORES keys: ['en', 'hi', 'ta', 'te', 'ml']... ta in keys: True
[DEBUG] IndicTrans call: src=eng_Latn (en), tgt=hin_Deva (hi), text='So what do we need?...'
[DEBUG] FLORES keys: ['en', 'hi', 'ta', 'te', 'ml']... ta in keys: True
[DEBUG] IndicTrans call: src=eng_Latn (en), tgt=hin_Deva (hi), text='So what do we need t...'
[DEBUG] FLORES keys: ['en', 'hi', 'ta', 'te', 'ml']... ta in keys: True
[DEBUG] IndicTrans call: src=eng_Latn (en), tgt=hin_Deva (hi), text='So what do we need t...'
[DEBUG] FLORES keys: ['en', 'hi', 'ta', 'te', 'ml']... ta in keys: True
[DEBUG] IndicTrans call: src=eng_Latn (en), tgt=hin_Deva (hi), text='So what do we need t...'
[DEBUG] FLORES keys: ['en', 'hi', 'ta', 'te', 'ml']... ta in keys: True
[DEBUG] IndicTrans call: src=eng_Latn (en), tgt=hin_Deva (hi), text='So what do we need t...'
[DEBUG] FLORES keys: ['en', 'hi', 'ta', 'te', 'ml']... ta in keys: True
[DEBUG] IndicTrans call: src=eng_Latn (en), tgt=hin_Deva (hi), text='So what do we need t...'
[DEBUG] FLORES keys: ['en', 'hi', 'ta', 'te', 'ml']... ta in keys: True
[DEBUG] IndicTrans call: src=eng_Latn (en), tgt=hin_Deva (hi), text='So what do we need t...'
[DEBUG] FLORES keys: ['en', 'hi', 'ta', 'te', 'ml']... ta in keys: True
[DEBUG] IndicTrans call: src=eng_Latn (en), tgt=hin_Deva (hi), text='Not the...'
[DEBUG] FLORES keys: ['en', 'hi', 'ta', 'te', 'ml']... ta in keys: True
[DEBUG] IndicTrans call: src=eng_Latn (en), tgt=hin_Deva (hi), text='Nothing much....'
[DEBUG] FLORES keys: ['en', 'hi', 'ta', 'te', 'ml']... ta in keys: True
[DEBUG] IndicTrans call: src=eng_Latn (en), tgt=hin_Deva (hi), text='Nothing much, you ju...'
[DEBUG] FLORES keys: ['en', 'hi', 'ta', 'te', 'ml']... ta in keys: True
[DEBUG] IndicTrans call: src=eng_Latn (en), tgt=hin_Deva (hi), text='Nothing much in just...'
[DEBUG] FLORES keys: ['en', 'hi', 'ta', 'te', 'ml']... ta in keys: True
[DEBUG] IndicTrans call: src=eng_Latn (en), tgt=hin_Deva (hi), text='Nothing much in just...'
[DEBUG] FLORES keys: ['en', 'hi', 'ta', 'te', 'ml']... ta in keys: True
[DEBUG] IndicTrans call: src=eng_Latn (en), tgt=hin_Deva (hi), text='Nothing much, it jus...'
[DEBUG] FLORES keys: ['en', 'hi', 'ta', 'te', 'ml']... ta in keys: True
[DEBUG] IndicTrans call: src=eng_Latn (en), tgt=hin_Deva (hi), text='Nothing much, it jus...'
[DEBUG] FLORES keys: ['en', 'hi', 'ta', 'te', 'ml']... ta in keys: True
[DEBUG] IndicTrans call: src=eng_Latn (en), tgt=hin_Deva (hi), text='Nothing much, it jus...'
[DEBUG] FLORES keys: ['en', 'hi', 'ta', 'te', 'ml']... ta in keys: True
[DEBUG] IndicTrans call: src=eng_Latn (en), tgt=hin_Deva (hi), text='Hmm...'
[DEBUG] FLORES keys: ['en', 'hi', 'ta', 'te', 'ml']... ta in keys: True
[DEBUG] IndicTrans call: src=eng_Latn (en), tgt=hin_Deva (hi), text='Hmm...'
[DEBUG] FLORES keys: ['en', 'hi', 'ta', 'te', 'ml']... ta in keys: True
[DEBUG] IndicTrans call: src=eng_Latn (en), tgt=hin_Deva (hi), text='You were late....'
[DEBUG] FLORES keys: ['en', 'hi', 'ta', 'te', 'ml']... ta in keys: True
[DEBUG] IndicTrans call: src=eng_Latn (en), tgt=hin_Deva (hi), text='and you will live wi...'
[DEBUG] FLORES keys: ['en', 'hi', 'ta', 'te', 'ml']... ta in keys: True
[DEBUG] IndicTrans call: src=eng_Latn (en), tgt=hin_Deva (hi), text='and you were there w...'
[DEBUG] FLORES keys: ['en', 'hi', 'ta', 'te', 'ml']... ta in keys: True
[DEBUG] IndicTrans call: src=eng_Latn (en), tgt=hin_Deva (hi), text='You were there waiti...'
[DEBUG] FLORES keys: ['en', 'hi', 'ta', 'te', 'ml']... ta in keys: True
[DEBUG] IndicTrans call: src=eng_Latn (en), tgt=hin_Deva (hi), text='even if waiting them...'
[DEBUG] FLORES keys: ['en', 'hi', 'ta', 'te', 'ml']... ta in keys: True
[DEBUG] IndicTrans call: src=eng_Latn (en), tgt=hin_Deva (hi), text='Even if waiting them...'
[DEBUG] FLORES keys: ['en', 'hi', 'ta', 'te', 'ml']... ta in keys: True
[DEBUG] IndicTrans call: src=eng_Latn (en), tgt=hin_Deva (hi), text='even if waiting them...'
[DEBUG] FLORES keys: ['en', 'hi', 'ta', 'te', 'ml']... ta in keys: True
[DEBUG] IndicTrans call: src=eng_Latn (en), tgt=hin_Deva (hi), text='even if we can do it...'
[DEBUG] FLORES keys: ['en', 'hi', 'ta', 'te', 'ml']... ta in keys: True
[DEBUG] IndicTrans call: src=eng_Latn (en), tgt=hin_Deva (hi), text='even if we think the...'
[DEBUG] FLORES keys: ['en', 'hi', 'ta', 'te', 'ml']... ta in keys: True
[DEBUG] IndicTrans call: src=eng_Latn (en), tgt=hin_Deva (hi), text='even if we think the...'
[DEBUG] FLORES keys: ['en', 'hi', 'ta', 'te', 'ml']... ta in keys: True
[DEBUG] IndicTrans call: src=eng_Latn (en), tgt=hin_Deva (hi), text='even if we think the...'
[DEBUG] FLORES keys: ['en', 'hi', 'ta', 'te', 'ml']... ta in keys: True
[DEBUG] IndicTrans call: src=eng_Latn (en), tgt=hin_Deva (hi), text='even if we think the...'
[DEBUG] FLORES keys: ['en', 'hi', 'ta', 'te', 'ml']... ta in keys: True
[DEBUG] IndicTrans call: src=eng_Latn (en), tgt=hin_Deva (hi), text='even if we think tha...'
[DEBUG] FLORES keys: ['en', 'hi', 'ta', 'te', 'ml']... ta in keys: True
[DEBUG] IndicTrans call: src=eng_Latn (en), tgt=hin_Deva (hi), text='even if we think the...'
[DEBUG] FLORES keys: ['en', 'hi', 'ta', 'te', 'ml']... ta in keys: True
[DEBUG] IndicTrans call: src=eng_Latn (en), tgt=hin_Deva (hi), text='even if we think the...'
[DEBUG] FLORES keys: ['en', 'hi', 'ta', 'te', 'ml']... ta in keys: True
[DEBUG] IndicTrans call: src=eng_Latn (en), tgt=hin_Deva (hi), text='even if we think the...'
[DEBUG] FLORES keys: ['en', 'hi', 'ta', 'te', 'ml']... ta in keys: True
[DEBUG] IndicTrans call: src=eng_Latn (en), tgt=hin_Deva (hi), text='even if we think the...'
[DEBUG] FLORES keys: ['en', 'hi', 'ta', 'te', 'ml']... ta in keys: True
[DEBUG] IndicTrans call: src=eng_Latn (en), tgt=hin_Deva (hi), text='even if we think the...'
[DEBUG] FLORES keys: ['en', 'hi', 'ta', 'te', 'ml']... ta in keys: True
[DEBUG] IndicTrans call: src=eng_Latn (en), tgt=hin_Deva (hi), text='even if we think the...'
[DEBUG] FLORES keys: ['en', 'hi', 'ta', 'te', 'ml']... ta in keys: True
[DEBUG] IndicTrans call: src=eng_Latn (en), tgt=hin_Deva (hi), text='even if we think tha...'
[DEBUG] FLORES keys: ['en', 'hi', 'ta', 'te', 'ml']... ta in keys: True
[DEBUG] IndicTrans call: src=eng_Latn (en), tgt=hin_Deva (hi), text='even if we can live....'
[DEBUG] FLORES keys: ['en', 'hi', 'ta', 'te', 'ml']... ta in keys: True
[DEBUG] IndicTrans call: src=eng_Latn (en), tgt=hin_Deva (hi), text='online...'
[DEBUG] FLORES keys: ['en', 'hi', 'ta', 'te', 'ml']... ta in keys: True
[DEBUG] IndicTrans call: src=eng_Latn (en), tgt=hin_Deva (hi), text='online...'
[DEBUG] FLORES keys: ['en', 'hi', 'ta', 'te', 'ml']... ta in keys: True
[DEBUG] IndicTrans call: src=eng_Latn (en), tgt=hin_Deva (hi), text='Online, so I give a....'
[DEBUG] FLORES keys: ['en', 'hi', 'ta', 'te', 'ml']... ta in keys: True
[DEBUG] IndicTrans call: src=eng_Latn (en), tgt=hin_Deva (hi), text='Online, so I give a ...'
[DEBUG] FLORES keys: ['en', 'hi', 'ta', 'te', 'ml']... ta in keys: True
[DEBUG] IndicTrans call: src=eng_Latn (en), tgt=hin_Deva (hi), text='online. So I give a ...'
[DEBUG] FLORES keys: ['en', 'hi', 'ta', 'te', 'ml']... ta in keys: True
[DEBUG] IndicTrans call: src=eng_Latn (en), tgt=hin_Deva (hi), text='online. So I give a ...'
[DEBUG] FLORES keys: ['en', 'hi', 'ta', 'te', 'ml']... ta in keys: True
[DEBUG] IndicTrans call: src=eng_Latn (en), tgt=hin_Deva (hi), text='online. So I give a ...'
[DEBUG] FLORES keys: ['en', 'hi', 'ta', 'te', 'ml']... ta in keys: True
[DEBUG] IndicTrans call: src=eng_Latn (en), tgt=hin_Deva (hi), text='online. So I give a ...'
[DEBUG] FLORES keys: ['en', 'hi', 'ta', 'te', 'ml']... ta in keys: True
[DEBUG] IndicTrans call: src=eng_Latn (en), tgt=hin_Deva (hi), text='for discretionary....'
[DEBUG] FLORES keys: ['en', 'hi', 'ta', 'te', 'ml']... ta in keys: True
[DEBUG] IndicTrans call: src=eng_Latn (en), tgt=hin_Deva (hi), text='The discretion requi...'
[DEBUG] FLORES keys: ['en', 'hi', 'ta', 'te', 'ml']... ta in keys: True
[DEBUG] IndicTrans call: src=eng_Latn (en), tgt=hin_Deva (hi), text='The discretion requi...'
[DEBUG] FLORES keys: ['en', 'hi', 'ta', 'te', 'ml']... ta in keys: True
[DEBUG] IndicTrans call: src=eng_Latn (en), tgt=hin_Deva (hi), text='If I...'
[DEBUG] FLORES keys: ['en', 'hi', 'ta', 'te', 'ml']... ta in keys: True
[DEBUG] IndicTrans call: src=eng_Latn (en), tgt=hin_Deva (hi), text='If I say...'
[DEBUG] FLORES keys: ['en', 'hi', 'ta', 'te', 'ml']... ta in keys: True
[DEBUG] IndicTrans call: src=eng_Latn (en), tgt=hin_Deva (hi), text='If I stay registrati...'
[DEBUG] FLORES keys: ['en', 'hi', 'ta', 'te', 'ml']... ta in keys: True
[DEBUG] IndicTrans call: src=eng_Latn (en), tgt=hin_Deva (hi), text='If I see registratio...'
[DEBUG] FLORES keys: ['en', 'hi', 'ta', 'te', 'ml']... ta in keys: True
[DEBUG] IndicTrans call: src=eng_Latn (en), tgt=hin_Deva (hi), text='If I stay registrati...'
[DEBUG] FLORES keys: ['en', 'hi', 'ta', 'te', 'ml']... ta in keys: True
[DEBUG] IndicTrans call: src=eng_Latn (en), tgt=hin_Deva (hi), text='If I stay registrati...'
[DEBUG] FLORES keys: ['en', 'hi', 'ta', 'te', 'ml']... ta in keys: True
[DEBUG] IndicTrans call: src=eng_Latn (en), tgt=hin_Deva (hi), text='If I stay registrati...'
[DEBUG] FLORES keys: ['en', 'hi', 'ta', 'te', 'ml']... ta in keys: True
[DEBUG] IndicTrans call: src=eng_Latn (en), tgt=hin_Deva (hi), text='If I stay registrati...'
[DEBUG] FLORES keys: ['en', 'hi', 'ta', 'te', 'ml']... ta in keys: True
[DEBUG] IndicTrans call: src=eng_Latn (en), tgt=hin_Deva (hi), text='If I stay registrati...'
[DEBUG] FLORES keys: ['en', 'hi', 'ta', 'te', 'ml']... ta in keys: True
[DEBUG] IndicTrans call: src=eng_Latn (en), tgt=hin_Deva (hi), text='If I stay registrati...'
[DEBUG] FLORES keys: ['en', 'hi', 'ta', 'te', 'ml']... ta in keys: True
[DEBUG] IndicTrans call: src=eng_Latn (en), tgt=hin_Deva (hi), text='If I stay registrati...'
[DEBUG] FLORES keys: ['en', 'hi', 'ta', 'te', 'ml']... ta in keys: True
[DEBUG] IndicTrans call: src=eng_Latn (en), tgt=hin_Deva (hi), text='If I say registratio...'
[DEBUG] FLORES keys: ['en', 'hi', 'ta', 'te', 'ml']... ta in keys: True
[DEBUG] IndicTrans call: src=eng_Latn (en), tgt=hin_Deva (hi), text='If I say registratio...'
[DEBUG] FLORES keys: ['en', 'hi', 'ta', 'te', 'ml']... ta in keys: True
[DEBUG] IndicTrans call: src=eng_Latn (en), tgt=hin_Deva (hi), text='If I say registratio...'
[DEBUG] FLORES keys: ['en', 'hi', 'ta', 'te', 'ml']... ta in keys: True
[DEBUG] IndicTrans call: src=eng_Latn (en), tgt=hin_Deva (hi), text='If I say registratio...'
[DEBUG] FLORES keys: ['en', 'hi', 'ta', 'te', 'ml']... ta in keys: True
[DEBUG] IndicTrans call: src=eng_Latn (en), tgt=hin_Deva (hi), text='If I say registratio...'
[DEBUG] FLORES keys: ['en', 'hi', 'ta', 'te', 'ml']... ta in keys: True
[DEBUG] IndicTrans call: src=eng_Latn (en), tgt=hin_Deva (hi), text='If I say registratio...'
[DEBUG] FLORES keys: ['en', 'hi', 'ta', 'te', 'ml']... ta in keys: True
[DEBUG] IndicTrans call: src=eng_Latn (en), tgt=hin_Deva (hi), text='If I say registratio...'
[DEBUG] FLORES keys: ['en', 'hi', 'ta', 'te', 'ml']... ta in keys: True
[DEBUG] IndicTrans call: src=eng_Latn (en), tgt=tam_Drav (ta), text='Please...'
[DEBUG] FLORES keys: ['en', 'hi', 'ta', 'te', 'ml']... ta in keys: True
[DEBUG] IndicTrans call: src=eng_Latn (en), tgt=tam_Drav (ta), text='Please...'
[DEBUG] FLORES keys: ['en', 'hi', 'ta', 'te', 'ml']... ta in keys: True
[DEBUG] IndicTrans call: src=eng_Latn (en), tgt=tam_Drav (ta), text='All right....'
[DEBUG] FLORES keys: ['en', 'hi', 'ta', 'te', 'ml']... ta in keys: True
[DEBUG] IndicTrans call: src=eng_Latn (en), tgt=tam_Drav (ta), text='I work with you....'
[DEBUG] FLORES keys: ['en', 'hi', 'ta', 'te', 'ml']... ta in keys: True
[DEBUG] IndicTrans call: src=eng_Latn (en), tgt=tam_Drav (ta), text='How? What meeting I ...'
[DEBUG] FLORES keys: ['en', 'hi', 'ta', 'te', 'ml']... ta in keys: True
[DEBUG] IndicTrans call: src=eng_Latn (en), tgt=tam_Drav (ta), text='How? What meeting ID...'
[DEBUG] FLORES keys: ['en', 'hi', 'ta', 'te', 'ml']... ta in keys: True
[DEBUG] IndicTrans call: src=eng_Latn (en), tgt=tam_Drav (ta), text='How? What leading id...'
[DEBUG] FLORES keys: ['en', 'hi', 'ta', 'te', 'ml']... ta in keys: True
[DEBUG] IndicTrans call: src=eng_Latn (en), tgt=tam_Drav (ta), text='How? What leading id...'
[DEBUG] FLORES keys: ['en', 'hi', 'ta', 'te', 'ml']... ta in keys: True
[DEBUG] IndicTrans call: src=eng_Latn (en), tgt=tam_Drav (ta), text='So, value...'
[DEBUG] FLORES keys: ['en', 'hi', 'ta', 'te', 'ml']... ta in keys: True
[DEBUG] IndicTrans call: src=eng_Latn (en), tgt=tam_Drav (ta), text='So when you have a b...'
[DEBUG] FLORES keys: ['en', 'hi', 'ta', 'te', 'ml']... ta in keys: True
[DEBUG] IndicTrans call: src=eng_Latn (en), tgt=tam_Drav (ta), text='So when you have a c...'
[DEBUG] FLORES keys: ['en', 'hi', 'ta', 'te', 'ml']... ta in keys: True
[DEBUG] IndicTrans call: src=eng_Latn (en), tgt=tam_Drav (ta), text='So when you have a c...'
[DEBUG] FLORES keys: ['en', 'hi', 'ta', 'te', 'ml']... ta in keys: True
[DEBUG] IndicTrans call: src=eng_Latn (en), tgt=tam_Drav (ta), text='So when you have a c...'
[DEBUG] FLORES keys: ['en', 'hi', 'ta', 'te', 'ml']... ta in keys: True
[DEBUG] IndicTrans call: src=eng_Latn (en), tgt=tam_Drav (ta), text='So when you have a c...'
[DEBUG] FLORES keys: ['en', 'hi', 'ta', 'te', 'ml']... ta in keys: True
[DEBUG] IndicTrans call: src=eng_Latn (en), tgt=tam_Drav (ta), text='So when you have a p...'
[DEBUG] FLORES keys: ['en', 'hi', 'ta', 'te', 'ml']... ta in keys: True
[DEBUG] IndicTrans call: src=eng_Latn (en), tgt=tam_Drav (ta), text='So when you have a c...'
[DEBUG] FLORES keys: ['en', 'hi', 'ta', 'te', 'ml']... ta in keys: True
[DEBUG] IndicTrans call: src=eng_Latn (en), tgt=tam_Drav (ta), text='So when you have a c...'
[DEBUG] FLORES keys: ['en', 'hi', 'ta', 'te', 'ml']... ta in keys: True
[DEBUG] IndicTrans call: src=eng_Latn (en), tgt=tam_Drav (ta), text='So when you have a c...'
[DEBUG] FLORES keys: ['en', 'hi', 'ta', 'te', 'ml']... ta in keys: True
[DEBUG] IndicTrans call: src=eng_Latn (en), tgt=tam_Drav (ta), text='So when you have a c...'
[DEBUG] FLORES keys: ['en', 'hi', 'ta', 'te', 'ml']... ta in keys: True
[DEBUG] IndicTrans call: src=eng_Latn (en), tgt=tam_Drav (ta), text='So when you have a c...'
[DEBUG] FLORES keys: ['en', 'hi', 'ta', 'te', 'ml']... ta in keys: True
[DEBUG] IndicTrans call: src=eng_Latn (en), tgt=tam_Drav (ta), text='So when you have a c...'
[DEBUG] FLORES keys: ['en', 'hi', 'ta', 'te', 'ml']... ta in keys: True
[DEBUG] IndicTrans call: src=eng_Latn (en), tgt=tam_Drav (ta), text='So when you have a c...'
[DEBUG] FLORES keys: ['en', 'hi', 'ta', 'te', 'ml']... ta in keys: True
[DEBUG] IndicTrans call: src=eng_Latn (en), tgt=tam_Drav (ta), text='So when you have a c...'
[DEBUG] FLORES keys: ['en', 'hi', 'ta', 'te', 'ml']... ta in keys: True
[DEBUG] IndicTrans call: src=eng_Latn (en), tgt=tel_Telu (te), text='the certain block....'
[DEBUG] FLORES keys: ['en', 'hi', 'ta', 'te', 'ml']... ta in keys: True
[DEBUG] IndicTrans call: src=eng_Latn (en), tgt=tel_Telu (te), text='the certain option i...'
[DEBUG] FLORES keys: ['en', 'hi', 'ta', 'te', 'ml']... ta in keys: True
[DEBUG] IndicTrans call: src=eng_Latn (en), tgt=tel_Telu (te), text='the certain option i...'
[DEBUG] FLORES keys: ['en', 'hi', 'ta', 'te', 'ml']... ta in keys: True
[DEBUG] IndicTrans call: src=eng_Latn (en), tgt=tel_Telu (te), text='the second option is...'
[DEBUG] FLORES keys: ['en', 'hi', 'ta', 'te', 'ml']... ta in keys: True
[DEBUG] IndicTrans call: src=eng_Latn (en), tgt=tel_Telu (te), text='the second option is...'
[DEBUG] FLORES keys: ['en', 'hi', 'ta', 'te', 'ml']... ta in keys: True
[DEBUG] IndicTrans call: src=eng_Latn (en), tgt=tel_Telu (te), text='The second option is...'
[DEBUG] FLORES keys: ['en', 'hi', 'ta', 'te', 'ml']... ta in keys: True
[DEBUG] IndicTrans call: src=eng_Latn (en), tgt=tel_Telu (te), text='the second option is...'
[DEBUG] FLORES keys: ['en', 'hi', 'ta', 'te', 'ml']... ta in keys: True
[DEBUG] IndicTrans call: src=eng_Latn (en), tgt=tel_Telu (te), text='the second option is...'
[DEBUG] FLORES keys: ['en', 'hi', 'ta', 'te', 'ml']... ta in keys: True
[DEBUG] IndicTrans call: src=eng_Latn (en), tgt=tel_Telu (te), text='the second option is...'
[DEBUG] FLORES keys: ['en', 'hi', 'ta', 'te', 'ml']... ta in keys: True
[DEBUG] IndicTrans call: src=eng_Latn (en), tgt=tel_Telu (te), text='the second option is...'
[DEBUG] FLORES keys: ['en', 'hi', 'ta', 'te', 'ml']... ta in keys: True
[DEBUG] IndicTrans call: src=eng_Latn (en), tgt=tel_Telu (te), text='the second option is...'
[DEBUG] FLORES keys: ['en', 'hi', 'ta', 'te', 'ml']... ta in keys: True
[DEBUG] IndicTrans call: src=eng_Latn (en), tgt=tel_Telu (te), text='the second option is...'
[DEBUG] FLORES keys: ['en', 'hi', 'ta', 'te', 'ml']... ta in keys: True
[DEBUG] IndicTrans call: src=eng_Latn (en), tgt=tel_Telu (te), text='the second option is...'
[DEBUG] FLORES keys: ['en', 'hi', 'ta', 'te', 'ml']... ta in keys: True
[DEBUG] IndicTrans call: src=eng_Latn (en), tgt=tel_Telu (te), text='the second option is...'
[DEBUG] FLORES keys: ['en', 'hi', 'ta', 'te', 'ml']... ta in keys: True
[DEBUG] IndicTrans call: src=eng_Latn (en), tgt=tel_Telu (te), text='the second option is...'
[DEBUG] FLORES keys: ['en', 'hi', 'ta', 'te', 'ml']... ta in keys: True
[DEBUG] IndicTrans call: src=eng_Latn (en), tgt=tel_Telu (te), text='the second option is...'
[DEBUG] FLORES keys: ['en', 'hi', 'ta', 'te', 'ml']... ta in keys: True
[DEBUG] IndicTrans call: src=eng_Latn (en), tgt=tel_Telu (te), text='the second option is...'
[DEBUG] FLORES keys: ['en', 'hi', 'ta', 'te', 'ml']... ta in keys: True
[DEBUG] IndicTrans call: src=eng_Latn (en), tgt=tel_Telu (te), text='the second option is...'
[DEBUG] FLORES keys: ['en', 'hi', 'ta', 'te', 'ml']... ta in keys: True
[DEBUG] IndicTrans call: src=eng_Latn (en), tgt=tel_Telu (te), text='the second option is...'
[DEBUG] FLORES keys: ['en', 'hi', 'ta', 'te', 'ml']... ta in keys: True
[DEBUG] IndicTrans call: src=eng_Latn (en), tgt=tel_Telu (te), text='the second option is...'
[DEBUG] FLORES keys: ['en', 'hi', 'ta', 'te', 'ml']... ta in keys: True
[DEBUG] IndicTrans call: src=eng_Latn (en), tgt=tel_Telu (te), text='the second option is...'
[DEBUG] FLORES keys: ['en', 'hi', 'ta', 'te', 'ml']... ta in keys: True
[DEBUG] IndicTrans call: src=eng_Latn (en), tgt=tel_Telu (te), text='So what will happen ...'
[DEBUG] FLORES keys: ['en', 'hi', 'ta', 'te', 'ml']... ta in keys: True
[DEBUG] IndicTrans call: src=eng_Latn (en), tgt=tel_Telu (te), text='So what will happen ...'
[DEBUG] FLORES keys: ['en', 'hi', 'ta', 'te', 'ml']... ta in keys: True
[DEBUG] IndicTrans call: src=eng_Latn (en), tgt=tel_Telu (te), text='So what will happen ...'
[DEBUG] FLORES keys: ['en', 'hi', 'ta', 'te', 'ml']... ta in keys: True
[DEBUG] IndicTrans call: src=eng_Latn (en), tgt=tel_Telu (te), text='So what will happen ...'
[DEBUG] FLORES keys: ['en', 'hi', 'ta', 'te', 'ml']... ta in keys: True
[DEBUG] IndicTrans call: src=eng_Latn (en), tgt=tel_Telu (te), text='So what will happen ...'
[DEBUG] FLORES keys: ['en', 'hi', 'ta', 'te', 'ml']... ta in keys: True
[DEBUG] IndicTrans call: src=eng_Latn (en), tgt=tel_Telu (te), text='So what will happen ...'
[DEBUG] FLORES keys: ['en', 'hi', 'ta', 'te', 'ml']... ta in keys: True
[DEBUG] IndicTrans call: src=eng_Latn (en), tgt=tel_Telu (te), text='So what will happen ...'
[DEBUG] FLORES keys: ['en', 'hi', 'ta', 'te', 'ml']... ta in keys: True
[DEBUG] IndicTrans call: src=eng_Latn (en), tgt=tel_Telu (te), text='So what will happen ...'
[DEBUG] FLORES keys: ['en', 'hi', 'ta', 'te', 'ml']... ta in keys: True
[DEBUG] IndicTrans call: src=eng_Latn (en), tgt=mar_Deva (mr), text='You...'
[DEBUG] FLORES keys: ['en', 'hi', 'ta', 'te', 'ml']... ta in keys: True
[DEBUG] IndicTrans call: src=eng_Latn (en), tgt=mar_Deva (mr), text='You will be delighte...'
[DEBUG] FLORES keys: ['en', 'hi', 'ta', 'te', 'ml']... ta in keys: True
[DEBUG] IndicTrans call: src=eng_Latn (en), tgt=mar_Deva (mr), text='You will be divided ...'
[DEBUG] FLORES keys: ['en', 'hi', 'ta', 'te', 'ml']... ta in keys: True
[DEBUG] IndicTrans call: src=eng_Latn (en), tgt=mar_Deva (mr), text='You will be the idea...'
[DEBUG] FLORES keys: ['en', 'hi', 'ta', 'te', 'ml']... ta in keys: True
[DEBUG] IndicTrans call: src=eng_Latn (en), tgt=mar_Deva (mr), text='Do you need a possib...'
[DEBUG] FLORES keys: ['en', 'hi', 'ta', 'te', 'ml']... ta in keys: True
[DEBUG] IndicTrans call: src=eng_Latn (en), tgt=mar_Deva (mr), text='Do you need a passwo...'
[DEBUG] FLORES keys: ['en', 'hi', 'ta', 'te', 'ml']... ta in keys: True
[DEBUG] IndicTrans call: src=eng_Latn (en), tgt=mar_Deva (mr), text='Do you need a passwo...'
[DEBUG] FLORES keys: ['en', 'hi', 'ta', 'te', 'ml']... ta in keys: True
[DEBUG] IndicTrans call: src=eng_Latn (en), tgt=mar_Deva (mr), text='Do you need a passwo...'
[DEBUG] FLORES keys: ['en', 'hi', 'ta', 'te', 'ml']... ta in keys: True
[DEBUG] IndicTrans call: src=eng_Latn (en), tgt=mar_Deva (mr), text='Do you need a passwo...'
[DEBUG] FLORES keys: ['en', 'hi', 'ta', 'te', 'ml']... ta in keys: True
[DEBUG] IndicTrans call: src=eng_Latn (en), tgt=mar_Deva (mr), text='Do you need a passwo...'
[DEBUG] FLORES keys: ['en', 'hi', 'ta', 'te', 'ml']... ta in keys: True
[DEBUG] IndicTrans call: src=eng_Latn (en), tgt=mar_Deva (mr), text='It becomes...'
[DEBUG] FLORES keys: ['en', 'hi', 'ta', 'te', 'ml']... ta in keys: True
[DEBUG] IndicTrans call: src=eng_Latn (en), tgt=mar_Deva (mr), text='It becomes addition....'
[DEBUG] FLORES keys: ['en', 'hi', 'ta', 'te', 'ml']... ta in keys: True
[DEBUG] IndicTrans call: src=eng_Latn (en), tgt=mar_Deva (mr), text='It becomes additiona...'
[DEBUG] FLORES keys: ['en', 'hi', 'ta', 'te', 'ml']... ta in keys: True
[DEBUG] IndicTrans call: src=eng_Latn (en), tgt=mar_Deva (mr), text='it becomes additiona...'
[DEBUG] FLORES keys: ['en', 'hi', 'ta', 'te', 'ml']... ta in keys: True
[DEBUG] IndicTrans call: src=eng_Latn (en), tgt=mar_Deva (mr), text='It becomes additiona...'
[DEBUG] FLORES keys: ['en', 'hi', 'ta', 'te', 'ml']... ta in keys: True
[DEBUG] IndicTrans call: src=eng_Latn (en), tgt=mar_Deva (mr), text='It becomes additiona...'
[DEBUG] FLORES keys: ['en', 'hi', 'ta', 'te', 'ml']... ta in keys: True
[DEBUG] IndicTrans call: src=eng_Latn (en), tgt=mar_Deva (mr), text='It becomes additiona...'
[DEBUG] FLORES keys: ['en', 'hi', 'ta', 'te', 'ml']... ta in keys: True
[DEBUG] IndicTrans call: src=eng_Latn (en), tgt=mar_Deva (mr), text='It becomes additiona...'
[DEBUG] FLORES keys: ['en', 'hi', 'ta', 'te', 'ml']... ta in keys: True
[DEBUG] IndicTrans call: src=eng_Latn (en), tgt=mar_Deva (mr), text='It becomes additiona...'
[DEBUG] FLORES keys: ['en', 'hi', 'ta', 'te', 'ml']... ta in keys: True
[DEBUG] IndicTrans call: src=eng_Latn (en), tgt=mar_Deva (mr), text='It becomes additiona...'
[DEBUG] FLORES keys: ['en', 'hi', 'ta', 'te', 'ml']... ta in keys: True
[DEBUG] IndicTrans call: src=eng_Latn (en), tgt=mar_Deva (mr), text='So, we're going to.....'
[DEBUG] FLORES keys: ['en', 'hi', 'ta', 'te', 'ml']... ta in keys: True
[DEBUG] IndicTrans call: src=eng_Latn (en), tgt=mar_Deva (mr), text='For more confidence...'
[DEBUG] FLORES keys: ['en', 'hi', 'ta', 'te', 'ml']... ta in keys: True
[DEBUG] IndicTrans call: src=eng_Latn (en), tgt=mar_Deva (mr), text='For more company-cas...'
[DEBUG] FLORES keys: ['en', 'hi', 'ta', 'te', 'ml']... ta in keys: True
[DEBUG] IndicTrans call: src=eng_Latn (en), tgt=tam_Drav (ta), text='your hands....'
[DEBUG] FLORES keys: ['en', 'hi', 'ta', 'te', 'ml']... ta in keys: True
[DEBUG] IndicTrans call: src=eng_Latn (en), tgt=hin_Deva (hi), text='on yours...'
[DEBUG] FLORES keys: ['en', 'hi', 'ta', 'te', 'ml']... ta in keys: True
[DEBUG] IndicTrans call: src=eng_Latn (en), tgt=tam_Drav (ta), text='your hand....'
[DEBUG] FLORES keys: ['en', 'hi', 'ta', 'te', 'ml']... ta in keys: True
[DEBUG] IndicTrans call: src=eng_Latn (en), tgt=hin_Deva (hi), text='on your screens....'
[DEBUG] FLORES keys: ['en', 'hi', 'ta', 'te', 'ml']... ta in keys: True
[DEBUG] IndicTrans call: src=eng_Latn (en), tgt=hin_Deva (hi), text='on your screens and ...'
[DEBUG] FLORES keys: ['en', 'hi', 'ta', 'te', 'ml']... ta in keys: True
[DEBUG] IndicTrans call: src=eng_Latn (en), tgt=hin_Deva (hi), text='All....'
[DEBUG] FLORES keys: ['en', 'hi', 'ta', 'te', 'ml']... ta in keys: True
[DEBUG] IndicTrans call: src=eng_Latn (en), tgt=hin_Deva (hi), text='Also...'
[DEBUG] FLORES keys: ['en', 'hi', 'ta', 'te', 'ml']... ta in keys: True
[DEBUG] IndicTrans call: src=eng_Latn (en), tgt=hin_Deva (hi), text='Also appreciate...'
[DEBUG] FLORES keys: ['en', 'hi', 'ta', 'te', 'ml']... ta in keys: True
[DEBUG] IndicTrans call: src=eng_Latn (en), tgt=hin_Deva (hi), text='Also appreciate...'
[DEBUG] FLORES keys: ['en', 'hi', 'ta', 'te', 'ml']... ta in keys: True
[DEBUG] IndicTrans call: src=eng_Latn (en), tgt=hin_Deva (hi), text='Also appreciate your...'
[DEBUG] FLORES keys: ['en', 'hi', 'ta', 'te', 'ml']... ta in keys: True
[DEBUG] IndicTrans call: src=eng_Latn (en), tgt=hin_Deva (hi), text='Also appreciate you ...'
[DEBUG] FLORES keys: ['en', 'hi', 'ta', 'te', 'ml']... ta in keys: True
[DEBUG] IndicTrans call: src=eng_Latn (en), tgt=hin_Deva (hi), text='Also appreciate you ...'
[DEBUG] FLORES keys: ['en', 'hi', 'ta', 'te', 'ml']... ta in keys: True
[DEBUG] IndicTrans call: src=eng_Latn (en), tgt=hin_Deva (hi), text='Also appreciate you ...'
[DEBUG] FLORES keys: ['en', 'hi', 'ta', 'te', 'ml']... ta in keys: True
[DEBUG] IndicTrans call: src=eng_Latn (en), tgt=hin_Deva (hi), text='Also appreciate you ...'
[DEBUG] FLORES keys: ['en', 'hi', 'ta', 'te', 'ml']... ta in keys: True
[DEBUG] IndicTrans call: src=eng_Latn (en), tgt=hin_Deva (hi), text='Free....'
[DEBUG] FLORES keys: ['en', 'hi', 'ta', 'te', 'ml']... ta in keys: True
[DEBUG] IndicTrans call: src=eng_Latn (en), tgt=hin_Deva (hi), text='free from the...'
[DEBUG] FLORES keys: ['en', 'hi', 'ta', 'te', 'ml']... ta in keys: True
[DEBUG] IndicTrans call: src=eng_Latn (en), tgt=hin_Deva (hi), text='freeing from disturb...'
[DEBUG] FLORES keys: ['en', 'hi', 'ta', 'te', 'ml']... ta in keys: True
[DEBUG] IndicTrans call: src=eng_Latn (en), tgt=hin_Deva (hi), text='freeing from disturb...'
[DEBUG] FLORES keys: ['en', 'hi', 'ta', 'te', 'ml']... ta in keys: True
[DEBUG] IndicTrans call: src=eng_Latn (en), tgt=hin_Deva (hi), text='freeing from disturb...'
[DEBUG] FLORES keys: ['en', 'hi', 'ta', 'te', 'ml']... ta in keys: True
[DEBUG] IndicTrans call: src=eng_Latn (en), tgt=hin_Deva (hi), text='and connect...'
[DEBUG] FLORES keys: ['en', 'hi', 'ta', 'te', 'ml']... ta in keys: True
[DEBUG] IndicTrans call: src=eng_Latn (en), tgt=hin_Deva (hi), text='and connect to it....'
[DEBUG] FLORES keys: ['en', 'hi', 'ta', 'te', 'ml']... ta in keys: True
[DEBUG] IndicTrans call: src=eng_Latn (en), tgt=hin_Deva (hi), text='and connect it to th...'
[DEBUG] FLORES keys: ['en', 'hi', 'ta', 'te', 'ml']... ta in keys: True
[DEBUG] IndicTrans call: src=eng_Latn (en), tgt=hin_Deva (hi), text='and connect it to th...'
[DEBUG] FLORES keys: ['en', 'hi', 'ta', 'te', 'ml']... ta in keys: True
[DEBUG] IndicTrans call: src=eng_Latn (en), tgt=hin_Deva (hi), text='and connect it to th...'
[DEBUG] FLORES keys: ['en', 'hi', 'ta', 'te', 'ml']... ta in keys: True
[DEBUG] IndicTrans call: src=eng_Latn (en), tgt=hin_Deva (hi), text='and connect it to th...'
[DEBUG] FLORES keys: ['en', 'hi', 'ta', 'te', 'ml']... ta in keys: True
[DEBUG] IndicTrans call: src=eng_Latn (en), tgt=hin_Deva (hi), text='with the...'
[DEBUG] FLORES keys: ['en', 'hi', 'ta', 'te', 'ml']... ta in keys: True
[DEBUG] IndicTrans call: src=eng_Latn (en), tgt=hin_Deva (hi), text='with the power back...'
[DEBUG] FLORES keys: ['en', 'hi', 'ta', 'te', 'ml']... ta in keys: True
[DEBUG] IndicTrans call: src=eng_Latn (en), tgt=hin_Deva (hi), text='with the power bank....'
[DEBUG] FLORES keys: ['en', 'hi', 'ta', 'te', 'ml']... ta in keys: True
[DEBUG] IndicTrans call: src=eng_Latn (en), tgt=hin_Deva (hi), text='with the power bank....'
[DEBUG] FLORES keys: ['en', 'hi', 'ta', 'te', 'ml']... ta in keys: True
[DEBUG] IndicTrans call: src=eng_Latn (en), tgt=hin_Deva (hi), text='Twitch...'
[DEBUG] FLORES keys: ['en', 'hi', 'ta', 'te', 'ml']... ta in keys: True
[DEBUG] IndicTrans call: src=eng_Latn (en), tgt=hin_Deva (hi), text='to charge...'
[DEBUG] FLORES keys: ['en', 'hi', 'ta', 'te', 'ml']... ta in keys: True
[DEBUG] IndicTrans call: src=eng_Latn (en), tgt=hin_Deva (hi), text='To charge your mobil...'
[DEBUG] FLORES keys: ['en', 'hi', 'ta', 'te', 'ml']... ta in keys: True
[DEBUG] IndicTrans call: src=eng_Latn (en), tgt=hin_Deva (hi), text='to charge your mobil...'
[DEBUG] FLORES keys: ['en', 'hi', 'ta', 'te', 'ml']... ta in keys: True
[DEBUG] IndicTrans call: src=eng_Latn (en), tgt=hin_Deva (hi), text='to charge your mobil...'
[DEBUG] FLORES keys: ['en', 'hi', 'ta', 'te', 'ml']... ta in keys: True
[DEBUG] IndicTrans call: src=eng_Latn (en), tgt=hin_Deva (hi), text='Let's see....'
[DEBUG] FLORES keys: ['en', 'hi', 'ta', 'te', 'ml']... ta in keys: True
[DEBUG] IndicTrans call: src=eng_Latn (en), tgt=hin_Deva (hi), text='Assuming......'
[DEBUG] FLORES keys: ['en', 'hi', 'ta', 'te', 'ml']... ta in keys: True
[DEBUG] IndicTrans call: src=eng_Latn (en), tgt=hin_Deva (hi), text='Assuming you are a...'
[DEBUG] FLORES keys: ['en', 'hi', 'ta', 'te', 'ml']... ta in keys: True
[DEBUG] IndicTrans call: src=eng_Latn (en), tgt=hin_Deva (hi), text='Assuming you are at ...'
[DEBUG] FLORES keys: ['en', 'hi', 'ta', 'te', 'ml']... ta in keys: True
[DEBUG] IndicTrans call: src=eng_Latn (en), tgt=hin_Deva (hi), text='Assuming you are at ...'
[DEBUG] FLORES keys: ['en', 'hi', 'ta', 'te', 'ml']... ta in keys: True
[DEBUG] IndicTrans call: src=eng_Latn (en), tgt=hin_Deva (hi), text='Assuming you are at ...'
[DEBUG] FLORES keys: ['en', 'hi', 'ta', 'te', 'ml']... ta in keys: True
[DEBUG] IndicTrans call: src=eng_Latn (en), tgt=mar_Deva (mr), text='or at place of work....'
[DEBUG] FLORES keys: ['en', 'hi', 'ta', 'te', 'ml']... ta in keys: True
[DEBUG] IndicTrans call: src=eng_Latn (en), tgt=mar_Deva (mr), text='or at place of work....'
[DEBUG] FLORES keys: ['en', 'hi', 'ta', 'te', 'ml']... ta in keys: True
[DEBUG] IndicTrans call: src=eng_Latn (en), tgt=mar_Deva (mr), text='or at place of work....'
[DEBUG] FLORES keys: ['en', 'hi', 'ta', 'te', 'ml']... ta in keys: True
[DEBUG] IndicTrans call: src=eng_Latn (en), tgt=mar_Deva (mr), text='You will...'
[DEBUG] FLORES keys: ['en', 'hi', 'ta', 'te', 'ml']... ta in keys: True
[DEBUG] IndicTrans call: src=eng_Latn (en), tgt=mar_Deva (mr), text='You were watching...'
[DEBUG] FLORES keys: ['en', 'hi', 'ta', 'te', 'ml']... ta in keys: True
[DEBUG] IndicTrans call: src=eng_Latn (en), tgt=mar_Deva (mr), text='You would know...'
[DEBUG] FLORES keys: ['en', 'hi', 'ta', 'te', 'ml']... ta in keys: True
[DEBUG] IndicTrans call: src=eng_Latn (en), tgt=mar_Deva (mr), text='You would know the e...'
[DEBUG] FLORES keys: ['en', 'hi', 'ta', 'te', 'ml']... ta in keys: True
[DEBUG] IndicTrans call: src=eng_Latn (en), tgt=mar_Deva (mr), text='You would know the e...'
[DEBUG] FLORES keys: ['en', 'hi', 'ta', 'te', 'ml']... ta in keys: True
[DEBUG] IndicTrans call: src=eng_Latn (en), tgt=mar_Deva (mr), text='You would know the e...'
[DEBUG] FLORES keys: ['en', 'hi', 'ta', 'te', 'ml']... ta in keys: True
[DEBUG] IndicTrans call: src=eng_Latn (en), tgt=mar_Deva (mr), text='You would know the e...'
[DEBUG] FLORES keys: ['en', 'hi', 'ta', 'te', 'ml']... ta in keys: True
[DEBUG] IndicTrans call: src=eng_Latn (en), tgt=mar_Deva (mr), text='You would know the e...'
[DEBUG] FLORES keys: ['en', 'hi', 'ta', 'te', 'ml']... ta in keys: True
[DEBUG] IndicTrans call: src=eng_Latn (en), tgt=mar_Deva (mr), text='You would know the e...'
[DEBUG] FLORES keys: ['en', 'hi', 'ta', 'te', 'ml']... ta in keys: True
[DEBUG] IndicTrans call: src=eng_Latn (en), tgt=mar_Deva (mr), text='You would know the e...'
[DEBUG] FLORES keys: ['en', 'hi', 'ta', 'te', 'ml']... ta in keys: True
[DEBUG] IndicTrans call: src=eng_Latn (en), tgt=mar_Deva (mr), text='You would know the e...'
[DEBUG] FLORES keys: ['en', 'hi', 'ta', 'te', 'ml']... ta in keys: True
[DEBUG] IndicTrans call: src=eng_Latn (en), tgt=mar_Deva (mr), text='You would know the e...'
[DEBUG] FLORES keys: ['en', 'hi', 'ta', 'te', 'ml']... ta in keys: True
[DEBUG] IndicTrans call: src=eng_Latn (en), tgt=mar_Deva (mr), text='in the event...'
[DEBUG] FLORES keys: ['en', 'hi', 'ta', 'te', 'ml']... ta in keys: True
[DEBUG] IndicTrans call: src=eng_Latn (en), tgt=mar_Deva (mr), text='In the event of the....'
[DEBUG] FLORES keys: ['en', 'hi', 'ta', 'te', 'ml']... ta in keys: True
[DEBUG] IndicTrans call: src=eng_Latn (en), tgt=mar_Deva (mr), text='In the event of the ...'
[DEBUG] FLORES keys: ['en', 'hi', 'ta', 'te', 'ml']... ta in keys: True
[DEBUG] IndicTrans call: src=eng_Latn (en), tgt=mar_Deva (mr), text='In the event of a fi...'
[DEBUG] FLORES keys: ['en', 'hi', 'ta', 'te', 'ml']... ta in keys: True
[DEBUG] IndicTrans call: src=eng_Latn (en), tgt=mar_Deva (mr), text='In the event of fire...'
[DEBUG] FLORES keys: ['en', 'hi', 'ta', 'te', 'ml']... ta in keys: True
[DEBUG] IndicTrans call: src=eng_Latn (en), tgt=mar_Deva (mr), text='In the event of a fi...'
[DEBUG] FLORES keys: ['en', 'hi', 'ta', 'te', 'ml']... ta in keys: True
[DEBUG] IndicTrans call: src=eng_Latn (en), tgt=mar_Deva (mr), text='In the event of a fi...'
[DEBUG] FLORES keys: ['en', 'hi', 'ta', 'te', 'ml']... ta in keys: True
[DEBUG] IndicTrans call: src=eng_Latn (en), tgt=mar_Deva (mr), text='In the event of a fi...'
[DEBUG] FLORES keys: ['en', 'hi', 'ta', 'te', 'ml']... ta in keys: True
[DEBUG] IndicTrans call: src=eng_Latn (en), tgt=mar_Deva (mr), text='In the event of a fi...'
[DEBUG] FLORES keys: ['en', 'hi', 'ta', 'te', 'ml']... ta in keys: True
[DEBUG] IndicTrans call: src=eng_Latn (en), tgt=mar_Deva (mr), text='In the event of a fi...'
[DEBUG] FLORES keys: ['en', 'hi', 'ta', 'te', 'ml']... ta in keys: True
[DEBUG] IndicTrans call: src=eng_Latn (en), tgt=mar_Deva (mr), text='In the event of a fi...'
[DEBUG] FLORES keys: ['en', 'hi', 'ta', 'te', 'ml']... ta in keys: True
[DEBUG] IndicTrans call: src=eng_Latn (en), tgt=mar_Deva (mr), text='In the event of a fi...'
[DEBUG] FLORES keys: ['en', 'hi', 'ta', 'te', 'ml']... ta in keys: True
[DEBUG] IndicTrans call: src=eng_Latn (en), tgt=mar_Deva (mr), text='In the event of a fi...'
[DEBUG] FLORES keys: ['en', 'hi', 'ta', 'te', 'ml']... ta in keys: True
[DEBUG] IndicTrans call: src=eng_Latn (en), tgt=mar_Deva (mr), text='In the event of a fi...'
[DEBUG] FLORES keys: ['en', 'hi', 'ta', 'te', 'ml']... ta in keys: True
[DEBUG] IndicTrans call: src=eng_Latn (en), tgt=mar_Deva (mr), text='In the event of a fi...'
[DEBUG] FLORES keys: ['en', 'hi', 'ta', 'te', 'ml']... ta in keys: True
[DEBUG] IndicTrans call: src=eng_Latn (en), tgt=mar_Deva (mr), text='In the event of a fi...'
[DEBUG] FLORES keys: ['en', 'hi', 'ta', 'te', 'ml']... ta in keys: True
[DEBUG] IndicTrans call: src=eng_Latn (en), tgt=mar_Deva (mr), text='In the event of a fi...'
[DEBUG] FLORES keys: ['en', 'hi', 'ta', 'te', 'ml']... ta in keys: True
[DEBUG] IndicTrans call: src=eng_Latn (en), tgt=mar_Deva (mr), text='In the event of a fi...'
[DEBUG] FLORES keys: ['en', 'hi', 'ta', 'te', 'ml']... ta in keys: True
[DEBUG] IndicTrans call: src=eng_Latn (en), tgt=mar_Deva (mr), text='true to this...'
[DEBUG] FLORES keys: ['en', 'hi', 'ta', 'te', 'ml']... ta in keys: True
[DEBUG] IndicTrans call: src=eng_Latn (en), tgt=mar_Deva (mr), text='true to this meeting...'
[DEBUG] FLORES keys: ['en', 'hi', 'ta', 'te', 'ml']... ta in keys: True
[DEBUG] IndicTrans call: src=eng_Latn (en), tgt=mar_Deva (mr), text='With...'
[DEBUG] FLORES keys: ['en', 'hi', 'ta', 'te', 'ml']... ta in keys: True
[DEBUG] IndicTrans call: src=eng_Latn (en), tgt=mar_Deva (mr), text='Reduce I hand...'
[DEBUG] FLORES keys: ['en', 'hi', 'ta', 'te', 'ml']... ta in keys: True
[DEBUG] IndicTrans call: src=eng_Latn (en), tgt=mar_Deva (mr), text='Reduce the handle wa...'
[DEBUG] FLORES keys: ['en', 'hi', 'ta', 'te', 'ml']... ta in keys: True
[DEBUG] IndicTrans call: src=eng_Latn (en), tgt=mar_Deva (mr), text='With this I handle w...'
[DEBUG] FLORES keys: ['en', 'hi', 'ta', 'te', 'ml']... ta in keys: True
[DEBUG] IndicTrans call: src=eng_Latn (en), tgt=mar_Deva (mr), text='With this I handle w...'
[DEBUG] FLORES keys: ['en', 'hi', 'ta', 'te', 'ml']... ta in keys: True
[DEBUG] IndicTrans call: src=eng_Latn (en), tgt=mar_Deva (mr), text='With this I hand ove...'
[DEBUG] FLORES keys: ['en', 'hi', 'ta', 'te', 'ml']... ta in keys: True
[DEBUG] IndicTrans call: src=eng_Latn (en), tgt=mar_Deva (mr), text='With this I hand ove...'
[DEBUG] FLORES keys: ['en', 'hi', 'ta', 'te', 'ml']... ta in keys: True
[DEBUG] IndicTrans call: src=eng_Latn (en), tgt=mar_Deva (mr), text='With this I hand ove...'
[DEBUG] FLORES keys: ['en', 'hi', 'ta', 'te', 'ml']... ta in keys: True
[DEBUG] IndicTrans call: src=eng_Latn (en), tgt=mar_Deva (mr), text='With this I hand ove...'
[DEBUG] FLORES keys: ['en', 'hi', 'ta', 'te', 'ml']... ta in keys: True
[DEBUG] IndicTrans call: src=eng_Latn (en), tgt=mar_Deva (mr), text='With this I hand ove...'
[DEBUG] FLORES keys: ['en', 'hi', 'ta', 'te', 'ml']... ta in keys: True
[DEBUG] IndicTrans call: src=eng_Latn (en), tgt=mar_Deva (mr), text='With this I hand ove...'
[DEBUG] FLORES keys: ['en', 'hi', 'ta', 'te', 'ml']... ta in keys: True
[DEBUG] IndicTrans call: src=eng_Latn (en), tgt=mar_Deva (mr), text='Thank you....'
[DEBUG] FLORES keys: ['en', 'hi', 'ta', 'te', 'ml']... ta in keys: True
[DEBUG] IndicTrans call: src=eng_Latn (en), tgt=mar_Deva (mr), text='Thank you for watchi...'
[DEBUG] FLORES keys: ['en', 'hi', 'ta', 'te', 'ml']... ta in keys: True
[DEBUG] IndicTrans call: src=eng_Latn (en), tgt=mar_Deva (mr), text='Thank you for our si...'
[DEBUG] FLORES keys: ['en', 'hi', 'ta', 'te', 'ml']... ta in keys: True
[DEBUG] IndicTrans call: src=eng_Latn (en), tgt=mar_Deva (mr), text='Thank you for our si...'
[DEBUG] FLORES keys: ['en', 'hi', 'ta', 'te', 'ml']... ta in keys: True
[DEBUG] IndicTrans call: src=eng_Latn (en), tgt=mar_Deva (mr), text='Thank you for our si...'
[DEBUG] FLORES keys: ['en', 'hi', 'ta', 'te', 'ml']... ta in keys: True
[DEBUG] IndicTrans call: src=eng_Latn (en), tgt=mar_Deva (mr), text='Thank you for assige...'
[DEBUG] FLORES keys: ['en', 'hi', 'ta', 'te', 'ml']... ta in keys: True
[DEBUG] IndicTrans call: src=eng_Latn (en), tgt=mar_Deva (mr), text='Thank you for a side...'
[DEBUG] FLORES keys: ['en', 'hi', 'ta', 'te', 'ml']... ta in keys: True
[DEBUG] IndicTrans call: src=eng_Latn (en), tgt=mar_Deva (mr), text='Thank you for a side...'
[DEBUG] FLORES keys: ['en', 'hi', 'ta', 'te', 'ml']... ta in keys: True
[DEBUG] IndicTrans call: src=eng_Latn (en), tgt=mar_Deva (mr), text='Thank you for a side...'
[DEBUG] FLORES keys: ['en', 'hi', 'ta', 'te', 'ml']... ta in keys: True
[DEBUG] IndicTrans call: src=eng_Latn (en), tgt=mar_Deva (mr), text='Thank you for a side...'
[DEBUG] FLORES keys: ['en', 'hi', 'ta', 'te', 'ml']... ta in keys: True
[DEBUG] IndicTrans call: src=eng_Latn (en), tgt=mar_Deva (mr), text='Thank you for a side...'
[DEBUG] FLORES keys: ['en', 'hi', 'ta', 'te', 'ml']... ta in keys: True
[DEBUG] IndicTrans call: src=eng_Latn (en), tgt=mar_Deva (mr), text='Thank you for a side...'
[DEBUG] FLORES keys: ['en', 'hi', 'ta', 'te', 'ml']... ta in keys: True
[DEBUG] IndicTrans call: src=eng_Latn (en), tgt=mar_Deva (mr), text='Thank you for a side...'
[DEBUG] FLORES keys: ['en', 'hi', 'ta', 'te', 'ml']... ta in keys: True
[DEBUG] IndicTrans call: src=eng_Latn (en), tgt=mar_Deva (mr), text='is...'
[DEBUG] FLORES keys: ['en', 'hi', 'ta', 'te', 'ml']... ta in keys: True
[DEBUG] IndicTrans call: src=eng_Latn (en), tgt=mar_Deva (mr), text='Who is open to......'
[DEBUG] FLORES keys: ['en', 'hi', 'ta', 'te', 'ml']... ta in keys: True
[DEBUG] IndicTrans call: src=eng_Latn (en), tgt=mar_Deva (mr), text='is open to sleep....'
[DEBUG] FLORES keys: ['en', 'hi', 'ta', 'te', 'ml']... ta in keys: True
[DEBUG] IndicTrans call: src=eng_Latn (en), tgt=mar_Deva (mr), text='is open this meeting...'
[DEBUG] FLORES keys: ['en', 'hi', 'ta', 'te', 'ml']... ta in keys: True
[DEBUG] IndicTrans call: src=eng_Latn (en), tgt=mar_Deva (mr), text='who is who opens thi...'
[DEBUG] FLORES keys: ['en', 'hi', 'ta', 'te', 'ml']... ta in keys: True
[DEBUG] IndicTrans call: src=eng_Latn (en), tgt=mar_Deva (mr), text='who is who opens thi...'
[DEBUG] FLORES keys: ['en', 'hi', 'ta', 'te', 'ml']... ta in keys: True
[DEBUG] IndicTrans call: src=eng_Latn (en), tgt=mar_Deva (mr), text='who is who opens thi...'
[DEBUG] FLORES keys: ['en', 'hi', 'ta', 'te', 'ml']... ta in keys: True
[DEBUG] IndicTrans call: src=eng_Latn (en), tgt=mar_Deva (mr), text='who is who opens thi...'
[DEBUG] FLORES keys: ['en', 'hi', 'ta', 'te', 'ml']... ta in keys: True
[DEBUG] IndicTrans call: src=eng_Latn (en), tgt=guj_Gujr (gu), text='I won't look for......'
[DEBUG] FLORES keys: ['en', 'hi', 'ta', 'te', 'ml']... ta in keys: True
[DEBUG] IndicTrans call: src=eng_Latn (en), tgt=guj_Gujr (gu), text='I don't work for tod...'
[DEBUG] FLORES keys: ['en', 'hi', 'ta', 'te', 'ml']... ta in keys: True
[DEBUG] IndicTrans call: src=eng_Latn (en), tgt=guj_Gujr (gu), text='What for today's mee...'
[DEBUG] FLORES keys: ['en', 'hi', 'ta', 'te', 'ml']... ta in keys: True
[DEBUG] IndicTrans call: src=eng_Latn (en), tgt=guj_Gujr (gu), text='How much work for to...'
[DEBUG] FLORES keys: ['en', 'hi', 'ta', 'te', 'ml']... ta in keys: True
[DEBUG] IndicTrans call: src=eng_Latn (en), tgt=guj_Gujr (gu), text='I am work for today'...'
[DEBUG] FLORES keys: ['en', 'hi', 'ta', 'te', 'ml']... ta in keys: True
[DEBUG] IndicTrans call: src=eng_Latn (en), tgt=guj_Gujr (gu), text='I'm work for today's...'
[DEBUG] FLORES keys: ['en', 'hi', 'ta', 'te', 'ml']... ta in keys: True
[DEBUG] IndicTrans call: src=eng_Latn (en), tgt=guj_Gujr (gu), text='I'm work for today's...'
[DEBUG] FLORES keys: ['en', 'hi', 'ta', 'te', 'ml']... ta in keys: True
[DEBUG] IndicTrans call: src=eng_Latn (en), tgt=guj_Gujr (gu), text='I'm work for today's...'
[DEBUG] FLORES keys: ['en', 'hi', 'ta', 'te', 'ml']... ta in keys: True
[DEBUG] IndicTrans call: src=eng_Latn (en), tgt=guj_Gujr (gu), text='I won't work for tod...'
[DEBUG] FLORES keys: ['en', 'hi', 'ta', 'te', 'ml']... ta in keys: True
[DEBUG] IndicTrans call: src=eng_Latn (en), tgt=guj_Gujr (gu), text='What for today's mee...'
[DEBUG] FLORES keys: ['en', 'hi', 'ta', 'te', 'ml']... ta in keys: True
[DEBUG] IndicTrans call: src=eng_Latn (en), tgt=guj_Gujr (gu), text='I don't work for tod...'
[DEBUG] FLORES keys: ['en', 'hi', 'ta', 'te', 'ml']... ta in keys: True
[DEBUG] IndicTrans call: src=eng_Latn (en), tgt=guj_Gujr (gu), text='I don't work for tod...'
[DEBUG] FLORES keys: ['en', 'hi', 'ta', 'te', 'ml']... ta in keys: True
[DEBUG] IndicTrans call: src=eng_Latn (en), tgt=guj_Gujr (gu), text='I don't work for tod...'
[DEBUG] FLORES keys: ['en', 'hi', 'ta', 'te', 'ml']... ta in keys: True
[DEBUG] IndicTrans call: src=eng_Latn (en), tgt=guj_Gujr (gu), text='I don't work for tod...'
[DEBUG] FLORES keys: ['en', 'hi', 'ta', 'te', 'ml']... ta in keys: True
[DEBUG] IndicTrans call: src=eng_Latn (en), tgt=guj_Gujr (gu), text='I don't work for tod...'
[DEBUG] FLORES keys: ['en', 'hi', 'ta', 'te', 'ml']... ta in keys: True
[DEBUG] IndicTrans call: src=eng_Latn (en), tgt=guj_Gujr (gu), text='Do....'
[DEBUG] FLORES keys: ['en', 'hi', 'ta', 'te', 'ml']... ta in keys: True
[DEBUG] IndicTrans call: src=eng_Latn (en), tgt=guj_Gujr (gu), text='I think that's it.  ...'
[DEBUG] FLORES keys: ['en', 'hi', 'ta', 'te', 'ml']... ta in keys: True
[DEBUG] IndicTrans call: src=eng_Latn (en), tgt=guj_Gujr (gu), text='and time to face the...'
[DEBUG] FLORES keys: ['en', 'hi', 'ta', 'te', 'ml']... ta in keys: True
[DEBUG] IndicTrans call: src=eng_Latn (en), tgt=guj_Gujr (gu), text='and the time of the ...'
[DEBUG] FLORES keys: ['en', 'hi', 'ta', 'te', 'ml']... ta in keys: True
[DEBUG] IndicTrans call: src=eng_Latn (en), tgt=guj_Gujr (gu), text='and then offer Salma...'
[DEBUG] FLORES keys: ['en', 'hi', 'ta', 'te', 'ml']... ta in keys: True
[DEBUG] IndicTrans call: src=eng_Latn (en), tgt=guj_Gujr (gu), text='the time of the firs...'
[DEBUG] FLORES keys: ['en', 'hi', 'ta', 'te', 'ml']... ta in keys: True
[DEBUG] IndicTrans call: src=eng_Latn (en), tgt=guj_Gujr (gu), text='The team of first an...'
[DEBUG] FLORES keys: ['en', 'hi', 'ta', 'te', 'ml']... ta in keys: True
[DEBUG] IndicTrans call: src=eng_Latn (en), tgt=guj_Gujr (gu), text='the team of first an...'
[DEBUG] FLORES keys: ['en', 'hi', 'ta', 'te', 'ml']... ta in keys: True
[DEBUG] IndicTrans call: src=eng_Latn (en), tgt=guj_Gujr (gu), text='the team of first an...'
[DEBUG] FLORES keys: ['en', 'hi', 'ta', 'te', 'ml']... ta in keys: True
[DEBUG] IndicTrans call: src=eng_Latn (en), tgt=guj_Gujr (gu), text='the team of first an...'
[DEBUG] FLORES keys: ['en', 'hi', 'ta', 'te', 'ml']... ta in keys: True
[DEBUG] IndicTrans call: src=eng_Latn (en), tgt=guj_Gujr (gu), text='Um, good....'
[DEBUG] FLORES keys: ['en', 'hi', 'ta', 'te', 'ml']... ta in keys: True
[DEBUG] IndicTrans call: src=eng_Latn (en), tgt=guj_Gujr (gu), text='Good evening....'
[DEBUG] FLORES keys: ['en', 'hi', 'ta', 'te', 'ml']... ta in keys: True
[DEBUG] IndicTrans call: src=eng_Latn (en), tgt=tel_Telu (te), text='And the......'
[DEBUG] FLORES keys: ['en', 'hi', 'ta', 'te', 'ml']... ta in keys: True
[DEBUG] IndicTrans call: src=eng_Latn (en), tgt=tel_Telu (te), text='and well...'
[DEBUG] FLORES keys: ['en', 'hi', 'ta', 'te', 'ml']... ta in keys: True
[DEBUG] IndicTrans call: src=eng_Latn (en), tgt=tel_Telu (te), text='and welcome...'
[DEBUG] FLORES keys: ['en', 'hi', 'ta', 'te', 'ml']... ta in keys: True
[DEBUG] IndicTrans call: src=eng_Latn (en), tgt=tel_Telu (te), text='and welcome to...'
[DEBUG] FLORES keys: ['en', 'hi', 'ta', 'te', 'ml']... ta in keys: True
[DEBUG] IndicTrans call: src=eng_Latn (en), tgt=tel_Telu (te), text='and welcome to our...'
[DEBUG] FLORES keys: ['en', 'hi', 'ta', 'te', 'ml']... ta in keys: True
[DEBUG] IndicTrans call: src=eng_Latn (en), tgt=tel_Telu (te), text='and welcome to our n...'
[DEBUG] FLORES keys: ['en', 'hi', 'ta', 'te', 'ml']... ta in keys: True
[DEBUG] IndicTrans call: src=eng_Latn (en), tgt=tel_Telu (te), text='and welcome to our n...'
[DEBUG] FLORES keys: ['en', 'hi', 'ta', 'te', 'ml']... ta in keys: True
[DEBUG] IndicTrans call: src=eng_Latn (en), tgt=tel_Telu (te), text='and welcome to our n...'
[DEBUG] FLORES keys: ['en', 'hi', 'ta', 'te', 'ml']... ta in keys: True
[DEBUG] IndicTrans call: src=eng_Latn (en), tgt=tel_Telu (te), text='And welcome to our n...'
[DEBUG] FLORES keys: ['en', 'hi', 'ta', 'te', 'ml']... ta in keys: True
[DEBUG] IndicTrans call: src=eng_Latn (en), tgt=tel_Telu (te), text='and welcome to our n...'
[DEBUG] FLORES keys: ['en', 'hi', 'ta', 'te', 'ml']... ta in keys: True
[DEBUG] IndicTrans call: src=eng_Latn (en), tgt=tel_Telu (te), text='and welcome to our n...'
[DEBUG] FLORES keys: ['en', 'hi', 'ta', 'te', 'ml']... ta in keys: True
[DEBUG] IndicTrans call: src=eng_Latn (en), tgt=tel_Telu (te), text='and welcome to our n...'
[DEBUG] FLORES keys: ['en', 'hi', 'ta', 'te', 'ml']... ta in keys: True
[DEBUG] IndicTrans call: src=eng_Latn (en), tgt=tel_Telu (te), text='and welcome to our n...'
[DEBUG] FLORES keys: ['en', 'hi', 'ta', 'te', 'ml']... ta in keys: True
[DEBUG] IndicTrans call: src=eng_Latn (en), tgt=tel_Telu (te), text='and welcome to our n...'
[DEBUG] FLORES keys: ['en', 'hi', 'ta', 'te', 'ml']... ta in keys: True
[DEBUG] IndicTrans call: src=eng_Latn (en), tgt=tel_Telu (te), text='and welcome to our n...'
[DEBUG] FLORES keys: ['en', 'hi', 'ta', 'te', 'ml']... ta in keys: True
[DEBUG] IndicTrans call: src=eng_Latn (en), tgt=tel_Telu (te), text='And welcome to our n...'
[DEBUG] FLORES keys: ['en', 'hi', 'ta', 'te', 'ml']... ta in keys: True
[DEBUG] IndicTrans call: src=eng_Latn (en), tgt=tel_Telu (te), text='and welcome to our n...'
[DEBUG] FLORES keys: ['en', 'hi', 'ta', 'te', 'ml']... ta in keys: True
[DEBUG] IndicTrans call: src=eng_Latn (en), tgt=tel_Telu (te), text='and welcome to our n...'
[DEBUG] FLORES keys: ['en', 'hi', 'ta', 'te', 'ml']... ta in keys: True
[DEBUG] IndicTrans call: src=eng_Latn (en), tgt=tel_Telu (te), text='and welcome to our n...'
[DEBUG] FLORES keys: ['en', 'hi', 'ta', 'te', 'ml']... ta in keys: True
[DEBUG] IndicTrans call: src=eng_Latn (en), tgt=tel_Telu (te), text='and welcome to our n...'
[DEBUG] FLORES keys: ['en', 'hi', 'ta', 'te', 'ml']... ta in keys: True
[DEBUG] IndicTrans call: src=eng_Latn (en), tgt=tel_Telu (te), text='and welcome to our n...'
[DEBUG] FLORES keys: ['en', 'hi', 'ta', 'te', 'ml']... ta in keys: True
[DEBUG] IndicTrans call: src=eng_Latn (en), tgt=tel_Telu (te), text='and welcome to our n...'
[DEBUG] FLORES keys: ['en', 'hi', 'ta', 'te', 'ml']... ta in keys: True
[DEBUG] IndicTrans call: src=eng_Latn (en), tgt=tel_Telu (te), text='and welcome to our n...'
[DEBUG] FLORES keys: ['en', 'hi', 'ta', 'te', 'ml']... ta in keys: True
[DEBUG] IndicTrans call: src=eng_Latn (en), tgt=tel_Telu (te), text='and welcome to our n...'
[DEBUG] FLORES keys: ['en', 'hi', 'ta', 'te', 'ml']... ta in keys: True
[DEBUG] IndicTrans call: src=eng_Latn (en), tgt=tel_Telu (te), text='and welcome to our n...'
[DEBUG] FLORES keys: ['en', 'hi', 'ta', 'te', 'ml']... ta in keys: True
[DEBUG] IndicTrans call: src=eng_Latn (en), tgt=tel_Telu (te), text='for you to make sure...'
[DEBUG] FLORES keys: ['en', 'hi', 'ta', 'te', 'ml']... ta in keys: True
[DEBUG] IndicTrans call: src=eng_Latn (en), tgt=tel_Telu (te), text='you to make sure tha...'
[DEBUG] FLORES keys: ['en', 'hi', 'ta', 'te', 'ml']... ta in keys: True
[DEBUG] IndicTrans call: src=eng_Latn (en), tgt=tel_Telu (te), text='you to make sure tha...'
[DEBUG] FLORES keys: ['en', 'hi', 'ta', 'te', 'ml']... ta in keys: True
[DEBUG] IndicTrans call: src=eng_Latn (en), tgt=tel_Telu (te), text='you to make sure tha...'
[DEBUG] FLORES keys: ['en', 'hi', 'ta', 'te', 'ml']... ta in keys: True
[DEBUG] IndicTrans call: src=eng_Latn (en), tgt=tel_Telu (te), text='you to make sure tha...'
[DEBUG] FLORES keys: ['en', 'hi', 'ta', 'te', 'ml']... ta in keys: True
[DEBUG] IndicTrans call: src=eng_Latn (en), tgt=tel_Telu (te), text='you to make sure tha...'
[DEBUG] FLORES keys: ['en', 'hi', 'ta', 'te', 'ml']... ta in keys: True
[DEBUG] IndicTrans call: src=eng_Latn (en), tgt=tel_Telu (te), text='But before...'
[DEBUG] FLORES keys: ['en', 'hi', 'ta', 'te', 'ml']... ta in keys: True
[DEBUG] IndicTrans call: src=eng_Latn (en), tgt=tel_Telu (te), text='But before doing tha...'
[DEBUG] FLORES keys: ['en', 'hi', 'ta', 'te', 'ml']... ta in keys: True
[DEBUG] IndicTrans call: src=eng_Latn (en), tgt=tel_Telu (te), text='But before doing tha...'
[DEBUG] FLORES keys: ['en', 'hi', 'ta', 'te', 'ml']... ta in keys: True
[DEBUG] IndicTrans call: src=eng_Latn (en), tgt=tel_Telu (te), text='But before doing tha...'
[DEBUG] FLORES keys: ['en', 'hi', 'ta', 'te', 'ml']... ta in keys: True
[DEBUG] IndicTrans call: src=eng_Latn (en), tgt=tel_Telu (te), text='But before doing tha...'
[DEBUG] FLORES keys: ['en', 'hi', 'ta', 'te', 'ml']... ta in keys: True
[DEBUG] IndicTrans call: src=eng_Latn (en), tgt=tel_Telu (te), text='But before doing tha...'
[DEBUG] FLORES keys: ['en', 'hi', 'ta', 'te', 'ml']... ta in keys: True
[DEBUG] IndicTrans call: src=eng_Latn (en), tgt=tel_Telu (te), text='But before doing tha...'
[DEBUG] FLORES keys: ['en', 'hi', 'ta', 'te', 'ml']... ta in keys: True
[DEBUG] IndicTrans call: src=eng_Latn (en), tgt=tel_Telu (te), text='This is......'
[DEBUG] FLORES keys: ['en', 'hi', 'ta', 'te', 'ml']... ta in keys: True
[DEBUG] IndicTrans call: src=eng_Latn (en), tgt=tel_Telu (te), text='Death and the Kn......'
[DEBUG] FLORES keys: ['en', 'hi', 'ta', 'te', 'ml']... ta in keys: True
[DEBUG] IndicTrans call: src=eng_Latn (en), tgt=tel_Telu (te), text='Dips and techniques....'
[DEBUG] FLORES keys: ['en', 'hi', 'ta', 'te', 'ml']... ta in keys: True
[DEBUG] IndicTrans call: src=eng_Latn (en), tgt=tel_Telu (te), text='depth and techniques...'
[DEBUG] FLORES keys: ['en', 'hi', 'ta', 'te', 'ml']... ta in keys: True
[DEBUG] IndicTrans call: src=eng_Latn (en), tgt=tel_Telu (te), text='depth and techniques...'
[DEBUG] FLORES keys: ['en', 'hi', 'ta', 'te', 'ml']... ta in keys: True
[DEBUG] IndicTrans call: src=eng_Latn (en), tgt=tel_Telu (te), text='depth and techniques...'
[DEBUG] FLORES keys: ['en', 'hi', 'ta', 'te', 'ml']... ta in keys: True
[DEBUG] IndicTrans call: src=eng_Latn (en), tgt=tel_Telu (te), text='depth and techniques...'
[DEBUG] FLORES keys: ['en', 'hi', 'ta', 'te', 'ml']... ta in keys: True
[DEBUG] IndicTrans call: src=eng_Latn (en), tgt=tel_Telu (te), text='depth and techniques...'
[DEBUG] FLORES keys: ['en', 'hi', 'ta', 'te', 'ml']... ta in keys: True
[DEBUG] IndicTrans call: src=eng_Latn (en), tgt=tel_Telu (te), text='depth and techniques...'
[DEBUG] FLORES keys: ['en', 'hi', 'ta', 'te', 'ml']... ta in keys: True
[DEBUG] IndicTrans call: src=eng_Latn (en), tgt=tel_Telu (te), text='depth and techniques...'
[DEBUG] FLORES keys: ['en', 'hi', 'ta', 'te', 'ml']... ta in keys: True
[DEBUG] IndicTrans call: src=eng_Latn (en), tgt=tel_Telu (te), text='depth and techniques...'
[DEBUG] FLORES keys: ['en', 'hi', 'ta', 'te', 'ml']... ta in keys: True
[DEBUG] IndicTrans call: src=eng_Latn (en), tgt=tel_Telu (te), text='depth and techniques...'
[DEBUG] FLORES keys: ['en', 'hi', 'ta', 'te', 'ml']... ta in keys: True
[DEBUG] IndicTrans call: src=eng_Latn (en), tgt=tel_Telu (te), text='Be with me....'
[DEBUG] FLORES keys: ['en', 'hi', 'ta', 'te', 'ml']... ta in keys: True
[DEBUG] IndicTrans call: src=eng_Latn (en), tgt=tel_Telu (te), text='Be with you....'
[DEBUG] FLORES keys: ['en', 'hi', 'ta', 'te', 'ml']... ta in keys: True
[DEBUG] IndicTrans call: src=eng_Latn (en), tgt=tel_Telu (te), text='Be with you.  Practi...'
[DEBUG] FLORES keys: ['en', 'hi', 'ta', 'te', 'ml']... ta in keys: True
[DEBUG] IndicTrans call: src=eng_Latn (en), tgt=tel_Telu (te), text='Be with you, practic...'
[DEBUG] FLORES keys: ['en', 'hi', 'ta', 'te', 'ml']... ta in keys: True
[DEBUG] IndicTrans call: src=eng_Latn (en), tgt=tel_Telu (te), text='Be with you.  Practi...'
[DEBUG] FLORES keys: ['en', 'hi', 'ta', 'te', 'ml']... ta in keys: True
[DEBUG] IndicTrans call: src=eng_Latn (en), tgt=tel_Telu (te), text='Be with you.  Practi...'
[DEBUG] FLORES keys: ['en', 'hi', 'ta', 'te', 'ml']... ta in keys: True
[DEBUG] IndicTrans call: src=eng_Latn (en), tgt=tel_Telu (te), text='Be with you, practic...'
[DEBUG] FLORES keys: ['en', 'hi', 'ta', 'te', 'ml']... ta in keys: True
[DEBUG] IndicTrans call: src=eng_Latn (en), tgt=tel_Telu (te), text='Be with you, practic...'
[DEBUG] FLORES keys: ['en', 'hi', 'ta', 'te', 'ml']... ta in keys: True
[DEBUG] IndicTrans call: src=eng_Latn (en), tgt=tel_Telu (te), text='Be with you, practic...'
[DEBUG] FLORES keys: ['en', 'hi', 'ta', 'te', 'ml']... ta in keys: True
[DEBUG] IndicTrans call: src=eng_Latn (en), tgt=tel_Telu (te), text='Be with you, practic...'
[DEBUG] FLORES keys: ['en', 'hi', 'ta', 'te', 'ml']... ta in keys: True
[DEBUG] IndicTrans call: src=eng_Latn (en), tgt=tel_Telu (te), text='be with you, practic...'
[DEBUG] FLORES keys: ['en', 'hi', 'ta', 'te', 'ml']... ta in keys: True
[DEBUG] IndicTrans call: src=eng_Latn (en), tgt=tel_Telu (te), text='Be with you, practic...'
[DEBUG] FLORES keys: ['en', 'hi', 'ta', 'te', 'ml']... ta in keys: True
[DEBUG] IndicTrans call: src=eng_Latn (en), tgt=tel_Telu (te), text='Be with you, practic...'
[DEBUG] FLORES keys: ['en', 'hi', 'ta', 'te', 'ml']... ta in keys: True
[DEBUG] IndicTrans call: src=eng_Latn (en), tgt=tel_Telu (te), text='Be with you, practic...'
[DEBUG] FLORES keys: ['en', 'hi', 'ta', 'te', 'ml']... ta in keys: True
[DEBUG] IndicTrans call: src=eng_Latn (en), tgt=tel_Telu (te), text='be with you, practic...'
[DEBUG] FLORES keys: ['en', 'hi', 'ta', 'te', 'ml']... ta in keys: True
[DEBUG] IndicTrans call: src=eng_Latn (en), tgt=tel_Telu (te), text='be with you, practic...'
[DEBUG] FLORES keys: ['en', 'hi', 'ta', 'te', 'ml']... ta in keys: True
[DEBUG] IndicTrans call: src=eng_Latn (en), tgt=tel_Telu (te), text='be with you, practic...'
[DEBUG] FLORES keys: ['en', 'hi', 'ta', 'te', 'ml']... ta in keys: True
[DEBUG] IndicTrans call: src=eng_Latn (en), tgt=tel_Telu (te), text='be with you, practic...'
[DEBUG] FLORES keys: ['en', 'hi', 'ta', 'te', 'ml']... ta in keys: True
[DEBUG] IndicTrans call: src=eng_Latn (en), tgt=tel_Telu (te), text='One eight one...'
[DEBUG] FLORES keys: ['en', 'hi', 'ta', 'te', 'ml']... ta in keys: True
[DEBUG] IndicTrans call: src=eng_Latn (en), tgt=hin_Deva (hi), text='It goes just......'
[DEBUG] FLORES keys: ['en', 'hi', 'ta', 'te', 'ml']... ta in keys: True
[DEBUG] IndicTrans call: src=eng_Latn (en), tgt=hin_Deva (hi), text='It goes to sea out....'
[DEBUG] FLORES keys: ['en', 'hi', 'ta', 'te', 'ml']... ta in keys: True
[DEBUG] IndicTrans call: src=eng_Latn (en), tgt=hin_Deva (hi), text='it goes to C out of ...'
[DEBUG] FLORES keys: ['en', 'hi', 'ta', 'te', 'ml']... ta in keys: True
[DEBUG] IndicTrans call: src=eng_Latn (en), tgt=hin_Deva (hi), text='It goes to C out of ...'
[DEBUG] FLORES keys: ['en', 'hi', 'ta', 'te', 'ml']... ta in keys: True
[DEBUG] IndicTrans call: src=eng_Latn (en), tgt=hin_Deva (hi), text='it goes to C out of ...'
[DEBUG] FLORES keys: ['en', 'hi', 'ta', 'te', 'ml']... ta in keys: True
[DEBUG] IndicTrans call: src=eng_Latn (en), tgt=hin_Deva (hi), text='Here becomes one aga...'
[DEBUG] FLORES keys: ['en', 'hi', 'ta', 'te', 'ml']... ta in keys: True
[DEBUG] IndicTrans call: src=eng_Latn (en), tgt=hin_Deva (hi), text='Jbecon1 again start ...'
[DEBUG] FLORES keys: ['en', 'hi', 'ta', 'te', 'ml']... ta in keys: True
[DEBUG] IndicTrans call: src=eng_Latn (en), tgt=hin_Deva (hi), text='Jbe comes one again ...'
[DEBUG] FLORES keys: ['en', 'hi', 'ta', 'te', 'ml']... ta in keys: True
[DEBUG] IndicTrans call: src=eng_Latn (en), tgt=hin_Deva (hi), text='Jbe comes one again ...'
[DEBUG] FLORES keys: ['en', 'hi', 'ta', 'te', 'ml']... ta in keys: True
[DEBUG] IndicTrans call: src=eng_Latn (en), tgt=hin_Deva (hi), text='J becomes one again ...'
[DEBUG] FLORES keys: ['en', 'hi', 'ta', 'te', 'ml']... ta in keys: True
[DEBUG] IndicTrans call: src=eng_Latn (en), tgt=hin_Deva (hi), text='J becomes one again ...'
[DEBUG] FLORES keys: ['en', 'hi', 'ta', 'te', 'ml']... ta in keys: True
[DEBUG] IndicTrans call: src=eng_Latn (en), tgt=hin_Deva (hi), text='Jbe comes one again ...'
[DEBUG] FLORES keys: ['en', 'hi', 'ta', 'te', 'ml']... ta in keys: True
[DEBUG] IndicTrans call: src=eng_Latn (en), tgt=hin_Deva (hi), text='J becomes 1 again st...'
[DEBUG] FLORES keys: ['en', 'hi', 'ta', 'te', 'ml']... ta in keys: True
[DEBUG] IndicTrans call: src=eng_Latn (en), tgt=hin_Deva (hi), text='J becomes one again ...'
[DEBUG] FLORES keys: ['en', 'hi', 'ta', 'te', 'ml']... ta in keys: True
[DEBUG] IndicTrans call: src=eng_Latn (en), tgt=hin_Deva (hi), text='J becomes one again ...'
[DEBUG] FLORES keys: ['en', 'hi', 'ta', 'te', 'ml']... ta in keys: True
[DEBUG] IndicTrans call: src=eng_Latn (en), tgt=hin_Deva (hi), text='J becomes one again ...'
[DEBUG] FLORES keys: ['en', 'hi', 'ta', 'te', 'ml']... ta in keys: True
[DEBUG] IndicTrans call: src=eng_Latn (en), tgt=hin_Deva (hi), text='What do you need to....'
[DEBUG] FLORES keys: ['en', 'hi', 'ta', 'te', 'ml']... ta in keys: True
[DEBUG] IndicTrans call: src=eng_Latn (en), tgt=hin_Deva (hi), text='What do you need to ...'
[DEBUG] FLORES keys: ['en', 'hi', 'ta', 'te', 'ml']... ta in keys: True
[DEBUG] IndicTrans call: src=eng_Latn (en), tgt=hin_Deva (hi), text='What do we need to d...'
[DEBUG] FLORES keys: ['en', 'hi', 'ta', 'te', 'ml']... ta in keys: True
[DEBUG] IndicTrans call: src=eng_Latn (en), tgt=hin_Deva (hi), text='What do we need to d...'
[DEBUG] FLORES keys: ['en', 'hi', 'ta', 'te', 'ml']... ta in keys: True
[DEBUG] IndicTrans call: src=eng_Latn (en), tgt=hin_Deva (hi), text='What do we need to d...'
[DEBUG] FLORES keys: ['en', 'hi', 'ta', 'te', 'ml']... ta in keys: True
[DEBUG] IndicTrans call: src=eng_Latn (en), tgt=hin_Deva (hi), text='What do we need to d...'
[DEBUG] FLORES keys: ['en', 'hi', 'ta', 'te', 'ml']... ta in keys: True
[DEBUG] IndicTrans call: src=eng_Latn (en), tgt=hin_Deva (hi), text='Nothing much....'
[DEBUG] FLORES keys: ['en', 'hi', 'ta', 'te', 'ml']... ta in keys: True
[DEBUG] IndicTrans call: src=eng_Latn (en), tgt=hin_Deva (hi), text='Nothing much, it jus...'
[DEBUG] FLORES keys: ['en', 'hi', 'ta', 'te', 'ml']... ta in keys: True
[DEBUG] IndicTrans call: src=eng_Latn (en), tgt=hin_Deva (hi), text='Nothing much in just...'
[DEBUG] FLORES keys: ['en', 'hi', 'ta', 'te', 'ml']... ta in keys: True
[DEBUG] IndicTrans call: src=eng_Latn (en), tgt=hin_Deva (hi), text='Nothing much in just...'
[DEBUG] FLORES keys: ['en', 'hi', 'ta', 'te', 'ml']... ta in keys: True
[DEBUG] IndicTrans call: src=eng_Latn (en), tgt=hin_Deva (hi), text='Nothing much, it jus...'
[DEBUG] FLORES keys: ['en', 'hi', 'ta', 'te', 'ml']... ta in keys: True
[DEBUG] IndicTrans call: src=eng_Latn (en), tgt=hin_Deva (hi), text='Nothing much, it jus...'
[DEBUG] FLORES keys: ['en', 'hi', 'ta', 'te', 'ml']... ta in keys: True
[DEBUG] IndicTrans call: src=eng_Latn (en), tgt=hin_Deva (hi), text='Nothing much in just...'
[DEBUG] FLORES keys: ['en', 'hi', 'ta', 'te', 'ml']... ta in keys: True
[DEBUG] IndicTrans call: src=eng_Latn (en), tgt=hin_Deva (hi), text='and...'
[DEBUG] FLORES keys: ['en', 'hi', 'ta', 'te', 'ml']... ta in keys: True
[DEBUG] IndicTrans call: src=eng_Latn (en), tgt=hin_Deva (hi), text='and...'
[DEBUG] FLORES keys: ['en', 'hi', 'ta', 'te', 'ml']... ta in keys: True
[DEBUG] IndicTrans call: src=eng_Latn (en), tgt=hin_Deva (hi), text='and...'
[DEBUG] FLORES keys: ['en', 'hi', 'ta', 'te', 'ml']... ta in keys: True
[DEBUG] IndicTrans call: src=eng_Latn (en), tgt=hin_Deva (hi), text='and you will need...'
[DEBUG] FLORES keys: ['en', 'hi', 'ta', 'te', 'ml']... ta in keys: True
[DEBUG] IndicTrans call: src=eng_Latn (en), tgt=hin_Deva (hi), text='and you will never k...'
[DEBUG] FLORES keys: ['en', 'hi', 'ta', 'te', 'ml']... ta in keys: True
[DEBUG] IndicTrans call: src=eng_Latn (en), tgt=hin_Deva (hi), text='and you will need wa...'
[DEBUG] FLORES keys: ['en', 'hi', 'ta', 'te', 'ml']... ta in keys: True
[DEBUG] IndicTrans call: src=eng_Latn (en), tgt=hin_Deva (hi), text='and you will be wait...'
[DEBUG] FLORES keys: ['en', 'hi', 'ta', 'te', 'ml']... ta in keys: True
[DEBUG] IndicTrans call: src=eng_Latn (en), tgt=hin_Deva (hi), text='even waiting there. ...'
[DEBUG] FLORES keys: ['en', 'hi', 'ta', 'te', 'ml']... ta in keys: True
[DEBUG] IndicTrans call: src=eng_Latn (en), tgt=hin_Deva (hi), text='Even waiting there. ...'
[DEBUG] FLORES keys: ['en', 'hi', 'ta', 'te', 'ml']... ta in keys: True
[DEBUG] IndicTrans call: src=eng_Latn (en), tgt=hin_Deva (hi), text='even waiting them. S...'
[DEBUG] FLORES keys: ['en', 'hi', 'ta', 'te', 'ml']... ta in keys: True
[DEBUG] IndicTrans call: src=eng_Latn (en), tgt=hin_Deva (hi), text='even within them. So...'
[DEBUG] FLORES keys: ['en', 'hi', 'ta', 'te', 'ml']... ta in keys: True
[DEBUG] IndicTrans call: src=eng_Latn (en), tgt=hin_Deva (hi), text='even waiting them. S...'
[DEBUG] FLORES keys: ['en', 'hi', 'ta', 'te', 'ml']... ta in keys: True
[DEBUG] IndicTrans call: src=eng_Latn (en), tgt=hin_Deva (hi), text='even waiting them. S...'
[DEBUG] FLORES keys: ['en', 'hi', 'ta', 'te', 'ml']... ta in keys: True
[DEBUG] IndicTrans call: src=eng_Latn (en), tgt=hin_Deva (hi), text='even waiting them. S...'
[DEBUG] FLORES keys: ['en', 'hi', 'ta', 'te', 'ml']... ta in keys: True
[DEBUG] IndicTrans call: src=eng_Latn (en), tgt=hin_Deva (hi), text='even waiting them. S...'
[DEBUG] FLORES keys: ['en', 'hi', 'ta', 'te', 'ml']... ta in keys: True
[DEBUG] IndicTrans call: src=eng_Latn (en), tgt=hin_Deva (hi), text='I'm sorry, I'm sorry...'
[DEBUG] FLORES keys: ['en', 'hi', 'ta', 'te', 'ml']... ta in keys: True
[DEBUG] IndicTrans call: src=eng_Latn (en), tgt=hin_Deva (hi), text='The 7.1.41....'
[DEBUG] FLORES keys: ['en', 'hi', 'ta', 'te', 'ml']... ta in keys: True
[DEBUG] IndicTrans call: src=eng_Latn (en), tgt=hin_Deva (hi), text='and the 7.4.1.1.1.1....'
[DEBUG] FLORES keys: ['en', 'hi', 'ta', 'te', 'ml']... ta in keys: True
[DEBUG] IndicTrans call: src=eng_Latn (en), tgt=hin_Deva (hi), text='I don't know what to...'
[DEBUG] FLORES keys: ['en', 'hi', 'ta', 'te', 'ml']... ta in keys: True
[DEBUG] IndicTrans call: src=eng_Latn (en), tgt=hin_Deva (hi), text='I don't know what to...'
[DEBUG] FLORES keys: ['en', 'hi', 'ta', 'te', 'ml']... ta in keys: True
[DEBUG] IndicTrans call: src=eng_Latn (en), tgt=mar_Deva (mr), text='I'm gonna lie on you...'
[DEBUG] FLORES keys: ['en', 'hi', 'ta', 'te', 'ml']... ta in keys: True
[DEBUG] IndicTrans call: src=eng_Latn (en), tgt=mar_Deva (mr), text='line in here....'
[DEBUG] FLORES keys: ['en', 'hi', 'ta', 'te', 'ml']... ta in keys: True
[DEBUG] IndicTrans call: src=eng_Latn (en), tgt=mar_Deva (mr), text='my mistake, so I giv...'
[DEBUG] FLORES keys: ['en', 'hi', 'ta', 'te', 'ml']... ta in keys: True
[DEBUG] IndicTrans call: src=eng_Latn (en), tgt=mar_Deva (mr), text='So I give it up....'
[DEBUG] FLORES keys: ['en', 'hi', 'ta', 'te', 'ml']... ta in keys: True
[DEBUG] IndicTrans call: src=eng_Latn (en), tgt=mar_Deva (mr), text='So I give a topic an...'
[DEBUG] FLORES keys: ['en', 'hi', 'ta', 'te', 'ml']... ta in keys: True
[DEBUG] IndicTrans call: src=eng_Latn (en), tgt=mar_Deva (mr), text='So I give a topic an...'
[DEBUG] FLORES keys: ['en', 'hi', 'ta', 'te', 'ml']... ta in keys: True
[DEBUG] IndicTrans call: src=eng_Latn (en), tgt=mar_Deva (mr), text='So I give a topic an...'
[DEBUG] FLORES keys: ['en', 'hi', 'ta', 'te', 'ml']... ta in keys: True
[DEBUG] IndicTrans call: src=eng_Latn (en), tgt=mar_Deva (mr), text='So I give a topic an...'
[DEBUG] FLORES keys: ['en', 'hi', 'ta', 'te', 'ml']... ta in keys: True
[DEBUG] IndicTrans call: src=eng_Latn (en), tgt=mar_Deva (mr), text='I wish you......'
[DEBUG] FLORES keys: ['en', 'hi', 'ta', 'te', 'ml']... ta in keys: True
[DEBUG] IndicTrans call: src=eng_Latn (en), tgt=mar_Deva (mr), text='I choose the bit....'
[DEBUG] FLORES keys: ['en', 'hi', 'ta', 'te', 'ml']... ta in keys: True
[DEBUG] IndicTrans call: src=eng_Latn (en), tgt=mar_Deva (mr), text='I choose the beat....'
[DEBUG] FLORES keys: ['en', 'hi', 'ta', 'te', 'ml']... ta in keys: True
[DEBUG] IndicTrans call: src=eng_Latn (en), tgt=mar_Deva (mr), text='I choose the beat wh...'
[DEBUG] FLORES keys: ['en', 'hi', 'ta', 'te', 'ml']... ta in keys: True
[DEBUG] IndicTrans call: src=eng_Latn (en), tgt=mar_Deva (mr), text='I choose the date wh...'
[DEBUG] FLORES keys: ['en', 'hi', 'ta', 'te', 'ml']... ta in keys: True
[DEBUG] IndicTrans call: src=eng_Latn (en), tgt=mar_Deva (mr), text='I choose the date wh...'
[DEBUG] FLORES keys: ['en', 'hi', 'ta', 'te', 'ml']... ta in keys: True
[DEBUG] IndicTrans call: src=eng_Latn (en), tgt=mar_Deva (mr), text='I choose the date wh...'
[DEBUG] FLORES keys: ['en', 'hi', 'ta', 'te', 'ml']... ta in keys: True
[DEBUG] IndicTrans call: src=eng_Latn (en), tgt=mar_Deva (mr), text='I choose the date wh...'
[DEBUG] FLORES keys: ['en', 'hi', 'ta', 'te', 'ml']... ta in keys: True
[DEBUG] IndicTrans call: src=eng_Latn (en), tgt=mar_Deva (mr), text='I choose the date, t...'
[DEBUG] FLORES keys: ['en', 'hi', 'ta', 'te', 'ml']... ta in keys: True
[DEBUG] IndicTrans call: src=eng_Latn (en), tgt=mar_Deva (mr), text='I choose the date wh...'
[DEBUG] FLORES keys: ['en', 'hi', 'ta', 'te', 'ml']... ta in keys: True
[DEBUG] IndicTrans call: src=eng_Latn (en), tgt=mar_Deva (mr), text='I choose the date, t...'
[DEBUG] FLORES keys: ['en', 'hi', 'ta', 'te', 'ml']... ta in keys: True
[DEBUG] IndicTrans call: src=eng_Latn (en), tgt=mar_Deva (mr), text='I choose the date wh...'
[DEBUG] FLORES keys: ['en', 'hi', 'ta', 'te', 'ml']... ta in keys: True
[DEBUG] IndicTrans call: src=eng_Latn (en), tgt=mar_Deva (mr), text='I choose the date wh...'
[DEBUG] FLORES keys: ['en', 'hi', 'ta', 'te', 'ml']... ta in keys: True
[DEBUG] IndicTrans call: src=eng_Latn (en), tgt=mar_Deva (mr), text='So...'
[DEBUG] FLORES keys: ['en', 'hi', 'ta', 'te', 'ml']... ta in keys: True
[DEBUG] IndicTrans call: src=eng_Latn (en), tgt=mar_Deva (mr), text='Flute....'
[DEBUG] FLORES keys: ['en', 'hi', 'ta', 'te', 'ml']... ta in keys: True
[DEBUG] IndicTrans call: src=eng_Latn (en), tgt=mar_Deva (mr), text='So...'
[DEBUG] FLORES keys: ['en', 'hi', 'ta', 'te', 'ml']... ta in keys: True
[DEBUG] IndicTrans call: src=eng_Latn (en), tgt=mar_Deva (mr), text='Flood in hours....'
[DEBUG] FLORES keys: ['en', 'hi', 'ta', 'te', 'ml']... ta in keys: True
[DEBUG] IndicTrans call: src=eng_Latn (en), tgt=mar_Deva (mr), text='Flood in hours....'
[DEBUG] FLORES keys: ['en', 'hi', 'ta', 'te', 'ml']... ta in keys: True
[DEBUG] IndicTrans call: src=eng_Latn (en), tgt=mar_Deva (mr), text='I do see....'
[DEBUG] FLORES keys: ['en', 'hi', 'ta', 'te', 'ml']... ta in keys: True
[DEBUG] IndicTrans call: src=eng_Latn (en), tgt=mar_Deva (mr), text='And this is everythi...'
[DEBUG] FLORES keys: ['en', 'hi', 'ta', 'te', 'ml']... ta in keys: True
[DEBUG] IndicTrans call: src=eng_Latn (en), tgt=mar_Deva (mr), text='And this is a very s...'
[DEBUG] FLORES keys: ['en', 'hi', 'ta', 'te', 'ml']... ta in keys: True
[DEBUG] IndicTrans call: src=eng_Latn (en), tgt=mar_Deva (mr), text='And this is as I sai...'
[DEBUG] FLORES keys: ['en', 'hi', 'ta', 'te', 'ml']... ta in keys: True
[DEBUG] IndicTrans call: src=eng_Latn (en), tgt=mar_Deva (mr), text='And this is as I sai...'
[DEBUG] FLORES keys: ['en', 'hi', 'ta', 'te', 'ml']... ta in keys: True
[DEBUG] IndicTrans call: src=eng_Latn (en), tgt=mar_Deva (mr), text='And this is as I sai...'
[DEBUG] FLORES keys: ['en', 'hi', 'ta', 'te', 'ml']... ta in keys: True
[DEBUG] IndicTrans call: src=eng_Latn (en), tgt=mar_Deva (mr), text='And this is as I sai...'
[DEBUG] FLORES keys: ['en', 'hi', 'ta', 'te', 'ml']... ta in keys: True
[DEBUG] IndicTrans call: src=eng_Latn (en), tgt=hin_Deva (hi), text='a good idea....'
[DEBUG] FLORES keys: ['en', 'hi', 'ta', 'te', 'ml']... ta in keys: True
[DEBUG] IndicTrans call: src=eng_Latn (en), tgt=hin_Deva (hi), text='a good idea to keep....'
[DEBUG] FLORES keys: ['en', 'hi', 'ta', 'te', 'ml']... ta in keys: True
[DEBUG] IndicTrans call: src=eng_Latn (en), tgt=hin_Deva (hi), text='a good idea to keep,...'
[DEBUG] FLORES keys: ['en', 'hi', 'ta', 'te', 'ml']... ta in keys: True
[DEBUG] IndicTrans call: src=eng_Latn (en), tgt=hin_Deva (hi), text='a good idea to keep....'
[DEBUG] FLORES keys: ['en', 'hi', 'ta', 'te', 'ml']... ta in keys: True
[DEBUG] IndicTrans call: src=eng_Latn (en), tgt=hin_Deva (hi), text='a good idea to keep....'
[DEBUG] FLORES keys: ['en', 'hi', 'ta', 'te', 'ml']... ta in keys: True
[DEBUG] IndicTrans call: src=eng_Latn (en), tgt=hin_Deva (hi), text='a good idea to keep....'
[DEBUG] FLORES keys: ['en', 'hi', 'ta', 'te', 'ml']... ta in keys: True
[DEBUG] IndicTrans call: src=eng_Latn (en), tgt=hin_Deva (hi), text='a good idea to keep,...'
[DEBUG] FLORES keys: ['en', 'hi', 'ta', 'te', 'ml']... ta in keys: True
[DEBUG] IndicTrans call: src=eng_Latn (en), tgt=hin_Deva (hi), text='a good idea to keep,...'
[DEBUG] FLORES keys: ['en', 'hi', 'ta', 'te', 'ml']... ta in keys: True
[DEBUG] IndicTrans call: src=eng_Latn (en), tgt=hin_Deva (hi), text='a good idea to keep,...'
[DEBUG] FLORES keys: ['en', 'hi', 'ta', 'te', 'ml']... ta in keys: True
[DEBUG] IndicTrans call: src=eng_Latn (en), tgt=hin_Deva (hi), text='a good idea to keep,...'
[DEBUG] FLORES keys: ['en', 'hi', 'ta', 'te', 'ml']... ta in keys: True
[DEBUG] IndicTrans call: src=eng_Latn (en), tgt=hin_Deva (hi), text='a good idea to keep,...'
[DEBUG] FLORES keys: ['en', 'hi', 'ta', 'te', 'ml']... ta in keys: True
[DEBUG] IndicTrans call: src=eng_Latn (en), tgt=hin_Deva (hi), text='destructive....'
[DEBUG] FLORES keys: ['en', 'hi', 'ta', 'te', 'ml']... ta in keys: True
[DEBUG] IndicTrans call: src=eng_Latn (en), tgt=hin_Deva (hi), text='So, what the toast m...'
[DEBUG] FLORES keys: ['en', 'hi', 'ta', 'te', 'ml']... ta in keys: True
[DEBUG] IndicTrans call: src=eng_Latn (en), tgt=hin_Deva (hi), text='So, what did those m...'
[DEBUG] FLORES keys: ['en', 'hi', 'ta', 'te', 'ml']... ta in keys: True
[DEBUG] IndicTrans call: src=eng_Latn (en), tgt=hin_Deva (hi), text='So, what did those m...'
[DEBUG] FLORES keys: ['en', 'hi', 'ta', 'te', 'ml']... ta in keys: True
[DEBUG] IndicTrans call: src=eng_Latn (en), tgt=hin_Deva (hi), text='So what the two smas...'
[DEBUG] FLORES keys: ['en', 'hi', 'ta', 'te', 'ml']... ta in keys: True
[DEBUG] IndicTrans call: src=eng_Latn (en), tgt=hin_Deva (hi), text='So what the two smas...'
[DEBUG] FLORES keys: ['en', 'hi', 'ta', 'te', 'ml']... ta in keys: True
[DEBUG] IndicTrans call: src=eng_Latn (en), tgt=hin_Deva (hi), text='So what the two smas...'
[DEBUG] FLORES keys: ['en', 'hi', 'ta', 'te', 'ml']... ta in keys: True
[DEBUG] IndicTrans call: src=eng_Latn (en), tgt=hin_Deva (hi), text='So, what the two sma...'
[DEBUG] FLORES keys: ['en', 'hi', 'ta', 'te', 'ml']... ta in keys: True
[DEBUG] IndicTrans call: src=eng_Latn (en), tgt=hin_Deva (hi), text='So, what the toast m...'
[DEBUG] FLORES keys: ['en', 'hi', 'ta', 'te', 'ml']... ta in keys: True
[DEBUG] IndicTrans call: src=eng_Latn (en), tgt=hin_Deva (hi), text='So, what the toast m...'
[DEBUG] FLORES keys: ['en', 'hi', 'ta', 'te', 'ml']... ta in keys: True
[DEBUG] IndicTrans call: src=eng_Latn (en), tgt=hin_Deva (hi), text='So, what the toast m...'
[DEBUG] FLORES keys: ['en', 'hi', 'ta', 'te', 'ml']... ta in keys: True
[DEBUG] IndicTrans call: src=eng_Latn (en), tgt=hin_Deva (hi), text='So, what the toast m...'
[DEBUG] FLORES keys: ['en', 'hi', 'ta', 'te', 'ml']... ta in keys: True
[DEBUG] IndicTrans call: src=eng_Latn (en), tgt=hin_Deva (hi), text='So, building dots......'
[DEBUG] FLORES keys: ['en', 'hi', 'ta', 'te', 'ml']... ta in keys: True
[DEBUG] IndicTrans call: src=eng_Latn (en), tgt=hin_Deva (hi), text='So, during that spee...'
[DEBUG] FLORES keys: ['en', 'hi', 'ta', 'te', 'ml']... ta in keys: True
[DEBUG] IndicTrans call: src=eng_Latn (en), tgt=hin_Deva (hi), text='So, during that spee...'
[DEBUG] FLORES keys: ['en', 'hi', 'ta', 'te', 'ml']... ta in keys: True
[DEBUG] IndicTrans call: src=eng_Latn (en), tgt=hin_Deva (hi), text='So, during that spee...'
[DEBUG] FLORES keys: ['en', 'hi', 'ta', 'te', 'ml']... ta in keys: True
[DEBUG] IndicTrans call: src=eng_Latn (en), tgt=hin_Deva (hi), text='I'll see you in the ...'
[DEBUG] FLORES keys: ['en', 'hi', 'ta', 'te', 'ml']... ta in keys: True
[DEBUG] IndicTrans call: src=eng_Latn (en), tgt=hin_Deva (hi), text='So we can roll the.....'
[DEBUG] FLORES keys: ['en', 'hi', 'ta', 'te', 'ml']... ta in keys: True
[DEBUG] IndicTrans call: src=eng_Latn (en), tgt=hin_Deva (hi), text='The waiting roll wil...'
[DEBUG] FLORES keys: ['en', 'hi', 'ta', 'te', 'ml']... ta in keys: True
[DEBUG] IndicTrans call: src=eng_Latn (en), tgt=hin_Deva (hi), text='The waiting roll wil...'
[DEBUG] FLORES keys: ['en', 'hi', 'ta', 'te', 'ml']... ta in keys: True
[DEBUG] IndicTrans call: src=eng_Latn (en), tgt=hin_Deva (hi), text='The waiting roll wil...'
[DEBUG] FLORES keys: ['en', 'hi', 'ta', 'te', 'ml']... ta in keys: True
[DEBUG] IndicTrans call: src=eng_Latn (en), tgt=hin_Deva (hi), text='The waiting roll wil...'
[DEBUG] FLORES keys: ['en', 'hi', 'ta', 'te', 'ml']... ta in keys: True
[DEBUG] IndicTrans call: src=eng_Latn (en), tgt=hin_Deva (hi), text='The waiting role, th...'
[DEBUG] FLORES keys: ['en', 'hi', 'ta', 'te', 'ml']... ta in keys: True
[DEBUG] IndicTrans call: src=eng_Latn (en), tgt=hin_Deva (hi), text='The waiting role, th...'
[DEBUG] FLORES keys: ['en', 'hi', 'ta', 'te', 'ml']... ta in keys: True
[DEBUG] IndicTrans call: src=eng_Latn (en), tgt=hin_Deva (hi), text='waiting for all the ...'
[DEBUG] FLORES keys: ['en', 'hi', 'ta', 'te', 'ml']... ta in keys: True
[DEBUG] IndicTrans call: src=eng_Latn (en), tgt=hin_Deva (hi), text='waiting for all the ...'
[DEBUG] FLORES keys: ['en', 'hi', 'ta', 'te', 'ml']... ta in keys: True
[DEBUG] IndicTrans call: src=eng_Latn (en), tgt=hin_Deva (hi), text='waiting only all the...'
[DEBUG] FLORES keys: ['en', 'hi', 'ta', 'te', 'ml']... ta in keys: True
[DEBUG] IndicTrans call: src=eng_Latn (en), tgt=hin_Deva (hi), text='waiting only all the...'
[DEBUG] FLORES keys: ['en', 'hi', 'ta', 'te', 'ml']... ta in keys: True
[DEBUG] IndicTrans call: src=eng_Latn (en), tgt=hin_Deva (hi), text='waiting only all the...'
[DEBUG] FLORES keys: ['en', 'hi', 'ta', 'te', 'ml']... ta in keys: True
[DEBUG] IndicTrans call: src=eng_Latn (en), tgt=hin_Deva (hi), text='The waiting role we ...'
[DEBUG] FLORES keys: ['en', 'hi', 'ta', 'te', 'ml']... ta in keys: True
[DEBUG] IndicTrans call: src=eng_Latn (en), tgt=mar_Deva (mr), text='it will come in....'
[DEBUG] FLORES keys: ['en', 'hi', 'ta', 'te', 'ml']... ta in keys: True
[DEBUG] IndicTrans call: src=eng_Latn (en), tgt=mar_Deva (mr), text='people coming in thi...'
[DEBUG] FLORES keys: ['en', 'hi', 'ta', 'te', 'ml']... ta in keys: True
[DEBUG] IndicTrans call: src=eng_Latn (en), tgt=mar_Deva (mr), text='people coming to the...'
[DEBUG] FLORES keys: ['en', 'hi', 'ta', 'te', 'ml']... ta in keys: True
[DEBUG] IndicTrans call: src=eng_Latn (en), tgt=mar_Deva (mr), text='people coming to the...'
[DEBUG] FLORES keys: ['en', 'hi', 'ta', 'te', 'ml']... ta in keys: True
[DEBUG] IndicTrans call: src=eng_Latn (en), tgt=mar_Deva (mr), text='people coming to the...'
[DEBUG] FLORES keys: ['en', 'hi', 'ta', 'te', 'ml']... ta in keys: True
[DEBUG] IndicTrans call: src=eng_Latn (en), tgt=mar_Deva (mr), text='people coming in the...'
[DEBUG] FLORES keys: ['en', 'hi', 'ta', 'te', 'ml']... ta in keys: True
[DEBUG] IndicTrans call: src=eng_Latn (en), tgt=mar_Deva (mr), text='people coming in the...'
[DEBUG] FLORES keys: ['en', 'hi', 'ta', 'te', 'ml']... ta in keys: True
[DEBUG] IndicTrans call: src=eng_Latn (en), tgt=mar_Deva (mr), text='people coming in the...'
[DEBUG] FLORES keys: ['en', 'hi', 'ta', 'te', 'ml']... ta in keys: True
[DEBUG] IndicTrans call: src=eng_Latn (en), tgt=mar_Deva (mr), text='people coming in the...'
[DEBUG] FLORES keys: ['en', 'hi', 'ta', 'te', 'ml']... ta in keys: True
[DEBUG] IndicTrans call: src=eng_Latn (en), tgt=mar_Deva (mr), text='people coming in the...'
[DEBUG] FLORES keys: ['en', 'hi', 'ta', 'te', 'ml']... ta in keys: True
[DEBUG] IndicTrans call: src=eng_Latn (en), tgt=mar_Deva (mr), text='people coming in the...'
[DEBUG] FLORES keys: ['en', 'hi', 'ta', 'te', 'ml']... ta in keys: True
[DEBUG] IndicTrans call: src=eng_Latn (en), tgt=mar_Deva (mr), text='people coming in the...'
[DEBUG] FLORES keys: ['en', 'hi', 'ta', 'te', 'ml']... ta in keys: True
[DEBUG] IndicTrans call: src=eng_Latn (en), tgt=mar_Deva (mr), text='people coming in the...'
[DEBUG] FLORES keys: ['en', 'hi', 'ta', 'te', 'ml']... ta in keys: True
[DEBUG] IndicTrans call: src=eng_Latn (en), tgt=mar_Deva (mr), text='people coming in the...'
[DEBUG] FLORES keys: ['en', 'hi', 'ta', 'te', 'ml']... ta in keys: True
[DEBUG] IndicTrans call: src=eng_Latn (en), tgt=mar_Deva (mr), text='people coming in the...'
[DEBUG] FLORES keys: ['en', 'hi', 'ta', 'te', 'ml']... ta in keys: True
[DEBUG] IndicTrans call: src=eng_Latn (en), tgt=mar_Deva (mr), text='people coming in the...'
[DEBUG] FLORES keys: ['en', 'hi', 'ta', 'te', 'ml']... ta in keys: True
[DEBUG] IndicTrans call: src=eng_Latn (en), tgt=mar_Deva (mr), text='people coming in the...'
[DEBUG] FLORES keys: ['en', 'hi', 'ta', 'te', 'ml']... ta in keys: True
[DEBUG] IndicTrans call: src=eng_Latn (en), tgt=mar_Deva (mr), text='people coming in the...'
[DEBUG] FLORES keys: ['en', 'hi', 'ta', 'te', 'ml']... ta in keys: True
[DEBUG] IndicTrans call: src=eng_Latn (en), tgt=mar_Deva (mr), text='people coming in the...'
[DEBUG] FLORES keys: ['en', 'hi', 'ta', 'te', 'ml']... ta in keys: True
[DEBUG] IndicTrans call: src=eng_Latn (en), tgt=mar_Deva (mr), text='If any member comes,...'
[DEBUG] FLORES keys: ['en', 'hi', 'ta', 'te', 'ml']... ta in keys: True
[DEBUG] IndicTrans call: src=eng_Latn (en), tgt=mar_Deva (mr), text='If any member comes,...'
[DEBUG] FLORES keys: ['en', 'hi', 'ta', 'te', 'ml']... ta in keys: True
[DEBUG] IndicTrans call: src=eng_Latn (en), tgt=mar_Deva (mr), text='If any member comes ...'
[DEBUG] FLORES keys: ['en', 'hi', 'ta', 'te', 'ml']... ta in keys: True
[DEBUG] IndicTrans call: src=eng_Latn (en), tgt=mar_Deva (mr), text='If any member comes,...'
[DEBUG] FLORES keys: ['en', 'hi', 'ta', 'te', 'ml']... ta in keys: True
[DEBUG] IndicTrans call: src=eng_Latn (en), tgt=mar_Deva (mr), text='If any member comes,...'
[DEBUG] FLORES keys: ['en', 'hi', 'ta', 'te', 'ml']... ta in keys: True
[DEBUG] IndicTrans call: src=eng_Latn (en), tgt=mar_Deva (mr), text='If any member comes,...'
[DEBUG] FLORES keys: ['en', 'hi', 'ta', 'te', 'ml']... ta in keys: True
[DEBUG] IndicTrans call: src=eng_Latn (en), tgt=mar_Deva (mr), text='If any member comes,...'
[DEBUG] FLORES keys: ['en', 'hi', 'ta', 'te', 'ml']... ta in keys: True
[DEBUG] IndicTrans call: src=eng_Latn (en), tgt=mar_Deva (mr), text='If any member comes,...'
[DEBUG] FLORES keys: ['en', 'hi', 'ta', 'te', 'ml']... ta in keys: True
[DEBUG] IndicTrans call: src=eng_Latn (en), tgt=mar_Deva (mr), text='If any member comes,...'
[DEBUG] FLORES keys: ['en', 'hi', 'ta', 'te', 'ml']... ta in keys: True
[DEBUG] IndicTrans call: src=eng_Latn (en), tgt=mar_Deva (mr), text='If any member comes,...'
[DEBUG] FLORES keys: ['en', 'hi', 'ta', 'te', 'ml']... ta in keys: True
[DEBUG] IndicTrans call: src=eng_Latn (en), tgt=mar_Deva (mr), text='If any member comes,...'
[DEBUG] FLORES keys: ['en', 'hi', 'ta', 'te', 'ml']... ta in keys: True
[DEBUG] IndicTrans call: src=eng_Latn (en), tgt=mar_Deva (mr), text='If any member comes,...'
[DEBUG] FLORES keys: ['en', 'hi', 'ta', 'te', 'ml']... ta in keys: True
[DEBUG] IndicTrans call: src=eng_Latn (en), tgt=mar_Deva (mr), text='If any member comes,...'
[DEBUG] FLORES keys: ['en', 'hi', 'ta', 'te', 'ml']... ta in keys: True
[DEBUG] IndicTrans call: src=eng_Latn (en), tgt=mar_Deva (mr), text='and then they will b...'
[DEBUG] FLORES keys: ['en', 'hi', 'ta', 'te', 'ml']... ta in keys: True
[DEBUG] IndicTrans call: src=eng_Latn (en), tgt=mar_Deva (mr), text='and then the people....'
[DEBUG] FLORES keys: ['en', 'hi', 'ta', 'te', 'ml']... ta in keys: True
[DEBUG] IndicTrans call: src=eng_Latn (en), tgt=mar_Deva (mr), text='and then the people....'
[DEBUG] FLORES keys: ['en', 'hi', 'ta', 'te', 'ml']... ta in keys: True
[DEBUG] IndicTrans call: src=eng_Latn (en), tgt=mar_Deva (mr), text='and then they become...'
[DEBUG] FLORES keys: ['en', 'hi', 'ta', 'te', 'ml']... ta in keys: True
[DEBUG] IndicTrans call: src=eng_Latn (en), tgt=mar_Deva (mr), text='and then they will b...'
[DEBUG] FLORES keys: ['en', 'hi', 'ta', 'te', 'ml']... ta in keys: True
[DEBUG] IndicTrans call: src=eng_Latn (en), tgt=mar_Deva (mr), text='and then they will b...'
[DEBUG] FLORES keys: ['en', 'hi', 'ta', 'te', 'ml']... ta in keys: True
[DEBUG] IndicTrans call: src=eng_Latn (en), tgt=mar_Deva (mr), text='and then they will b...'
[DEBUG] FLORES keys: ['en', 'hi', 'ta', 'te', 'ml']... ta in keys: True
[DEBUG] IndicTrans call: src=eng_Latn (en), tgt=mar_Deva (mr), text='It's up to you....'
[DEBUG] FLORES keys: ['en', 'hi', 'ta', 'te', 'ml']... ta in keys: True
[DEBUG] IndicTrans call: src=eng_Latn (en), tgt=mar_Deva (mr), text='It's up to you if yo...'
[DEBUG] FLORES keys: ['en', 'hi', 'ta', 'te', 'ml']... ta in keys: True
[DEBUG] IndicTrans call: src=eng_Latn (en), tgt=mar_Deva (mr), text='It's up to you if yo...'
[DEBUG] FLORES keys: ['en', 'hi', 'ta', 'te', 'ml']... ta in keys: True
[DEBUG] IndicTrans call: src=eng_Latn (en), tgt=mar_Deva (mr), text='It's up to you if yo...'
[DEBUG] FLORES keys: ['en', 'hi', 'ta', 'te', 'ml']... ta in keys: True
[DEBUG] IndicTrans call: src=eng_Latn (en), tgt=mar_Deva (mr), text='It's up to you if yo...'
[DEBUG] FLORES keys: ['en', 'hi', 'ta', 'te', 'ml']... ta in keys: True
[DEBUG] IndicTrans call: src=eng_Latn (en), tgt=mar_Deva (mr), text='It's up to you if yo...'
[DEBUG] FLORES keys: ['en', 'hi', 'ta', 'te', 'ml']... ta in keys: True
[DEBUG] IndicTrans call: src=eng_Latn (en), tgt=mar_Deva (mr), text='It's up to you if yo...'
[DEBUG] FLORES keys: ['en', 'hi', 'ta', 'te', 'ml']... ta in keys: True
[DEBUG] IndicTrans call: src=eng_Latn (en), tgt=mar_Deva (mr), text='It's up to you if yo...'
[DEBUG] FLORES keys: ['en', 'hi', 'ta', 'te', 'ml']... ta in keys: True
[DEBUG] IndicTrans call: src=eng_Latn (en), tgt=mar_Deva (mr), text='It's up to you if yo...'
[DEBUG] FLORES keys: ['en', 'hi', 'ta', 'te', 'ml']... ta in keys: True
[DEBUG] IndicTrans call: src=eng_Latn (en), tgt=mar_Deva (mr), text='It's up to you if yo...'
[DEBUG] FLORES keys: ['en', 'hi', 'ta', 'te', 'ml']... ta in keys: True
[DEBUG] IndicTrans call: src=eng_Latn (en), tgt=mar_Deva (mr), text='It's up to you if yo...'
[DEBUG] FLORES keys: ['en', 'hi', 'ta', 'te', 'ml']... ta in keys: True
[DEBUG] IndicTrans call: src=eng_Latn (en), tgt=mar_Deva (mr), text='It's up to you if yo...'
[DEBUG] FLORES keys: ['en', 'hi', 'ta', 'te', 'ml']... ta in keys: True
[DEBUG] IndicTrans call: src=eng_Latn (en), tgt=mar_Deva (mr), text='It's up to you if yo...'
[DEBUG] FLORES keys: ['en', 'hi', 'ta', 'te', 'ml']... ta in keys: True
[DEBUG] IndicTrans call: src=eng_Latn (en), tgt=mar_Deva (mr), text='It's up to you if yo...'
[DEBUG] FLORES keys: ['en', 'hi', 'ta', 'te', 'ml']... ta in keys: True
[DEBUG] IndicTrans call: src=eng_Latn (en), tgt=mar_Deva (mr), text='It's up to you if yo...'
[DEBUG] FLORES keys: ['en', 'hi', 'ta', 'te', 'ml']... ta in keys: True
[DEBUG] IndicTrans call: src=eng_Latn (en), tgt=mar_Deva (mr), text='It's up to you if yo...'
[DEBUG] FLORES keys: ['en', 'hi', 'ta', 'te', 'ml']... ta in keys: True
[DEBUG] IndicTrans call: src=eng_Latn (en), tgt=mar_Deva (mr), text='It's up to you if yo...'
[DEBUG] FLORES keys: ['en', 'hi', 'ta', 'te', 'ml']... ta in keys: True
[DEBUG] IndicTrans call: src=eng_Latn (en), tgt=mar_Deva (mr), text='complicated form....'
[DEBUG] FLORES keys: ['en', 'hi', 'ta', 'te', 'ml']... ta in keys: True
[DEBUG] IndicTrans call: src=eng_Latn (en), tgt=mar_Deva (mr), text='complicated form. So...'
[DEBUG] FLORES keys: ['en', 'hi', 'ta', 'te', 'ml']... ta in keys: True
[DEBUG] IndicTrans call: src=eng_Latn (en), tgt=mar_Deva (mr), text='complicated form. So...'
[DEBUG] FLORES keys: ['en', 'hi', 'ta', 'te', 'ml']... ta in keys: True
[DEBUG] IndicTrans call: src=eng_Latn (en), tgt=mar_Deva (mr), text='complicated form. So...'
[DEBUG] FLORES keys: ['en', 'hi', 'ta', 'te', 'ml']... ta in keys: True
[DEBUG] IndicTrans call: src=eng_Latn (en), tgt=mar_Deva (mr), text='Scrum to the...'
[DEBUG] FLORES keys: ['en', 'hi', 'ta', 'te', 'ml']... ta in keys: True
[DEBUG] IndicTrans call: src=eng_Latn (en), tgt=mar_Deva (mr), text='Scrum to the options...'
[DEBUG] FLORES keys: ['en', 'hi', 'ta', 'te', 'ml']... ta in keys: True
[DEBUG] IndicTrans call: src=eng_Latn (en), tgt=mar_Deva (mr), text='Scroll to the option...'
[DEBUG] FLORES keys: ['en', 'hi', 'ta', 'te', 'ml']... ta in keys: True
[DEBUG] IndicTrans call: src=eng_Latn (en), tgt=mar_Deva (mr), text='Scroll to the option...'
[DEBUG] FLORES keys: ['en', 'hi', 'ta', 'te', 'ml']... ta in keys: True
[DEBUG] IndicTrans call: src=eng_Latn (en), tgt=mar_Deva (mr), text='Scroll to the option...'
[DEBUG] FLORES keys: ['en', 'hi', 'ta', 'te', 'ml']... ta in keys: True
[DEBUG] IndicTrans call: src=eng_Latn (en), tgt=mar_Deva (mr), text='Scroll to the option...'
[DEBUG] FLORES keys: ['en', 'hi', 'ta', 'te', 'ml']... ta in keys: True
[DEBUG] IndicTrans call: src=eng_Latn (en), tgt=mar_Deva (mr), text='Oh, please, come on....'
[DEBUG] FLORES keys: ['en', 'hi', 'ta', 'te', 'ml']... ta in keys: True
[DEBUG] IndicTrans call: src=eng_Latn (en), tgt=mar_Deva (mr), text='would be description...'
[DEBUG] FLORES keys: ['en', 'hi', 'ta', 'te', 'ml']... ta in keys: True
[DEBUG] IndicTrans call: src=eng_Latn (en), tgt=mar_Deva (mr), text='description...'
[DEBUG] FLORES keys: ['en', 'hi', 'ta', 'te', 'ml']... ta in keys: True
[DEBUG] IndicTrans call: src=eng_Latn (en), tgt=mar_Deva (mr), text='What is the descript...'
[DEBUG] FLORES keys: ['en', 'hi', 'ta', 'te', 'ml']... ta in keys: True
[DEBUG] IndicTrans call: src=eng_Latn (en), tgt=mar_Deva (mr), text='The description, the...'
[DEBUG] FLORES keys: ['en', 'hi', 'ta', 'te', 'ml']... ta in keys: True
[DEBUG] IndicTrans call: src=eng_Latn (en), tgt=mar_Deva (mr), text='What is the descript...'
[DEBUG] FLORES keys: ['en', 'hi', 'ta', 'te', 'ml']... ta in keys: True
[DEBUG] IndicTrans call: src=eng_Latn (en), tgt=mar_Deva (mr), text='The view...'
[DEBUG] FLORES keys: ['en', 'hi', 'ta', 'te', 'ml']... ta in keys: True
[DEBUG] IndicTrans call: src=eng_Latn (en), tgt=mar_Deva (mr), text='The duration...'
[DEBUG] FLORES keys: ['en', 'hi', 'ta', 'te', 'ml']... ta in keys: True
[DEBUG] IndicTrans call: src=eng_Latn (en), tgt=mar_Deva (mr), text='The duration...'
[DEBUG] FLORES keys: ['en', 'hi', 'ta', 'te', 'ml']... ta in keys: True
[DEBUG] IndicTrans call: src=eng_Latn (en), tgt=mar_Deva (mr), text='The duration?...'
[DEBUG] FLORES keys: ['en', 'hi', 'ta', 'te', 'ml']... ta in keys: True
[DEBUG] IndicTrans call: src=eng_Latn (en), tgt=mar_Deva (mr), text='In order to destroy...'
[DEBUG] FLORES keys: ['en', 'hi', 'ta', 'te', 'ml']... ta in keys: True
[DEBUG] IndicTrans call: src=eng_Latn (en), tgt=mar_Deva (mr), text='No registration requ...'
[DEBUG] FLORES keys: ['en', 'hi', 'ta', 'te', 'ml']... ta in keys: True
[DEBUG] IndicTrans call: src=eng_Latn (en), tgt=mar_Deva (mr), text='No registration requ...'
[DEBUG] FLORES keys: ['en', 'hi', 'ta', 'te', 'ml']... ta in keys: True
[DEBUG] IndicTrans call: src=eng_Latn (en), tgt=mar_Deva (mr), text='No registration requ...'
[DEBUG] FLORES keys: ['en', 'hi', 'ta', 'te', 'ml']... ta in keys: True
[DEBUG] IndicTrans call: src=eng_Latn (en), tgt=mar_Deva (mr), text='Shown the room....'
[DEBUG] FLORES keys: ['en', 'hi', 'ta', 'te', 'ml']... ta in keys: True
[DEBUG] IndicTrans call: src=eng_Latn (en), tgt=mar_Deva (mr), text='You...'
[DEBUG] FLORES keys: ['en', 'hi', 'ta', 'te', 'ml']... ta in keys: True
[DEBUG] IndicTrans call: src=eng_Latn (en), tgt=mar_Deva (mr), text='Generate the ID auto...'
[DEBUG] FLORES keys: ['en', 'hi', 'ta', 'te', 'ml']... ta in keys: True
[DEBUG] IndicTrans call: src=eng_Latn (en), tgt=mar_Deva (mr), text='Generate the ID auto...'
[DEBUG] FLORES keys: ['en', 'hi', 'ta', 'te', 'ml']... ta in keys: True
[DEBUG] IndicTrans call: src=eng_Latn (en), tgt=mar_Deva (mr), text='Generate the ID auto...'
[DEBUG] FLORES keys: ['en', 'hi', 'ta', 'te', 'ml']... ta in keys: True
[DEBUG] IndicTrans call: src=eng_Latn (en), tgt=mar_Deva (mr), text='Generate the ID auto...'
[DEBUG] FLORES keys: ['en', 'hi', 'ta', 'te', 'ml']... ta in keys: True
[DEBUG] IndicTrans call: src=eng_Latn (en), tgt=mar_Deva (mr), text='No password....'
[DEBUG] FLORES keys: ['en', 'hi', 'ta', 'te', 'ml']... ta in keys: True
[DEBUG] IndicTrans call: src=eng_Latn (en), tgt=mar_Deva (mr), text='Do not pass that liq...'
[DEBUG] FLORES keys: ['en', 'hi', 'ta', 'te', 'ml']... ta in keys: True
[DEBUG] IndicTrans call: src=eng_Latn (en), tgt=mar_Deva (mr), text='In the past, what re...'
[DEBUG] FLORES keys: ['en', 'hi', 'ta', 'te', 'ml']... ta in keys: True
[DEBUG] IndicTrans call: src=eng_Latn (en), tgt=mar_Deva (mr), text='No password required...'
[DEBUG] FLORES keys: ['en', 'hi', 'ta', 'te', 'ml']... ta in keys: True
[DEBUG] IndicTrans call: src=eng_Latn (en), tgt=mar_Deva (mr), text='You...'
[DEBUG] FLORES keys: ['en', 'hi', 'ta', 'te', 'ml']... ta in keys: True
[DEBUG] IndicTrans call: src=eng_Latn (en), tgt=mar_Deva (mr), text='Here it really doesn...'
[DEBUG] FLORES keys: ['en', 'hi', 'ta', 'te', 'ml']... ta in keys: True
[DEBUG] IndicTrans call: src=eng_Latn (en), tgt=mar_Deva (mr), text='Here it really doesn...'
[DEBUG] FLORES keys: ['en', 'hi', 'ta', 'te', 'ml']... ta in keys: True
[DEBUG] IndicTrans call: src=eng_Latn (en), tgt=mar_Deva (mr), text='Here it is really do...'
[DEBUG] FLORES keys: ['en', 'hi', 'ta', 'te', 'ml']... ta in keys: True
[DEBUG] IndicTrans call: src=eng_Latn (en), tgt=mar_Deva (mr), text='Here it really doesn...'
[DEBUG] FLORES keys: ['en', 'hi', 'ta', 'te', 'ml']... ta in keys: True
[DEBUG] IndicTrans call: src=eng_Latn (en), tgt=mar_Deva (mr), text='Here it really doesn...'
[DEBUG] FLORES keys: ['en', 'hi', 'ta', 'te', 'ml']... ta in keys: True
[DEBUG] IndicTrans call: src=eng_Latn (en), tgt=mar_Deva (mr), text='Here it really doesn...'
[DEBUG] FLORES keys: ['en', 'hi', 'ta', 'te', 'ml']... ta in keys: True
[DEBUG] IndicTrans call: src=eng_Latn (en), tgt=mar_Deva (mr), text='Hello...'
[DEBUG] FLORES keys: ['en', 'hi', 'ta', 'te', 'ml']... ta in keys: True
[DEBUG] IndicTrans call: src=eng_Latn (en), tgt=mar_Deva (mr), text='A low pitch....'
[DEBUG] FLORES keys: ['en', 'hi', 'ta', 'te', 'ml']... ta in keys: True
[DEBUG] IndicTrans call: src=eng_Latn (en), tgt=mar_Deva (mr), text='Allow to join before...'
[DEBUG] FLORES keys: ['en', 'hi', 'ta', 'te', 'ml']... ta in keys: True
[DEBUG] IndicTrans call: src=eng_Latn (en), tgt=mar_Deva (mr), text='Allow to join before...'
[DEBUG] FLORES keys: ['en', 'hi', 'ta', 'te', 'ml']... ta in keys: True
[DEBUG] IndicTrans call: src=eng_Latn (en), tgt=mar_Deva (mr), text='Allow to join before...'
[DEBUG] FLORES keys: ['en', 'hi', 'ta', 'te', 'ml']... ta in keys: True
[DEBUG] IndicTrans call: src=eng_Latn (en), tgt=mar_Deva (mr), text='You...'
[DEBUG] FLORES keys: ['en', 'hi', 'ta', 'te', 'ml']... ta in keys: True
[DEBUG] IndicTrans call: src=eng_Latn (en), tgt=mar_Deva (mr), text='Mutant part...'
[DEBUG] FLORES keys: ['en', 'hi', 'ta', 'te', 'ml']... ta in keys: True
[DEBUG] IndicTrans call: src=eng_Latn (en), tgt=mar_Deva (mr), text='mute part to support...'
[DEBUG] FLORES keys: ['en', 'hi', 'ta', 'te', 'ml']... ta in keys: True
[DEBUG] IndicTrans call: src=eng_Latn (en), tgt=mar_Deva (mr), text='mute participants on...'
[DEBUG] FLORES keys: ['en', 'hi', 'ta', 'te', 'ml']... ta in keys: True
[DEBUG] IndicTrans call: src=eng_Latn (en), tgt=mar_Deva (mr), text='mute participants on...'
[DEBUG] FLORES keys: ['en', 'hi', 'ta', 'te', 'ml']... ta in keys: True
[DEBUG] IndicTrans call: src=eng_Latn (en), tgt=mar_Deva (mr), text='mute participants an...'
[DEBUG] FLORES keys: ['en', 'hi', 'ta', 'te', 'ml']... ta in keys: True
[DEBUG] IndicTrans call: src=eng_Latn (en), tgt=mar_Deva (mr), text='mute participants on...'
[DEBUG] FLORES keys: ['en', 'hi', 'ta', 'te', 'ml']... ta in keys: True
[DEBUG] IndicTrans call: src=eng_Latn (en), tgt=mar_Deva (mr), text='mute participants on...'
[DEBUG] FLORES keys: ['en', 'hi', 'ta', 'te', 'ml']... ta in keys: True
[DEBUG] IndicTrans call: src=eng_Latn (en), tgt=mar_Deva (mr), text='mute participants on...'
[DEBUG] FLORES keys: ['en', 'hi', 'ta', 'te', 'ml']... ta in keys: True
[DEBUG] IndicTrans call: src=eng_Latn (en), tgt=mar_Deva (mr), text='Um...'
[DEBUG] FLORES keys: ['en', 'hi', 'ta', 'te', 'ml']... ta in keys: True
[DEBUG] IndicTrans call: src=eng_Latn (en), tgt=mar_Deva (mr), text='and do this...'
[DEBUG] FLORES keys: ['en', 'hi', 'ta', 'te', 'ml']... ta in keys: True
[DEBUG] IndicTrans call: src=eng_Latn (en), tgt=mar_Deva (mr), text='and the rest can be...'
[DEBUG] FLORES keys: ['en', 'hi', 'ta', 'te', 'ml']... ta in keys: True
[DEBUG] IndicTrans call: src=eng_Latn (en), tgt=mar_Deva (mr), text='and the rest can be ...'
[DEBUG] FLORES keys: ['en', 'hi', 'ta', 'te', 'ml']... ta in keys: True
[DEBUG] IndicTrans call: src=eng_Latn (en), tgt=mar_Deva (mr), text='and the best can be ...'
[DEBUG] FLORES keys: ['en', 'hi', 'ta', 'te', 'ml']... ta in keys: True
[DEBUG] IndicTrans call: src=eng_Latn (en), tgt=mar_Deva (mr), text='and the best can be ...'
[DEBUG] FLORES keys: ['en', 'hi', 'ta', 'te', 'ml']... ta in keys: True
[DEBUG] IndicTrans call: src=eng_Latn (en), tgt=mar_Deva (mr), text='So, that's......'
[DEBUG] FLORES keys: ['en', 'hi', 'ta', 'te', 'ml']... ta in keys: True
[DEBUG] IndicTrans call: src=eng_Latn (en), tgt=mar_Deva (mr), text='So that's it....'
[DEBUG] FLORES keys: ['en', 'hi', 'ta', 'te', 'ml']... ta in keys: True
[DEBUG] IndicTrans call: src=eng_Latn (en), tgt=mar_Deva (mr), text='So that's it I have ...'
[DEBUG] FLORES keys: ['en', 'hi', 'ta', 'te', 'ml']... ta in keys: True
[DEBUG] IndicTrans call: src=eng_Latn (en), tgt=mar_Deva (mr), text='So that's it, I have...'
[DEBUG] FLORES keys: ['en', 'hi', 'ta', 'te', 'ml']... ta in keys: True
[DEBUG] IndicTrans call: src=eng_Latn (en), tgt=mar_Deva (mr), text='So that's it, I have...'
[DEBUG] FLORES keys: ['en', 'hi', 'ta', 'te', 'ml']... ta in keys: True
[DEBUG] IndicTrans call: src=eng_Latn (en), tgt=mar_Deva (mr), text='So it's good....'
[DEBUG] FLORES keys: ['en', 'hi', 'ta', 'te', 'ml']... ta in keys: True
[DEBUG] IndicTrans call: src=eng_Latn (en), tgt=mar_Deva (mr), text='If I click see......'
[DEBUG] FLORES keys: ['en', 'hi', 'ta', 'te', 'ml']... ta in keys: True
[DEBUG] IndicTrans call: src=eng_Latn (en), tgt=mar_Deva (mr), text='If I click see......'
[DEBUG] FLORES keys: ['en', 'hi', 'ta', 'te', 'ml']... ta in keys: True
[DEBUG] IndicTrans call: src=eng_Latn (en), tgt=mar_Deva (mr), text='If I click save, I h...'
[DEBUG] FLORES keys: ['en', 'hi', 'ta', 'te', 'ml']... ta in keys: True
[DEBUG] IndicTrans call: src=eng_Latn (en), tgt=mar_Deva (mr), text='If I click save, I h...'
[DEBUG] FLORES keys: ['en', 'hi', 'ta', 'te', 'ml']... ta in keys: True
[DEBUG] IndicTrans call: src=eng_Latn (en), tgt=mar_Deva (mr), text='If I click Save, I h...'
[DEBUG] FLORES keys: ['en', 'hi', 'ta', 'te', 'ml']... ta in keys: True
[DEBUG] IndicTrans call: src=eng_Latn (en), tgt=mar_Deva (mr), text='If I click Save, I h...'
[DEBUG] FLORES keys: ['en', 'hi', 'ta', 'te', 'ml']... ta in keys: True
[DEBUG] IndicTrans call: src=eng_Latn (en), tgt=mar_Deva (mr), text='If I click save, I h...'
[DEBUG] FLORES keys: ['en', 'hi', 'ta', 'te', 'ml']... ta in keys: True
[DEBUG] IndicTrans call: src=eng_Latn (en), tgt=mar_Deva (mr), text='If I click save, I h...'
[DEBUG] FLORES keys: ['en', 'hi', 'ta', 'te', 'ml']... ta in keys: True
[DEBUG] IndicTrans call: src=eng_Latn (en), tgt=mar_Deva (mr), text='If I click save, I h...'
[DEBUG] FLORES keys: ['en', 'hi', 'ta', 'te', 'ml']... ta in keys: True
[DEBUG] IndicTrans call: src=eng_Latn (en), tgt=mar_Deva (mr), text='If I click Save, I h...'
[DEBUG] FLORES keys: ['en', 'hi', 'ta', 'te', 'ml']... ta in keys: True
[DEBUG] IndicTrans call: src=eng_Latn (en), tgt=mar_Deva (mr), text='If I click Save, I h...'
[DEBUG] FLORES keys: ['en', 'hi', 'ta', 'te', 'ml']... ta in keys: True
[DEBUG] IndicTrans call: src=eng_Latn (en), tgt=mar_Deva (mr), text='link...'
[DEBUG] FLORES keys: ['en', 'hi', 'ta', 'te', 'ml']... ta in keys: True
[DEBUG] IndicTrans call: src=eng_Latn (en), tgt=guj_Gujr (gu), text='I clocked him....'
[DEBUG] FLORES keys: ['en', 'hi', 'ta', 'te', 'ml']... ta in keys: True
[DEBUG] IndicTrans call: src=eng_Latn (en), tgt=guj_Gujr (gu), text='I clapped them and s...'
[DEBUG] FLORES keys: ['en', 'hi', 'ta', 'te', 'ml']... ta in keys: True
[DEBUG] IndicTrans call: src=eng_Latn (en), tgt=guj_Gujr (gu), text='I clapped down but s...'
[DEBUG] FLORES keys: ['en', 'hi', 'ta', 'te', 'ml']... ta in keys: True
[DEBUG] IndicTrans call: src=eng_Latn (en), tgt=guj_Gujr (gu), text='I clocked out but sa...'
[DEBUG] FLORES keys: ['en', 'hi', 'ta', 'te', 'ml']... ta in keys: True
[DEBUG] IndicTrans call: src=eng_Latn (en), tgt=guj_Gujr (gu), text='I clapped them but s...'
[DEBUG] FLORES keys: ['en', 'hi', 'ta', 'te', 'ml']... ta in keys: True
[DEBUG] IndicTrans call: src=eng_Latn (en), tgt=guj_Gujr (gu), text='I clock them but see...'
[DEBUG] FLORES keys: ['en', 'hi', 'ta', 'te', 'ml']... ta in keys: True
[DEBUG] IndicTrans call: src=eng_Latn (en), tgt=guj_Gujr (gu), text='I club them but see ...'
[DEBUG] FLORES keys: ['en', 'hi', 'ta', 'te', 'ml']... ta in keys: True
[DEBUG] IndicTrans call: src=eng_Latn (en), tgt=guj_Gujr (gu), text='I club them but see ...'
[DEBUG] FLORES keys: ['en', 'hi', 'ta', 'te', 'ml']... ta in keys: True
[DEBUG] IndicTrans call: src=eng_Latn (en), tgt=guj_Gujr (gu), text='Adversive...'
[DEBUG] FLORES keys: ['en', 'hi', 'ta', 'te', 'ml']... ta in keys: True
[DEBUG] IndicTrans call: src=eng_Latn (en), tgt=guj_Gujr (gu), text='Adversive, you are.....'
[DEBUG] FLORES keys: ['en', 'hi', 'ta', 'te', 'ml']... ta in keys: True
[DEBUG] IndicTrans call: src=eng_Latn (en), tgt=guj_Gujr (gu), text='Adversive, you have ...'
[DEBUG] FLORES keys: ['en', 'hi', 'ta', 'te', 'ml']... ta in keys: True
[DEBUG] IndicTrans call: src=eng_Latn (en), tgt=guj_Gujr (gu), text='Adversive, you have ...'
[DEBUG] FLORES keys: ['en', 'hi', 'ta', 'te', 'ml']... ta in keys: True
[DEBUG] IndicTrans call: src=eng_Latn (en), tgt=guj_Gujr (gu), text='That's it. You have ...'
[DEBUG] FLORES keys: ['en', 'hi', 'ta', 'te', 'ml']... ta in keys: True
[DEBUG] IndicTrans call: src=eng_Latn (en), tgt=guj_Gujr (gu), text='That's it. You have ...'
[DEBUG] FLORES keys: ['en', 'hi', 'ta', 'te', 'ml']... ta in keys: True
[DEBUG] IndicTrans call: src=eng_Latn (en), tgt=guj_Gujr (gu), text='Simple...'
[DEBUG] FLORES keys: ['en', 'hi', 'ta', 'te', 'ml']... ta in keys: True
[DEBUG] IndicTrans call: src=eng_Latn (en), tgt=guj_Gujr (gu), text='Simple...'
[DEBUG] FLORES keys: ['en', 'hi', 'ta', 'te', 'ml']... ta in keys: True
[DEBUG] IndicTrans call: src=eng_Latn (en), tgt=guj_Gujr (gu), text='Simple....'
[DEBUG] FLORES keys: ['en', 'hi', 'ta', 'te', 'ml']... ta in keys: True
[DEBUG] IndicTrans call: src=eng_Latn (en), tgt=guj_Gujr (gu), text='Please your thumb....'
[DEBUG] FLORES keys: ['en', 'hi', 'ta', 'te', 'ml']... ta in keys: True
[DEBUG] IndicTrans call: src=eng_Latn (en), tgt=guj_Gujr (gu), text='Please your phone, p...'
[DEBUG] FLORES keys: ['en', 'hi', 'ta', 'te', 'ml']... ta in keys: True
[DEBUG] IndicTrans call: src=eng_Latn (en), tgt=guj_Gujr (gu), text='Please your thumb ve...'
[DEBUG] FLORES keys: ['en', 'hi', 'ta', 'te', 'ml']... ta in keys: True
[DEBUG] IndicTrans call: src=eng_Latn (en), tgt=guj_Gujr (gu), text='Raise your thumb ver...'
[DEBUG] FLORES keys: ['en', 'hi', 'ta', 'te', 'ml']... ta in keys: True
[DEBUG] IndicTrans call: src=eng_Latn (en), tgt=guj_Gujr (gu), text='Raise your thumb ver...'
[DEBUG] FLORES keys: ['en', 'hi', 'ta', 'te', 'ml']... ta in keys: True
[DEBUG] IndicTrans call: src=eng_Latn (en), tgt=guj_Gujr (gu), text='No, listen......'
[DEBUG] FLORES keys: ['en', 'hi', 'ta', 'te', 'ml']... ta in keys: True
[DEBUG] IndicTrans call: src=eng_Latn (en), tgt=guj_Gujr (gu), text='Now, before I move.....'
[DEBUG] FLORES keys: ['en', 'hi', 'ta', 'te', 'ml']... ta in keys: True
[DEBUG] IndicTrans call: src=eng_Latn (en), tgt=guj_Gujr (gu), text='Now before I move ah...'
[DEBUG] FLORES keys: ['en', 'hi', 'ta', 'te', 'ml']... ta in keys: True
[DEBUG] IndicTrans call: src=eng_Latn (en), tgt=guj_Gujr (gu), text='Now before I move ah...'
[DEBUG] FLORES keys: ['en', 'hi', 'ta', 'te', 'ml']... ta in keys: True
[DEBUG] IndicTrans call: src=eng_Latn (en), tgt=guj_Gujr (gu), text='No, before I move, I...'
[DEBUG] FLORES keys: ['en', 'hi', 'ta', 'te', 'ml']... ta in keys: True
[DEBUG] IndicTrans call: src=eng_Latn (en), tgt=guj_Gujr (gu), text='No, before I move, I...'
[DEBUG] FLORES keys: ['en', 'hi', 'ta', 'te', 'ml']... ta in keys: True
[DEBUG] IndicTrans call: src=eng_Latn (en), tgt=guj_Gujr (gu), text='Now before I move ah...'
[DEBUG] FLORES keys: ['en', 'hi', 'ta', 'te', 'ml']... ta in keys: True
[DEBUG] IndicTrans call: src=eng_Latn (en), tgt=guj_Gujr (gu), text='Now before I move ah...'
[DEBUG] FLORES keys: ['en', 'hi', 'ta', 'te', 'ml']... ta in keys: True
[DEBUG] IndicTrans call: src=eng_Latn (en), tgt=guj_Gujr (gu), text='Now before I move ah...'
[DEBUG] FLORES keys: ['en', 'hi', 'ta', 'te', 'ml']... ta in keys: True
[DEBUG] IndicTrans call: src=eng_Latn (en), tgt=guj_Gujr (gu), text='Now before I move ah...'
[DEBUG] FLORES keys: ['en', 'hi', 'ta', 'te', 'ml']... ta in keys: True
[DEBUG] IndicTrans call: src=eng_Latn (en), tgt=guj_Gujr (gu), text='Now before I move ah...'
[DEBUG] FLORES keys: ['en', 'hi', 'ta', 'te', 'ml']... ta in keys: True
[DEBUG] IndicTrans call: src=eng_Latn (en), tgt=guj_Gujr (gu), text='Now before I move ah...'
[DEBUG] FLORES keys: ['en', 'hi', 'ta', 'te', 'ml']... ta in keys: True
[DEBUG] IndicTrans call: src=eng_Latn (en), tgt=guj_Gujr (gu), text='Now before I move ah...'
[DEBUG] FLORES keys: ['en', 'hi', 'ta', 'te', 'ml']... ta in keys: True
[DEBUG] IndicTrans call: src=eng_Latn (en), tgt=guj_Gujr (gu), text='The game....'
[DEBUG] FLORES keys: ['en', 'hi', 'ta', 'te', 'ml']... ta in keys: True
[DEBUG] IndicTrans call: src=eng_Latn (en), tgt=guj_Gujr (gu), text='Well, we have one......'
[DEBUG] FLORES keys: ['en', 'hi', 'ta', 'te', 'ml']... ta in keys: True
[DEBUG] IndicTrans call: src=eng_Latn (en), tgt=guj_Gujr (gu), text='Wow, you have one, s...'
[DEBUG] FLORES keys: ['en', 'hi', 'ta', 'te', 'ml']... ta in keys: True
[DEBUG] IndicTrans call: src=eng_Latn (en), tgt=guj_Gujr (gu), text='Wow, we have what 72...'
[DEBUG] FLORES keys: ['en', 'hi', 'ta', 'te', 'ml']... ta in keys: True
[DEBUG] IndicTrans call: src=eng_Latn (en), tgt=guj_Gujr (gu), text='Wow, we have what 70...'
[DEBUG] FLORES keys: ['en', 'hi', 'ta', 'te', 'ml']... ta in keys: True
[DEBUG] IndicTrans call: src=eng_Latn (en), tgt=guj_Gujr (gu), text='Wow, we have what 70...'
[DEBUG] FLORES keys: ['en', 'hi', 'ta', 'te', 'ml']... ta in keys: True
[DEBUG] IndicTrans call: src=eng_Latn (en), tgt=guj_Gujr (gu), text='Wow, we have what 70...'
[DEBUG] FLORES keys: ['en', 'hi', 'ta', 'te', 'ml']... ta in keys: True
[DEBUG] IndicTrans call: src=eng_Latn (en), tgt=guj_Gujr (gu), text='Wow, we have what 70...'
[DEBUG] FLORES keys: ['en', 'hi', 'ta', 'te', 'ml']... ta in keys: True
[DEBUG] IndicTrans call: src=eng_Latn (en), tgt=guj_Gujr (gu), text='Wow, we have what 70...'
[DEBUG] FLORES keys: ['en', 'hi', 'ta', 'te', 'ml']... ta in keys: True
[DEBUG] IndicTrans call: src=eng_Latn (en), tgt=guj_Gujr (gu), text='Wow, we have what 70...'
[DEBUG] FLORES keys: ['en', 'hi', 'ta', 'te', 'ml']... ta in keys: True
[DEBUG] IndicTrans call: src=eng_Latn (en), tgt=guj_Gujr (gu), text='Oh, sir....'
[DEBUG] FLORES keys: ['en', 'hi', 'ta', 'te', 'ml']... ta in keys: True
[DEBUG] IndicTrans call: src=eng_Latn (en), tgt=guj_Gujr (gu), text='I'll show you....'
[DEBUG] FLORES keys: ['en', 'hi', 'ta', 'te', 'ml']... ta in keys: True
[DEBUG] IndicTrans call: src=eng_Latn (en), tgt=guj_Gujr (gu), text='What I'm thinking th...'
[DEBUG] FLORES keys: ['en', 'hi', 'ta', 'te', 'ml']... ta in keys: True
[DEBUG] IndicTrans call: src=eng_Latn (en), tgt=guj_Gujr (gu), text='I'm thinking this, I...'
[DEBUG] FLORES keys: ['en', 'hi', 'ta', 'te', 'ml']... ta in keys: True
[DEBUG] IndicTrans call: src=eng_Latn (en), tgt=guj_Gujr (gu), text='What I'm thinking th...'
[DEBUG] FLORES keys: ['en', 'hi', 'ta', 'te', 'ml']... ta in keys: True
[DEBUG] IndicTrans call: src=eng_Latn (en), tgt=guj_Gujr (gu), text='What I'm thinking th...'
[DEBUG] FLORES keys: ['en', 'hi', 'ta', 'te', 'ml']... ta in keys: True
[DEBUG] IndicTrans call: src=eng_Latn (en), tgt=guj_Gujr (gu), text='Shagun...'
[DEBUG] FLORES keys: ['en', 'hi', 'ta', 'te', 'ml']... ta in keys: True
[DEBUG] IndicTrans call: src=eng_Latn (en), tgt=guj_Gujr (gu), text='Share the results wi...'
[DEBUG] FLORES keys: ['en', 'hi', 'ta', 'te', 'ml']... ta in keys: True
[DEBUG] IndicTrans call: src=eng_Latn (en), tgt=guj_Gujr (gu), text='share the results wi...'
[DEBUG] FLORES keys: ['en', 'hi', 'ta', 'te', 'ml']... ta in keys: True
[DEBUG] IndicTrans call: src=eng_Latn (en), tgt=guj_Gujr (gu), text='Share the results wi...'
[DEBUG] FLORES keys: ['en', 'hi', 'ta', 'te', 'ml']... ta in keys: True
[DEBUG] IndicTrans call: src=eng_Latn (en), tgt=guj_Gujr (gu), text='So...'
[DEBUG] FLORES keys: ['en', 'hi', 'ta', 'te', 'ml']... ta in keys: True
[DEBUG] IndicTrans call: src=eng_Latn (en), tgt=guj_Gujr (gu), text='So first......'
[DEBUG] FLORES keys: ['en', 'hi', 'ta', 'te', 'ml']... ta in keys: True
[DEBUG] IndicTrans call: src=eng_Latn (en), tgt=guj_Gujr (gu), text='so first corner...'
[DEBUG] FLORES keys: ['en', 'hi', 'ta', 'te', 'ml']... ta in keys: True
[DEBUG] IndicTrans call: src=eng_Latn (en), tgt=guj_Gujr (gu), text='So first all I have ...'
[DEBUG] FLORES keys: ['en', 'hi', 'ta', 'te', 'ml']... ta in keys: True
[DEBUG] IndicTrans call: src=eng_Latn (en), tgt=guj_Gujr (gu), text='So first all I have ...'
[DEBUG] FLORES keys: ['en', 'hi', 'ta', 'te', 'ml']... ta in keys: True
[DEBUG] IndicTrans call: src=eng_Latn (en), tgt=guj_Gujr (gu), text='So first all I have ...'
[DEBUG] FLORES keys: ['en', 'hi', 'ta', 'te', 'ml']... ta in keys: True
[DEBUG] IndicTrans call: src=eng_Latn (en), tgt=guj_Gujr (gu), text='What's works?...'
[DEBUG] FLORES keys: ['en', 'hi', 'ta', 'te', 'ml']... ta in keys: True
[DEBUG] IndicTrans call: src=eng_Latn (en), tgt=guj_Gujr (gu), text='What's your experien...'
[DEBUG] FLORES keys: ['en', 'hi', 'ta', 'te', 'ml']... ta in keys: True
[DEBUG] IndicTrans call: src=eng_Latn (en), tgt=guj_Gujr (gu), text='What's your experien...'
[DEBUG] FLORES keys: ['en', 'hi', 'ta', 'te', 'ml']... ta in keys: True
[DEBUG] IndicTrans call: src=eng_Latn (en), tgt=guj_Gujr (gu), text='What's your experien...'
[DEBUG] FLORES keys: ['en', 'hi', 'ta', 'te', 'ml']... ta in keys: True
[DEBUG] IndicTrans call: src=eng_Latn (en), tgt=guj_Gujr (gu), text='What's your experien...'
[DEBUG] FLORES keys: ['en', 'hi', 'ta', 'te', 'ml']... ta in keys: True
[DEBUG] IndicTrans call: src=eng_Latn (en), tgt=guj_Gujr (gu), text='What's your experien...'
[DEBUG] FLORES keys: ['en', 'hi', 'ta', 'te', 'ml']... ta in keys: True
[DEBUG] IndicTrans call: src=eng_Latn (en), tgt=guj_Gujr (gu), text='What's your experien...'
[DEBUG] FLORES keys: ['en', 'hi', 'ta', 'te', 'ml']... ta in keys: True
[DEBUG] IndicTrans call: src=eng_Latn (en), tgt=guj_Gujr (gu), text='I...'
[DEBUG] FLORES keys: ['en', 'hi', 'ta', 'te', 'ml']... ta in keys: True
[DEBUG] IndicTrans call: src=eng_Latn (en), tgt=guj_Gujr (gu), text='Bye you, MX....'
[DEBUG] FLORES keys: ['en', 'hi', 'ta', 'te', 'ml']... ta in keys: True
[DEBUG] IndicTrans call: src=eng_Latn (en), tgt=guj_Gujr (gu), text='I do an export....'
[DEBUG] FLORES keys: ['en', 'hi', 'ta', 'te', 'ml']... ta in keys: True
[DEBUG] IndicTrans call: src=eng_Latn (en), tgt=guj_Gujr (gu), text='Are you an expert?...'
[DEBUG] FLORES keys: ['en', 'hi', 'ta', 'te', 'ml']... ta in keys: True
[DEBUG] IndicTrans call: src=eng_Latn (en), tgt=guj_Gujr (gu), text='This is your first t...'
[DEBUG] FLORES keys: ['en', 'hi', 'ta', 'te', 'ml']... ta in keys: True
[DEBUG] IndicTrans call: src=eng_Latn (en), tgt=guj_Gujr (gu), text='This is your first t...'
[DEBUG] FLORES keys: ['en', 'hi', 'ta', 'te', 'ml']... ta in keys: True
[DEBUG] IndicTrans call: src=eng_Latn (en), tgt=guj_Gujr (gu), text='This is your first t...'
[DEBUG] FLORES keys: ['en', 'hi', 'ta', 'te', 'ml']... ta in keys: True
[DEBUG] IndicTrans call: src=eng_Latn (en), tgt=kan_Knda (kn), text='please must...'
[DEBUG] FLORES keys: ['en', 'hi', 'ta', 'te', 'ml']... ta in keys: True
[DEBUG] IndicTrans call: src=eng_Latn (en), tgt=kan_Knda (kn), text='Use mustard clips....'
[DEBUG] FLORES keys: ['en', 'hi', 'ta', 'te', 'ml']... ta in keys: True
[DEBUG] IndicTrans call: src=eng_Latn (en), tgt=kan_Knda (kn), text='Use mustard clips....'
[DEBUG] FLORES keys: ['en', 'hi', 'ta', 'te', 'ml']... ta in keys: True
[DEBUG] IndicTrans call: src=eng_Latn (en), tgt=kan_Knda (kn), text='You...'
[DEBUG] FLORES keys: ['en', 'hi', 'ta', 'te', 'ml']... ta in keys: True
[DEBUG] IndicTrans call: src=eng_Latn (en), tgt=kan_Knda (kn), text='Use...'
[DEBUG] FLORES keys: ['en', 'hi', 'ta', 'te', 'ml']... ta in keys: True
[DEBUG] IndicTrans call: src=eng_Latn (en), tgt=kan_Knda (kn), text='Use short as big......'
[DEBUG] FLORES keys: ['en', 'hi', 'ta', 'te', 'ml']... ta in keys: True
[DEBUG] IndicTrans call: src=eng_Latn (en), tgt=kan_Knda (kn), text='Use salt as because....'
[DEBUG] FLORES keys: ['en', 'hi', 'ta', 'te', 'ml']... ta in keys: True
[DEBUG] IndicTrans call: src=eng_Latn (en), tgt=kan_Knda (kn), text='Use sword is because...'
[DEBUG] FLORES keys: ['en', 'hi', 'ta', 'te', 'ml']... ta in keys: True
[DEBUG] IndicTrans call: src=eng_Latn (en), tgt=kan_Knda (kn), text='Use salt is because ...'
[DEBUG] FLORES keys: ['en', 'hi', 'ta', 'te', 'ml']... ta in keys: True
[DEBUG] IndicTrans call: src=eng_Latn (en), tgt=kan_Knda (kn), text='Use sword is because...'
[DEBUG] FLORES keys: ['en', 'hi', 'ta', 'te', 'ml']... ta in keys: True
[DEBUG] IndicTrans call: src=eng_Latn (en), tgt=kan_Knda (kn), text='Use sword is because...'
[DEBUG] FLORES keys: ['en', 'hi', 'ta', 'te', 'ml']... ta in keys: True
[DEBUG] IndicTrans call: src=eng_Latn (en), tgt=kan_Knda (kn), text='Use sword is because...'
[DEBUG] FLORES keys: ['en', 'hi', 'ta', 'te', 'ml']... ta in keys: True
[DEBUG] IndicTrans call: src=eng_Latn (en), tgt=kan_Knda (kn), text='Use sword is because...'
[DEBUG] FLORES keys: ['en', 'hi', 'ta', 'te', 'ml']... ta in keys: True
[DEBUG] IndicTrans call: src=eng_Latn (en), tgt=kan_Knda (kn), text='Use sword is because...'
[DEBUG] FLORES keys: ['en', 'hi', 'ta', 'te', 'ml']... ta in keys: True
[DEBUG] IndicTrans call: src=eng_Latn (en), tgt=kan_Knda (kn), text='Use sword is because...'
[DEBUG] FLORES keys: ['en', 'hi', 'ta', 'te', 'ml']... ta in keys: True
[DEBUG] IndicTrans call: src=eng_Latn (en), tgt=kan_Knda (kn), text='Use sword is because...'
[DEBUG] FLORES keys: ['en', 'hi', 'ta', 'te', 'ml']... ta in keys: True
[DEBUG] IndicTrans call: src=eng_Latn (en), tgt=kan_Knda (kn), text='Use sword is because...'
[DEBUG] FLORES keys: ['en', 'hi', 'ta', 'te', 'ml']... ta in keys: True
[DEBUG] IndicTrans call: src=eng_Latn (en), tgt=kan_Knda (kn), text='Use sword is because...'
[DEBUG] FLORES keys: ['en', 'hi', 'ta', 'te', 'ml']... ta in keys: True
[DEBUG] IndicTrans call: src=eng_Latn (en), tgt=kan_Knda (kn), text='Use sword is because...'
[DEBUG] FLORES keys: ['en', 'hi', 'ta', 'te', 'ml']... ta in keys: True
[DEBUG] IndicTrans call: src=eng_Latn (en), tgt=kan_Knda (kn), text='Use sword is because...'
[DEBUG] FLORES keys: ['en', 'hi', 'ta', 'te', 'ml']... ta in keys: True
[DEBUG] IndicTrans call: src=eng_Latn (en), tgt=kan_Knda (kn), text='Use sword is because...'
[DEBUG] FLORES keys: ['en', 'hi', 'ta', 'te', 'ml']... ta in keys: True
[DEBUG] IndicTrans call: src=eng_Latn (en), tgt=kan_Knda (kn), text='Use sword is because...'
[DEBUG] FLORES keys: ['en', 'hi', 'ta', 'te', 'ml']... ta in keys: True
[DEBUG] IndicTrans call: src=eng_Latn (en), tgt=kan_Knda (kn), text='Use sword is because...'
[DEBUG] FLORES keys: ['en', 'hi', 'ta', 'te', 'ml']... ta in keys: True
[DEBUG] IndicTrans call: src=eng_Latn (en), tgt=kan_Knda (kn), text='Use sword is because...'
[DEBUG] FLORES keys: ['en', 'hi', 'ta', 'te', 'ml']... ta in keys: True
[DEBUG] IndicTrans call: src=eng_Latn (en), tgt=kan_Knda (kn), text='Use sword is because...'
[DEBUG] FLORES keys: ['en', 'hi', 'ta', 'te', 'ml']... ta in keys: True
[DEBUG] IndicTrans call: src=eng_Latn (en), tgt=kan_Knda (kn), text='to frame houses....'
[DEBUG] FLORES keys: ['en', 'hi', 'ta', 'te', 'ml']... ta in keys: True
[DEBUG] IndicTrans call: src=eng_Latn (en), tgt=kan_Knda (kn), text='to train thousands o...'
[DEBUG] FLORES keys: ['en', 'hi', 'ta', 'te', 'ml']... ta in keys: True
[DEBUG] IndicTrans call: src=eng_Latn (en), tgt=kan_Knda (kn), text='to train thousands o...'
[DEBUG] FLORES keys: ['en', 'hi', 'ta', 'te', 'ml']... ta in keys: True
[DEBUG] IndicTrans call: src=eng_Latn (en), tgt=kan_Knda (kn), text='to train thousands o...'
[DEBUG] FLORES keys: ['en', 'hi', 'ta', 'te', 'ml']... ta in keys: True
[DEBUG] IndicTrans call: src=eng_Latn (en), tgt=kan_Knda (kn), text='to train thousands o...'
[DEBUG] FLORES keys: ['en', 'hi', 'ta', 'te', 'ml']... ta in keys: True
[DEBUG] IndicTrans call: src=eng_Latn (en), tgt=kan_Knda (kn), text='to train thousands o...'
[DEBUG] FLORES keys: ['en', 'hi', 'ta', 'te', 'ml']... ta in keys: True
[DEBUG] IndicTrans call: src=eng_Latn (en), tgt=kan_Knda (kn), text='to train thousands o...'
[DEBUG] FLORES keys: ['en', 'hi', 'ta', 'te', 'ml']... ta in keys: True
[DEBUG] IndicTrans call: src=eng_Latn (en), tgt=kan_Knda (kn), text='to train thousands o...'
[DEBUG] FLORES keys: ['en', 'hi', 'ta', 'te', 'ml']... ta in keys: True
[DEBUG] IndicTrans call: src=eng_Latn (en), tgt=kan_Knda (kn), text='to train thousands o...'
[DEBUG] FLORES keys: ['en', 'hi', 'ta', 'te', 'ml']... ta in keys: True
[DEBUG] IndicTrans call: src=eng_Latn (en), tgt=kan_Knda (kn), text='to train thousands o...'
[DEBUG] FLORES keys: ['en', 'hi', 'ta', 'te', 'ml']... ta in keys: True
[DEBUG] IndicTrans call: src=eng_Latn (en), tgt=kan_Knda (kn), text='to train thousands o...'
[DEBUG] FLORES keys: ['en', 'hi', 'ta', 'te', 'ml']... ta in keys: True
[DEBUG] IndicTrans call: src=eng_Latn (en), tgt=kan_Knda (kn), text='to train thousands o...'
[DEBUG] FLORES keys: ['en', 'hi', 'ta', 'te', 'ml']... ta in keys: True
[DEBUG] IndicTrans call: src=eng_Latn (en), tgt=kan_Knda (kn), text='to train thousands o...'
[DEBUG] FLORES keys: ['en', 'hi', 'ta', 'te', 'ml']... ta in keys: True
[DEBUG] IndicTrans call: src=eng_Latn (en), tgt=kan_Knda (kn), text='to train thousands o...'
[DEBUG] FLORES keys: ['en', 'hi', 'ta', 'te', 'ml']... ta in keys: True
[DEBUG] IndicTrans call: src=eng_Latn (en), tgt=kan_Knda (kn), text='to train thousands o...'
[DEBUG] FLORES keys: ['en', 'hi', 'ta', 'te', 'ml']... ta in keys: True
[DEBUG] IndicTrans call: src=eng_Latn (en), tgt=kan_Knda (kn), text='to train thousands o...'
[DEBUG] FLORES keys: ['en', 'hi', 'ta', 'te', 'ml']... ta in keys: True
[DEBUG] IndicTrans call: src=eng_Latn (en), tgt=kan_Knda (kn), text='to train thousands o...'
[DEBUG] FLORES keys: ['en', 'hi', 'ta', 'te', 'ml']... ta in keys: True
[DEBUG] IndicTrans call: src=eng_Latn (en), tgt=kan_Knda (kn), text='being attention to m...'
[DEBUG] FLORES keys: ['en', 'hi', 'ta', 'te', 'ml']... ta in keys: True
[DEBUG] IndicTrans call: src=eng_Latn (en), tgt=kan_Knda (kn), text='being attention to m...'
[DEBUG] FLORES keys: ['en', 'hi', 'ta', 'te', 'ml']... ta in keys: True
[DEBUG] IndicTrans call: src=eng_Latn (en), tgt=kan_Knda (kn), text='being attention to m...'
[DEBUG] FLORES keys: ['en', 'hi', 'ta', 'te', 'ml']... ta in keys: True
[DEBUG] IndicTrans call: src=eng_Latn (en), tgt=kan_Knda (kn), text='being attention to m...'
[DEBUG] FLORES keys: ['en', 'hi', 'ta', 'te', 'ml']... ta in keys: True
[DEBUG] IndicTrans call: src=eng_Latn (en), tgt=kan_Knda (kn), text='being attention to m...'
[DEBUG] FLORES keys: ['en', 'hi', 'ta', 'te', 'ml']... ta in keys: True
[DEBUG] IndicTrans call: src=eng_Latn (en), tgt=kan_Knda (kn), text='being attention to m...'
[DEBUG] FLORES keys: ['en', 'hi', 'ta', 'te', 'ml']... ta in keys: True
[DEBUG] IndicTrans call: src=eng_Latn (en), tgt=kan_Knda (kn), text='being attention to m...'
[DEBUG] FLORES keys: ['en', 'hi', 'ta', 'te', 'ml']... ta in keys: True
[DEBUG] IndicTrans call: src=eng_Latn (en), tgt=kan_Knda (kn), text='being attention to m...'
[DEBUG] FLORES keys: ['en', 'hi', 'ta', 'te', 'ml']... ta in keys: True
[DEBUG] IndicTrans call: src=eng_Latn (en), tgt=kan_Knda (kn), text='being attention to m...'
[DEBUG] FLORES keys: ['en', 'hi', 'ta', 'te', 'ml']... ta in keys: True
[DEBUG] IndicTrans call: src=eng_Latn (en), tgt=kan_Knda (kn), text='paying attention to ...'
[DEBUG] FLORES keys: ['en', 'hi', 'ta', 'te', 'ml']... ta in keys: True
[DEBUG] IndicTrans call: src=eng_Latn (en), tgt=kan_Knda (kn), text='paying attention to ...'
[DEBUG] FLORES keys: ['en', 'hi', 'ta', 'te', 'ml']... ta in keys: True
[DEBUG] IndicTrans call: src=eng_Latn (en), tgt=kan_Knda (kn), text='paying attention to ...'
[DEBUG] FLORES keys: ['en', 'hi', 'ta', 'te', 'ml']... ta in keys: True
[DEBUG] IndicTrans call: src=eng_Latn (en), tgt=kan_Knda (kn), text='paying attention to ...'
[DEBUG] FLORES keys: ['en', 'hi', 'ta', 'te', 'ml']... ta in keys: True
[DEBUG] IndicTrans call: src=eng_Latn (en), tgt=kan_Knda (kn), text='paying attention to ...'
[DEBUG] FLORES keys: ['en', 'hi', 'ta', 'te', 'ml']... ta in keys: True
[DEBUG] IndicTrans call: src=eng_Latn (en), tgt=kan_Knda (kn), text='paying attention to ...'
[DEBUG] FLORES keys: ['en', 'hi', 'ta', 'te', 'ml']... ta in keys: True
[DEBUG] IndicTrans call: src=eng_Latn (en), tgt=kan_Knda (kn), text='paying attention to ...'
[DEBUG] FLORES keys: ['en', 'hi', 'ta', 'te', 'ml']... ta in keys: True
[DEBUG] IndicTrans call: src=eng_Latn (en), tgt=kan_Knda (kn), text='So, all my fuel...'
[DEBUG] FLORES keys: ['en', 'hi', 'ta', 'te', 'ml']... ta in keys: True
[DEBUG] IndicTrans call: src=eng_Latn (en), tgt=kan_Knda (kn), text='So all my fuel, thos...'
[DEBUG] FLORES keys: ['en', 'hi', 'ta', 'te', 'ml']... ta in keys: True
[DEBUG] IndicTrans call: src=eng_Latn (en), tgt=kan_Knda (kn), text='So all my fuel, thos...'
[DEBUG] FLORES keys: ['en', 'hi', 'ta', 'te', 'ml']... ta in keys: True
[DEBUG] IndicTrans call: src=eng_Latn (en), tgt=ben_Beng (bn), text='That's it....'
[DEBUG] FLORES keys: ['en', 'hi', 'ta', 'te', 'ml']... ta in keys: True
[DEBUG] IndicTrans call: src=eng_Latn (en), tgt=ben_Beng (bn), text='And the end of this ...'
[DEBUG] FLORES keys: ['en', 'hi', 'ta', 'te', 'ml']... ta in keys: True
[DEBUG] IndicTrans call: src=eng_Latn (en), tgt=ben_Beng (bn), text='At the end of this m...'
[DEBUG] FLORES keys: ['en', 'hi', 'ta', 'te', 'ml']... ta in keys: True
[DEBUG] IndicTrans call: src=eng_Latn (en), tgt=ben_Beng (bn), text='At the end of this m...'
[DEBUG] FLORES keys: ['en', 'hi', 'ta', 'te', 'ml']... ta in keys: True
[DEBUG] IndicTrans call: src=eng_Latn (en), tgt=ben_Beng (bn), text='At the end of this m...'
[DEBUG] FLORES keys: ['en', 'hi', 'ta', 'te', 'ml']... ta in keys: True
[DEBUG] IndicTrans call: src=eng_Latn (en), tgt=ben_Beng (bn), text='At the end of this m...'
[DEBUG] FLORES keys: ['en', 'hi', 'ta', 'te', 'ml']... ta in keys: True
[DEBUG] IndicTrans call: src=eng_Latn (en), tgt=ben_Beng (bn), text='At the end of this m...'
[DEBUG] FLORES keys: ['en', 'hi', 'ta', 'te', 'ml']... ta in keys: True
[DEBUG] IndicTrans call: src=eng_Latn (en), tgt=ben_Beng (bn), text='At the end of the me...'
[DEBUG] FLORES keys: ['en', 'hi', 'ta', 'te', 'ml']... ta in keys: True
[DEBUG] IndicTrans call: src=eng_Latn (en), tgt=ben_Beng (bn), text='At the end of this m...'
[DEBUG] FLORES keys: ['en', 'hi', 'ta', 'te', 'ml']... ta in keys: True
[DEBUG] IndicTrans call: src=eng_Latn (en), tgt=ben_Beng (bn), text='At the end of this m...'
[DEBUG] FLORES keys: ['en', 'hi', 'ta', 'te', 'ml']... ta in keys: True
[DEBUG] IndicTrans call: src=eng_Latn (en), tgt=ben_Beng (bn), text='At the end of this m...'
[DEBUG] FLORES keys: ['en', 'hi', 'ta', 'te', 'ml']... ta in keys: True
[DEBUG] IndicTrans call: src=eng_Latn (en), tgt=ben_Beng (bn), text='At the end of this m...'
[DEBUG] FLORES keys: ['en', 'hi', 'ta', 'te', 'ml']... ta in keys: True
[DEBUG] IndicTrans call: src=eng_Latn (en), tgt=ben_Beng (bn), text='At the end of this m...'
[DEBUG] FLORES keys: ['en', 'hi', 'ta', 'te', 'ml']... ta in keys: True
[DEBUG] IndicTrans call: src=eng_Latn (en), tgt=ben_Beng (bn), text='Come by the leaf....'
[DEBUG] FLORES keys: ['en', 'hi', 'ta', 'te', 'ml']... ta in keys: True
[DEBUG] IndicTrans call: src=eng_Latn (en), tgt=ben_Beng (bn), text='and by the way, for ...'
[DEBUG] FLORES keys: ['en', 'hi', 'ta', 'te', 'ml']... ta in keys: True
[DEBUG] IndicTrans call: src=eng_Latn (en), tgt=ben_Beng (bn), text='and by the way, it w...'
[DEBUG] FLORES keys: ['en', 'hi', 'ta', 'te', 'ml']... ta in keys: True
[DEBUG] IndicTrans call: src=eng_Latn (en), tgt=ben_Beng (bn), text='and by the way, it w...'
[DEBUG] FLORES keys: ['en', 'hi', 'ta', 'te', 'ml']... ta in keys: True
[DEBUG] IndicTrans call: src=eng_Latn (en), tgt=ben_Beng (bn), text='By the way, if you a...'
[DEBUG] FLORES keys: ['en', 'hi', 'ta', 'te', 'ml']... ta in keys: True
[DEBUG] IndicTrans call: src=eng_Latn (en), tgt=ben_Beng (bn), text='By the way, if you a...'
[DEBUG] FLORES keys: ['en', 'hi', 'ta', 'te', 'ml']... ta in keys: True
[DEBUG] IndicTrans call: src=eng_Latn (en), tgt=ben_Beng (bn), text='By the way, if you a...'
[DEBUG] FLORES keys: ['en', 'hi', 'ta', 'te', 'ml']... ta in keys: True
[DEBUG] IndicTrans call: src=eng_Latn (en), tgt=ben_Beng (bn), text='By the way, if you a...'
[DEBUG] FLORES keys: ['en', 'hi', 'ta', 'te', 'ml']... ta in keys: True
[DEBUG] IndicTrans call: src=eng_Latn (en), tgt=ben_Beng (bn), text='By the way, if you a...'
[DEBUG] FLORES keys: ['en', 'hi', 'ta', 'te', 'ml']... ta in keys: True
[DEBUG] IndicTrans call: src=eng_Latn (en), tgt=ben_Beng (bn), text='By the way, if you h...'
[DEBUG] FLORES keys: ['en', 'hi', 'ta', 'te', 'ml']... ta in keys: True
[DEBUG] IndicTrans call: src=eng_Latn (en), tgt=ben_Beng (bn), text='By the way, if you h...'
[DEBUG] FLORES keys: ['en', 'hi', 'ta', 'te', 'ml']... ta in keys: True
[DEBUG] IndicTrans call: src=eng_Latn (en), tgt=ben_Beng (bn), text='By the way, if you h...'
[DEBUG] FLORES keys: ['en', 'hi', 'ta', 'te', 'ml']... ta in keys: True
[DEBUG] IndicTrans call: src=eng_Latn (en), tgt=ben_Beng (bn), text='By the way, if you h...'
[DEBUG] FLORES keys: ['en', 'hi', 'ta', 'te', 'ml']... ta in keys: True
[DEBUG] IndicTrans call: src=eng_Latn (en), tgt=ben_Beng (bn), text='By the way, if you h...'
[DEBUG] FLORES keys: ['en', 'hi', 'ta', 'te', 'ml']... ta in keys: True
[DEBUG] IndicTrans call: src=eng_Latn (en), tgt=ben_Beng (bn), text='By the way, if you h...'
[DEBUG] FLORES keys: ['en', 'hi', 'ta', 'te', 'ml']... ta in keys: True
[DEBUG] IndicTrans call: src=eng_Latn (en), tgt=ben_Beng (bn), text='By the way, if you a...'
[DEBUG] FLORES keys: ['en', 'hi', 'ta', 'te', 'ml']... ta in keys: True
[DEBUG] IndicTrans call: src=eng_Latn (en), tgt=ben_Beng (bn), text='By the way, if you h...'
[DEBUG] FLORES keys: ['en', 'hi', 'ta', 'te', 'ml']... ta in keys: True
[DEBUG] IndicTrans call: src=eng_Latn (en), tgt=ben_Beng (bn), text='So that's the Blende...'
[DEBUG] FLORES keys: ['en', 'hi', 'ta', 'te', 'ml']... ta in keys: True
[DEBUG] IndicTrans call: src=eng_Latn (en), tgt=ben_Beng (bn), text='so that's www.blundz...'
[DEBUG] FLORES keys: ['en', 'hi', 'ta', 'te', 'ml']... ta in keys: True
[DEBUG] IndicTrans call: src=eng_Latn (en), tgt=ben_Beng (bn), text='So that's the Blink ...'
[DEBUG] FLORES keys: ['en', 'hi', 'ta', 'te', 'ml']... ta in keys: True
[DEBUG] IndicTrans call: src=eng_Latn (en), tgt=ben_Beng (bn), text='to that's www.blueso...'
[DEBUG] FLORES keys: ['en', 'hi', 'ta', 'te', 'ml']... ta in keys: True
[DEBUG] IndicTrans call: src=eng_Latn (en), tgt=ben_Beng (bn), text='to that's www.blueso...'
[DEBUG] FLORES keys: ['en', 'hi', 'ta', 'te', 'ml']... ta in keys: True
[DEBUG] IndicTrans call: src=eng_Latn (en), tgt=ben_Beng (bn), text='So that's www.blueso...'
[DEBUG] FLORES keys: ['en', 'hi', 'ta', 'te', 'ml']... ta in keys: True
[DEBUG] IndicTrans call: src=eng_Latn (en), tgt=ben_Beng (bn), text='to that's www.theblu...'
[DEBUG] FLORES keys: ['en', 'hi', 'ta', 'te', 'ml']... ta in keys: True
[DEBUG] IndicTrans call: src=eng_Latn (en), tgt=ben_Beng (bn), text='So that's the Blunde...'
[DEBUG] FLORES keys: ['en', 'hi', 'ta', 'te', 'ml']... ta in keys: True
[DEBUG] IndicTrans call: src=eng_Latn (en), tgt=ben_Beng (bn), text='So that's the Blende...'
[DEBUG] FLORES keys: ['en', 'hi', 'ta', 'te', 'ml']... ta in keys: True
[DEBUG] IndicTrans call: src=eng_Latn (en), tgt=ben_Beng (bn), text='So that's the Blunde...'
[DEBUG] FLORES keys: ['en', 'hi', 'ta', 'te', 'ml']... ta in keys: True
[DEBUG] IndicTrans call: src=eng_Latn (en), tgt=ben_Beng (bn), text='So that's the Blunde...'
[DEBUG] FLORES keys: ['en', 'hi', 'ta', 'te', 'ml']... ta in keys: True
[DEBUG] IndicTrans call: src=eng_Latn (en), tgt=ben_Beng (bn), text='So that's the Blunde...'
[DEBUG] FLORES keys: ['en', 'hi', 'ta', 'te', 'ml']... ta in keys: True
[DEBUG] IndicTrans call: src=eng_Latn (en), tgt=ben_Beng (bn), text='Because if......'
[DEBUG] FLORES keys: ['en', 'hi', 'ta', 'te', 'ml']... ta in keys: True
[DEBUG] IndicTrans call: src=eng_Latn (en), tgt=ben_Beng (bn), text='Because, if you want...'
[DEBUG] FLORES keys: ['en', 'hi', 'ta', 'te', 'ml']... ta in keys: True
[DEBUG] IndicTrans call: src=eng_Latn (en), tgt=ben_Beng (bn), text='Because if you want ...'
[DEBUG] FLORES keys: ['en', 'hi', 'ta', 'te', 'ml']... ta in keys: True
[DEBUG] IndicTrans call: src=eng_Latn (en), tgt=ben_Beng (bn), text='Because if you want ...'
[DEBUG] FLORES keys: ['en', 'hi', 'ta', 'te', 'ml']... ta in keys: True
[DEBUG] IndicTrans call: src=eng_Latn (en), tgt=ben_Beng (bn), text='Because if you want ...'
[DEBUG] FLORES keys: ['en', 'hi', 'ta', 'te', 'ml']... ta in keys: True
[DEBUG] IndicTrans call: src=eng_Latn (en), tgt=ben_Beng (bn), text='Because if you want ...'
[DEBUG] FLORES keys: ['en', 'hi', 'ta', 'te', 'ml']... ta in keys: True
[DEBUG] IndicTrans call: src=eng_Latn (en), tgt=ben_Beng (bn), text='Because if you want ...'
[DEBUG] FLORES keys: ['en', 'hi', 'ta', 'te', 'ml']... ta in keys: True
[DEBUG] IndicTrans call: src=eng_Latn (en), tgt=ben_Beng (bn), text='Because if you want ...'
[DEBUG] FLORES keys: ['en', 'hi', 'ta', 'te', 'ml']... ta in keys: True
[DEBUG] IndicTrans call: src=eng_Latn (en), tgt=ben_Beng (bn), text='Because if you want ...'
[DEBUG] FLORES keys: ['en', 'hi', 'ta', 'te', 'ml']... ta in keys: True
[DEBUG] IndicTrans call: src=eng_Latn (en), tgt=ben_Beng (bn), text='Because if you want ...'
[DEBUG] FLORES keys: ['en', 'hi', 'ta', 'te', 'ml']... ta in keys: True
[DEBUG] IndicTrans call: src=eng_Latn (en), tgt=ben_Beng (bn), text='Because if you want ...'
[DEBUG] FLORES keys: ['en', 'hi', 'ta', 'te', 'ml']... ta in keys: True
[DEBUG] IndicTrans call: src=eng_Latn (en), tgt=ben_Beng (bn), text='Because if you want ...'
[DEBUG] FLORES keys: ['en', 'hi', 'ta', 'te', 'ml']... ta in keys: True
[DEBUG] IndicTrans call: src=eng_Latn (en), tgt=ben_Beng (bn), text='Because if you want ...'
[DEBUG] FLORES keys: ['en', 'hi', 'ta', 'te', 'ml']... ta in keys: True
[DEBUG] IndicTrans call: src=eng_Latn (en), tgt=ben_Beng (bn), text='Because if you want ...'
[DEBUG] FLORES keys: ['en', 'hi', 'ta', 'te', 'ml']... ta in keys: True
[DEBUG] IndicTrans call: src=eng_Latn (en), tgt=ben_Beng (bn), text='Because if you want ...'
[DEBUG] FLORES keys: ['en', 'hi', 'ta', 'te', 'ml']... ta in keys: True
[DEBUG] IndicTrans call: src=eng_Latn (en), tgt=ben_Beng (bn), text='Because if you want ...'
[DEBUG] FLORES keys: ['en', 'hi', 'ta', 'te', 'ml']... ta in keys: True
[DEBUG] IndicTrans call: src=eng_Latn (en), tgt=ben_Beng (bn), text='Because if you want ...'
[DEBUG] FLORES keys: ['en', 'hi', 'ta', 'te', 'ml']... ta in keys: True
[DEBUG] IndicTrans call: src=eng_Latn (en), tgt=ben_Beng (bn), text='you need to see all ...'
[DEBUG] FLORES keys: ['en', 'hi', 'ta', 'te', 'ml']... ta in keys: True
[DEBUG] IndicTrans call: src=eng_Latn (en), tgt=ben_Beng (bn), text='you need to see all ...'
[DEBUG] FLORES keys: ['en', 'hi', 'ta', 'te', 'ml']... ta in keys: True
[DEBUG] IndicTrans call: src=eng_Latn (en), tgt=ben_Beng (bn), text='you need to see all ...'
[DEBUG] FLORES keys: ['en', 'hi', 'ta', 'te', 'ml']... ta in keys: True
[DEBUG] IndicTrans call: src=eng_Latn (en), tgt=ben_Beng (bn), text='you need to see all ...'
[DEBUG] FLORES keys: ['en', 'hi', 'ta', 'te', 'ml']... ta in keys: True
[DEBUG] IndicTrans call: src=eng_Latn (en), tgt=ben_Beng (bn), text='you need to see all ...'
[DEBUG] FLORES keys: ['en', 'hi', 'ta', 'te', 'ml']... ta in keys: True
[DEBUG] IndicTrans call: src=eng_Latn (en), tgt=ben_Beng (bn), text='you need to see all ...'
[DEBUG] FLORES keys: ['en', 'hi', 'ta', 'te', 'ml']... ta in keys: True
[DEBUG] IndicTrans call: src=eng_Latn (en), tgt=ben_Beng (bn), text='you need to see all ...'
[DEBUG] FLORES keys: ['en', 'hi', 'ta', 'te', 'ml']... ta in keys: True
[DEBUG] IndicTrans call: src=eng_Latn (en), tgt=ben_Beng (bn), text='you need to see all ...'
[DEBUG] FLORES keys: ['en', 'hi', 'ta', 'te', 'ml']... ta in keys: True
[DEBUG] IndicTrans call: src=eng_Latn (en), tgt=ben_Beng (bn), text='You know...'
[DEBUG] FLORES keys: ['en', 'hi', 'ta', 'te', 'ml']... ta in keys: True
[DEBUG] IndicTrans call: src=eng_Latn (en), tgt=ben_Beng (bn), text='So you're......'
[DEBUG] FLORES keys: ['en', 'hi', 'ta', 'te', 'ml']... ta in keys: True
[DEBUG] IndicTrans call: src=eng_Latn (en), tgt=ben_Beng (bn), text='So your members were...'
[DEBUG] FLORES keys: ['en', 'hi', 'ta', 'te', 'ml']... ta in keys: True
[DEBUG] IndicTrans call: src=eng_Latn (en), tgt=ben_Beng (bn), text='So your members were...'
[DEBUG] FLORES keys: ['en', 'hi', 'ta', 'te', 'ml']... ta in keys: True
[DEBUG] IndicTrans call: src=eng_Latn (en), tgt=ben_Beng (bn), text='So your members were...'
[DEBUG] FLORES keys: ['en', 'hi', 'ta', 'te', 'ml']... ta in keys: True
[DEBUG] IndicTrans call: src=eng_Latn (en), tgt=ben_Beng (bn), text='So your members were...'
[DEBUG] FLORES keys: ['en', 'hi', 'ta', 'te', 'ml']... ta in keys: True
[DEBUG] IndicTrans call: src=eng_Latn (en), tgt=ben_Beng (bn), text='And click on......'
[DEBUG] FLORES keys: ['en', 'hi', 'ta', 'te', 'ml']... ta in keys: True
[DEBUG] IndicTrans call: src=eng_Latn (en), tgt=ben_Beng (bn), text='and bring them off....'
[DEBUG] FLORES keys: ['en', 'hi', 'ta', 'te', 'ml']... ta in keys: True
[DEBUG] IndicTrans call: src=eng_Latn (en), tgt=ben_Beng (bn), text='very calm of course ...'
[DEBUG] FLORES keys: ['en', 'hi', 'ta', 'te', 'ml']... ta in keys: True
[DEBUG] IndicTrans call: src=eng_Latn (en), tgt=ben_Beng (bn), text='They can of course u...'
[DEBUG] FLORES keys: ['en', 'hi', 'ta', 'te', 'ml']... ta in keys: True
[DEBUG] IndicTrans call: src=eng_Latn (en), tgt=ben_Beng (bn), text='They can, of course,...'
[DEBUG] FLORES keys: ['en', 'hi', 'ta', 'te', 'ml']... ta in keys: True
[DEBUG] IndicTrans call: src=eng_Latn (en), tgt=ben_Beng (bn), text='They can of course u...'
[DEBUG] FLORES keys: ['en', 'hi', 'ta', 'te', 'ml']... ta in keys: True
[DEBUG] IndicTrans call: src=eng_Latn (en), tgt=ben_Beng (bn), text='They can of course u...'
[DEBUG] FLORES keys: ['en', 'hi', 'ta', 'te', 'ml']... ta in keys: True
[DEBUG] IndicTrans call: src=eng_Latn (en), tgt=ben_Beng (bn), text='They can of course u...'
[DEBUG] FLORES keys: ['en', 'hi', 'ta', 'te', 'ml']... ta in keys: True
[DEBUG] IndicTrans call: src=eng_Latn (en), tgt=ben_Beng (bn), text='They can of course u...'
[DEBUG] FLORES keys: ['en', 'hi', 'ta', 'te', 'ml']... ta in keys: True
[DEBUG] IndicTrans call: src=eng_Latn (en), tgt=ben_Beng (bn), text='They can of course u...'
[DEBUG] FLORES keys: ['en', 'hi', 'ta', 'te', 'ml']... ta in keys: True
[DEBUG] IndicTrans call: src=eng_Latn (en), tgt=ben_Beng (bn), text='They can of course u...'
[DEBUG] FLORES keys: ['en', 'hi', 'ta', 'te', 'ml']... ta in keys: True
[DEBUG] IndicTrans call: src=eng_Latn (en), tgt=ben_Beng (bn), text='They can of course u...'
[DEBUG] FLORES keys: ['en', 'hi', 'ta', 'te', 'ml']... ta in keys: True
[DEBUG] IndicTrans call: src=eng_Latn (en), tgt=ben_Beng (bn), text='They can of course u...'
[DEBUG] FLORES keys: ['en', 'hi', 'ta', 'te', 'ml']... ta in keys: True
[DEBUG] IndicTrans call: src=eng_Latn (en), tgt=ben_Beng (bn), text='They can of course u...'
[DEBUG] FLORES keys: ['en', 'hi', 'ta', 'te', 'ml']... ta in keys: True
[DEBUG] IndicTrans call: src=eng_Latn (en), tgt=ben_Beng (bn), text='Thank you....'
[DEBUG] FLORES keys: ['en', 'hi', 'ta', 'te', 'ml']... ta in keys: True
[DEBUG] IndicTrans call: src=eng_Latn (en), tgt=ben_Beng (bn), text='So that's part of th...'
[DEBUG] FLORES keys: ['en', 'hi', 'ta', 'te', 'ml']... ta in keys: True
[DEBUG] IndicTrans call: src=eng_Latn (en), tgt=ben_Beng (bn), text='So that's part of th...'
[DEBUG] FLORES keys: ['en', 'hi', 'ta', 'te', 'ml']... ta in keys: True
[DEBUG] IndicTrans call: src=eng_Latn (en), tgt=ben_Beng (bn), text='So that's part of th...'
[DEBUG] FLORES keys: ['en', 'hi', 'ta', 'te', 'ml']... ta in keys: True
[DEBUG] IndicTrans call: src=eng_Latn (en), tgt=ben_Beng (bn), text='Process...'
[DEBUG] FLORES keys: ['en', 'hi', 'ta', 'te', 'ml']... ta in keys: True
[DEBUG] IndicTrans call: src=eng_Latn (en), tgt=urd_Arab (ur), text='We're going to see.....'
[DEBUG] FLORES keys: ['en', 'hi', 'ta', 'te', 'ml']... ta in keys: True
[DEBUG] IndicTrans call: src=eng_Latn (en), tgt=urd_Arab (ur), text='I'm going to use the...'
[DEBUG] FLORES keys: ['en', 'hi', 'ta', 'te', 'ml']... ta in keys: True
[DEBUG] IndicTrans call: src=eng_Latn (en), tgt=urd_Arab (ur), text='I'm going to use the...'
[DEBUG] FLORES keys: ['en', 'hi', 'ta', 'te', 'ml']... ta in keys: True
[DEBUG] IndicTrans call: src=eng_Latn (en), tgt=urd_Arab (ur), text='I'm going to use the...'
[DEBUG] FLORES keys: ['en', 'hi', 'ta', 'te', 'ml']... ta in keys: True
[DEBUG] IndicTrans call: src=eng_Latn (en), tgt=urd_Arab (ur), text='Blaise of salt, pan....'
[DEBUG] FLORES keys: ['en', 'hi', 'ta', 'te', 'ml']... ta in keys: True
[DEBUG] IndicTrans call: src=eng_Latn (en), tgt=urd_Arab (ur), text='we are using some  a...'
[DEBUG] FLORES keys: ['en', 'hi', 'ta', 'te', 'ml']... ta in keys: True
[DEBUG] IndicTrans call: src=eng_Latn (en), tgt=urd_Arab (ur), text='we are using salt an...'
[DEBUG] FLORES keys: ['en', 'hi', 'ta', 'te', 'ml']... ta in keys: True
[DEBUG] IndicTrans call: src=eng_Latn (en), tgt=urd_Arab (ur), text='we are using some an...'
[DEBUG] FLORES keys: ['en', 'hi', 'ta', 'te', 'ml']... ta in keys: True
[DEBUG] IndicTrans call: src=eng_Latn (en), tgt=urd_Arab (ur), text='we are using some, h...'
[DEBUG] FLORES keys: ['en', 'hi', 'ta', 'te', 'ml']... ta in keys: True
[DEBUG] IndicTrans call: src=eng_Latn (en), tgt=urd_Arab (ur), text='we are using some, a...'
[DEBUG] FLORES keys: ['en', 'hi', 'ta', 'te', 'ml']... ta in keys: True
[DEBUG] IndicTrans call: src=eng_Latn (en), tgt=urd_Arab (ur), text='we are using some, a...'
[DEBUG] FLORES keys: ['en', 'hi', 'ta', 'te', 'ml']... ta in keys: True
[DEBUG] IndicTrans call: src=eng_Latn (en), tgt=urd_Arab (ur), text='What the question is...'
[DEBUG] FLORES keys: ['en', 'hi', 'ta', 'te', 'ml']... ta in keys: True
[DEBUG] IndicTrans call: src=eng_Latn (en), tgt=urd_Arab (ur), text='The question is, is ...'
[DEBUG] FLORES keys: ['en', 'hi', 'ta', 'te', 'ml']... ta in keys: True
[DEBUG] IndicTrans call: src=eng_Latn (en), tgt=urd_Arab (ur), text='The question is, is ...'
[DEBUG] FLORES keys: ['en', 'hi', 'ta', 'te', 'ml']... ta in keys: True
[DEBUG] IndicTrans call: src=eng_Latn (en), tgt=urd_Arab (ur), text='The question is, is ...'
[DEBUG] FLORES keys: ['en', 'hi', 'ta', 'te', 'ml']... ta in keys: True
[DEBUG] IndicTrans call: src=eng_Latn (en), tgt=urd_Arab (ur), text='The answer is......'
[DEBUG] FLORES keys: ['en', 'hi', 'ta', 'te', 'ml']... ta in keys: True
[DEBUG] IndicTrans call: src=eng_Latn (en), tgt=urd_Arab (ur), text='The answer is yes si...'
[DEBUG] FLORES keys: ['en', 'hi', 'ta', 'te', 'ml']... ta in keys: True
[DEBUG] IndicTrans call: src=eng_Latn (en), tgt=urd_Arab (ur), text='The answer is yes or...'
[DEBUG] FLORES keys: ['en', 'hi', 'ta', 'te', 'ml']... ta in keys: True
[DEBUG] IndicTrans call: src=eng_Latn (en), tgt=urd_Arab (ur), text='The answer is yes or...'
[DEBUG] FLORES keys: ['en', 'hi', 'ta', 'te', 'ml']... ta in keys: True
[DEBUG] IndicTrans call: src=eng_Latn (en), tgt=urd_Arab (ur), text='Okay, I'm gonna......'
[DEBUG] FLORES keys: ['en', 'hi', 'ta', 'te', 'ml']... ta in keys: True
[DEBUG] IndicTrans call: src=eng_Latn (en), tgt=urd_Arab (ur), text='We can use a free......'
[DEBUG] FLORES keys: ['en', 'hi', 'ta', 'te', 'ml']... ta in keys: True
[DEBUG] IndicTrans call: src=eng_Latn (en), tgt=urd_Arab (ur), text='You can use a free a...'
[DEBUG] FLORES keys: ['en', 'hi', 'ta', 'te', 'ml']... ta in keys: True
[DEBUG] IndicTrans call: src=eng_Latn (en), tgt=urd_Arab (ur), text='You can use a free a...'
[DEBUG] FLORES keys: ['en', 'hi', 'ta', 'te', 'ml']... ta in keys: True
[DEBUG] IndicTrans call: src=eng_Latn (en), tgt=urd_Arab (ur), text='Who can use a free a...'
[DEBUG] FLORES keys: ['en', 'hi', 'ta', 'te', 'ml']... ta in keys: True
[DEBUG] IndicTrans call: src=eng_Latn (en), tgt=urd_Arab (ur), text='But......'
[DEBUG] FLORES keys: ['en', 'hi', 'ta', 'te', 'ml']... ta in keys: True
[DEBUG] IndicTrans call: src=eng_Latn (en), tgt=urd_Arab (ur), text='But, it does....'
[DEBUG] FLORES keys: ['en', 'hi', 'ta', 'te', 'ml']... ta in keys: True
[DEBUG] IndicTrans call: src=eng_Latn (en), tgt=urd_Arab (ur), text='But, we could see it...'
[DEBUG] FLORES keys: ['en', 'hi', 'ta', 'te', 'ml']... ta in keys: True
[DEBUG] IndicTrans call: src=eng_Latn (en), tgt=urd_Arab (ur), text='But, it's a free acc...'
[DEBUG] FLORES keys: ['en', 'hi', 'ta', 'te', 'ml']... ta in keys: True
[DEBUG] IndicTrans call: src=eng_Latn (en), tgt=urd_Arab (ur), text='But, it's a free acc...'
[DEBUG] FLORES keys: ['en', 'hi', 'ta', 'te', 'ml']... ta in keys: True
[DEBUG] IndicTrans call: src=eng_Latn (en), tgt=urd_Arab (ur), text='But, it's a free acc...'
[DEBUG] FLORES keys: ['en', 'hi', 'ta', 'te', 'ml']... ta in keys: True
[DEBUG] IndicTrans call: src=eng_Latn (en), tgt=urd_Arab (ur), text='But, it's a free acc...'
[DEBUG] FLORES keys: ['en', 'hi', 'ta', 'te', 'ml']... ta in keys: True
[DEBUG] IndicTrans call: src=eng_Latn (en), tgt=urd_Arab (ur), text='But with a free acco...'
[DEBUG] FLORES keys: ['en', 'hi', 'ta', 'te', 'ml']... ta in keys: True
[DEBUG] IndicTrans call: src=eng_Latn (en), tgt=urd_Arab (ur), text='But with a free acco...'
[DEBUG] FLORES keys: ['en', 'hi', 'ta', 'te', 'ml']... ta in keys: True
[DEBUG] IndicTrans call: src=eng_Latn (en), tgt=urd_Arab (ur), text='But with a free acco...'
[DEBUG] FLORES keys: ['en', 'hi', 'ta', 'te', 'ml']... ta in keys: True
[DEBUG] IndicTrans call: src=eng_Latn (en), tgt=urd_Arab (ur), text='But, with a free acc...'
[DEBUG] FLORES keys: ['en', 'hi', 'ta', 'te', 'ml']... ta in keys: True
[DEBUG] IndicTrans call: src=eng_Latn (en), tgt=urd_Arab (ur), text='But, with a free acc...'
[DEBUG] FLORES keys: ['en', 'hi', 'ta', 'te', 'ml']... ta in keys: True
[DEBUG] IndicTrans call: src=eng_Latn (en), tgt=urd_Arab (ur), text='But with a free acco...'
[DEBUG] FLORES keys: ['en', 'hi', 'ta', 'te', 'ml']... ta in keys: True
[DEBUG] IndicTrans call: src=eng_Latn (en), tgt=urd_Arab (ur), text='But, with a free acc...'
[DEBUG] FLORES keys: ['en', 'hi', 'ta', 'te', 'ml']... ta in keys: True
[DEBUG] IndicTrans call: src=eng_Latn (en), tgt=urd_Arab (ur), text='But with a free acco...'
[DEBUG] FLORES keys: ['en', 'hi', 'ta', 'te', 'ml']... ta in keys: True
[DEBUG] IndicTrans call: src=eng_Latn (en), tgt=urd_Arab (ur), text='But with a free acco...'
[DEBUG] FLORES keys: ['en', 'hi', 'ta', 'te', 'ml']... ta in keys: True
[DEBUG] IndicTrans call: src=eng_Latn (en), tgt=urd_Arab (ur), text='But with a free acco...'
[DEBUG] FLORES keys: ['en', 'hi', 'ta', 'te', 'ml']... ta in keys: True
[DEBUG] IndicTrans call: src=eng_Latn (en), tgt=urd_Arab (ur), text='But with a free acco...'
[DEBUG] FLORES keys: ['en', 'hi', 'ta', 'te', 'ml']... ta in keys: True
[DEBUG] IndicTrans call: src=eng_Latn (en), tgt=urd_Arab (ur), text='But with a free acco...'
[DEBUG] FLORES keys: ['en', 'hi', 'ta', 'te', 'ml']... ta in keys: True
[DEBUG] IndicTrans call: src=eng_Latn (en), tgt=urd_Arab (ur), text='Wich works...'
[DEBUG] FLORES keys: ['en', 'hi', 'ta', 'te', 'ml']... ta in keys: True
[DEBUG] IndicTrans call: src=eng_Latn (en), tgt=urd_Arab (ur), text='which makes the ques...'
[DEBUG] FLORES keys: ['en', 'hi', 'ta', 'te', 'ml']... ta in keys: True
[DEBUG] IndicTrans call: src=eng_Latn (en), tgt=urd_Arab (ur), text='Which makes the ques...'
[DEBUG] FLORES keys: ['en', 'hi', 'ta', 'te', 'ml']... ta in keys: True
[DEBUG] IndicTrans call: src=eng_Latn (en), tgt=urd_Arab (ur), text='Which makes the ques...'
[DEBUG] FLORES keys: ['en', 'hi', 'ta', 'te', 'ml']... ta in keys: True
[DEBUG] IndicTrans call: src=eng_Latn (en), tgt=urd_Arab (ur), text='Which makes the ques...'
[DEBUG] FLORES keys: ['en', 'hi', 'ta', 'te', 'ml']... ta in keys: True
[DEBUG] IndicTrans call: src=eng_Latn (en), tgt=urd_Arab (ur), text='Which makes the ques...'
[DEBUG] FLORES keys: ['en', 'hi', 'ta', 'te', 'ml']... ta in keys: True
[DEBUG] IndicTrans call: src=eng_Latn (en), tgt=urd_Arab (ur), text='Which makes the ques...'
[DEBUG] FLORES keys: ['en', 'hi', 'ta', 'te', 'ml']... ta in keys: True
[DEBUG] IndicTrans call: src=eng_Latn (en), tgt=urd_Arab (ur), text='The answer is......'
[DEBUG] FLORES keys: ['en', 'hi', 'ta', 'te', 'ml']... ta in keys: True
[DEBUG] IndicTrans call: src=eng_Latn (en), tgt=urd_Arab (ur), text='The answer is 5Kdb...'
[DEBUG] FLORES keys: ['en', 'hi', 'ta', 'te', 'ml']... ta in keys: True
[DEBUG] IndicTrans call: src=eng_Latn (en), tgt=urd_Arab (ur), text='The answer is 5KDB...'
[DEBUG] FLORES keys: ['en', 'hi', 'ta', 'te', 'ml']... ta in keys: True
[DEBUG] IndicTrans call: src=eng_Latn (en), tgt=urd_Arab (ur), text='The answer is 5KDB...'
[DEBUG] FLORES keys: ['en', 'hi', 'ta', 'te', 'ml']... ta in keys: True
[DEBUG] IndicTrans call: src=eng_Latn (en), tgt=urd_Arab (ur), text='The answer is 5Kdb...'
[DEBUG] FLORES keys: ['en', 'hi', 'ta', 'te', 'ml']... ta in keys: True
[DEBUG] IndicTrans call: src=eng_Latn (en), tgt=urd_Arab (ur), text='The answer is 5 kg p...'
[DEBUG] FLORES keys: ['en', 'hi', 'ta', 'te', 'ml']... ta in keys: True
[DEBUG] IndicTrans call: src=eng_Latn (en), tgt=urd_Arab (ur), text='The answer is 5 kg p...'
[DEBUG] FLORES keys: ['en', 'hi', 'ta', 'te', 'ml']... ta in keys: True
[DEBUG] IndicTrans call: src=eng_Latn (en), tgt=urd_Arab (ur), text='The answer is 5Kdb  ...'
[DEBUG] FLORES keys: ['en', 'hi', 'ta', 'te', 'ml']... ta in keys: True
[DEBUG] IndicTrans call: src=eng_Latn (en), tgt=urd_Arab (ur), text='The answer is 5KD pe...'
[DEBUG] FLORES keys: ['en', 'hi', 'ta', 'te', 'ml']... ta in keys: True
[DEBUG] IndicTrans call: src=eng_Latn (en), tgt=urd_Arab (ur), text='The answer is 5KD pe...'
[DEBUG] FLORES keys: ['en', 'hi', 'ta', 'te', 'ml']... ta in keys: True
[DEBUG] IndicTrans call: src=eng_Latn (en), tgt=urd_Arab (ur), text='The answer is 5KD pe...'
[DEBUG] FLORES keys: ['en', 'hi', 'ta', 'te', 'ml']... ta in keys: True
[DEBUG] IndicTrans call: src=eng_Latn (en), tgt=urd_Arab (ur), text='The answer is 5KD pe...'
[DEBUG] FLORES keys: ['en', 'hi', 'ta', 'te', 'ml']... ta in keys: True
[DEBUG] IndicTrans call: src=eng_Latn (en), tgt=urd_Arab (ur), text='It depends no-...'
[DEBUG] FLORES keys: ['en', 'hi', 'ta', 'te', 'ml']... ta in keys: True
[DEBUG] IndicTrans call: src=eng_Latn (en), tgt=urd_Arab (ur), text='It depends now becau...'
[DEBUG] FLORES keys: ['en', 'hi', 'ta', 'te', 'ml']... ta in keys: True
[DEBUG] IndicTrans call: src=eng_Latn (en), tgt=urd_Arab (ur), text='It depends now becau...'
[DEBUG] FLORES keys: ['en', 'hi', 'ta', 'te', 'ml']... ta in keys: True
[DEBUG] IndicTrans call: src=eng_Latn (en), tgt=urd_Arab (ur), text='It depends now becau...'
[DEBUG] FLORES keys: ['en', 'hi', 'ta', 'te', 'ml']... ta in keys: True
[DEBUG] IndicTrans call: src=eng_Latn (en), tgt=urd_Arab (ur), text='It depends now becau...'
[DEBUG] FLORES keys: ['en', 'hi', 'ta', 'te', 'ml']... ta in keys: True
[DEBUG] IndicTrans call: src=eng_Latn (en), tgt=urd_Arab (ur), text='It depends now becau...'
[DEBUG] FLORES keys: ['en', 'hi', 'ta', 'te', 'ml']... ta in keys: True
[DEBUG] IndicTrans call: src=eng_Latn (en), tgt=urd_Arab (ur), text='It depends now becau...'
[DEBUG] FLORES keys: ['en', 'hi', 'ta', 'te', 'ml']... ta in keys: True
[DEBUG] IndicTrans call: src=eng_Latn (en), tgt=urd_Arab (ur), text='It depends now becau...'
[DEBUG] FLORES keys: ['en', 'hi', 'ta', 'te', 'ml']... ta in keys: True
[DEBUG] IndicTrans call: src=eng_Latn (en), tgt=urd_Arab (ur), text='It depends now becau...'
[DEBUG] FLORES keys: ['en', 'hi', 'ta', 'te', 'ml']... ta in keys: True
[DEBUG] IndicTrans call: src=eng_Latn (en), tgt=urd_Arab (ur), text='It depends now becau...'
[DEBUG] FLORES keys: ['en', 'hi', 'ta', 'te', 'ml']... ta in keys: True
[DEBUG] IndicTrans call: src=eng_Latn (en), tgt=urd_Arab (ur), text='It depends now becau...'
[DEBUG] FLORES keys: ['en', 'hi', 'ta', 'te', 'ml']... ta in keys: True
[DEBUG] IndicTrans call: src=eng_Latn (en), tgt=urd_Arab (ur), text='It depends now becau...'
[DEBUG] FLORES keys: ['en', 'hi', 'ta', 'te', 'ml']... ta in keys: True
[DEBUG] IndicTrans call: src=eng_Latn (en), tgt=urd_Arab (ur), text='Share, uh, subscript...'
[DEBUG] FLORES keys: ['en', 'hi', 'ta', 'te', 'ml']... ta in keys: True
[DEBUG] IndicTrans call: src=eng_Latn (en), tgt=urd_Arab (ur), text='share subscription l...'
[DEBUG] FLORES keys: ['en', 'hi', 'ta', 'te', 'ml']... ta in keys: True
[DEBUG] IndicTrans call: src=eng_Latn (en), tgt=urd_Arab (ur), text='share subscription l...'
[DEBUG] FLORES keys: ['en', 'hi', 'ta', 'te', 'ml']... ta in keys: True
[DEBUG] IndicTrans call: src=eng_Latn (en), tgt=urd_Arab (ur), text='share subscription l...'
[DEBUG] FLORES keys: ['en', 'hi', 'ta', 'te', 'ml']... ta in keys: True
[DEBUG] IndicTrans call: src=eng_Latn (en), tgt=urd_Arab (ur), text='share subscription l...'
[DEBUG] FLORES keys: ['en', 'hi', 'ta', 'te', 'ml']... ta in keys: True
[DEBUG] IndicTrans call: src=eng_Latn (en), tgt=urd_Arab (ur), text='share subscription l...'
[DEBUG] FLORES keys: ['en', 'hi', 'ta', 'te', 'ml']... ta in keys: True
[DEBUG] IndicTrans call: src=eng_Latn (en), tgt=urd_Arab (ur), text='share subscription l...'
[DEBUG] FLORES keys: ['en', 'hi', 'ta', 'te', 'ml']... ta in keys: True
[DEBUG] IndicTrans call: src=eng_Latn (en), tgt=urd_Arab (ur), text='share subscription l...'
[DEBUG] FLORES keys: ['en', 'hi', 'ta', 'te', 'ml']... ta in keys: True
[DEBUG] IndicTrans call: src=eng_Latn (en), tgt=urd_Arab (ur), text='share subscription l...'
[DEBUG] FLORES keys: ['en', 'hi', 'ta', 'te', 'ml']... ta in keys: True
[DEBUG] IndicTrans call: src=eng_Latn (en), tgt=urd_Arab (ur), text='share subscription l...'
[DEBUG] FLORES keys: ['en', 'hi', 'ta', 'te', 'ml']... ta in keys: True
[DEBUG] IndicTrans call: src=eng_Latn (en), tgt=urd_Arab (ur), text='the disk.  Oh, and n...'
[DEBUG] FLORES keys: ['en', 'hi', 'ta', 'te', 'ml']... ta in keys: True
[DEBUG] IndicTrans call: src=eng_Latn (en), tgt=urd_Arab (ur), text='test and see because...'
[DEBUG] FLORES keys: ['en', 'hi', 'ta', 'te', 'ml']... ta in keys: True
[DEBUG] IndicTrans call: src=eng_Latn (en), tgt=urd_Arab (ur), text='test and see because...'
[DEBUG] FLORES keys: ['en', 'hi', 'ta', 'te', 'ml']... ta in keys: True
[DEBUG] IndicTrans call: src=eng_Latn (en), tgt=urd_Arab (ur), text='test and see because...'
[DEBUG] FLORES keys: ['en', 'hi', 'ta', 'te', 'ml']... ta in keys: True
[DEBUG] IndicTrans call: src=eng_Latn (en), tgt=urd_Arab (ur), text='test and see because...'
[DEBUG] FLORES keys: ['en', 'hi', 'ta', 'te', 'ml']... ta in keys: True
[DEBUG] IndicTrans call: src=eng_Latn (en), tgt=urd_Arab (ur), text='test and see because...'
[DEBUG] FLORES keys: ['en', 'hi', 'ta', 'te', 'ml']... ta in keys: True
[DEBUG] IndicTrans call: src=eng_Latn (en), tgt=urd_Arab (ur), text='test and see because...'
[DEBUG] FLORES keys: ['en', 'hi', 'ta', 'te', 'ml']... ta in keys: True
[DEBUG] IndicTrans call: src=eng_Latn (en), tgt=urd_Arab (ur), text='test and see because...'
[DEBUG] FLORES keys: ['en', 'hi', 'ta', 'te', 'ml']... ta in keys: True
[DEBUG] IndicTrans call: src=eng_Latn (en), tgt=urd_Arab (ur), text='test and see because...'
[DEBUG] FLORES keys: ['en', 'hi', 'ta', 'te', 'ml']... ta in keys: True
[DEBUG] IndicTrans call: src=eng_Latn (en), tgt=urd_Arab (ur), text='test and see because...'
[DEBUG] FLORES keys: ['en', 'hi', 'ta', 'te', 'ml']... ta in keys: True
[DEBUG] IndicTrans call: src=eng_Latn (en), tgt=urd_Arab (ur), text='the test and see bec...'
[DEBUG] FLORES keys: ['en', 'hi', 'ta', 'te', 'ml']... ta in keys: True
[DEBUG] IndicTrans call: src=eng_Latn (en), tgt=urd_Arab (ur), text='the test and see bec...'
[DEBUG] FLORES keys: ['en', 'hi', 'ta', 'te', 'ml']... ta in keys: True
[DEBUG] IndicTrans call: src=eng_Latn (en), tgt=urd_Arab (ur), text='test and see because...'
[DEBUG] FLORES keys: ['en', 'hi', 'ta', 'te', 'ml']... ta in keys: True
[DEBUG] IndicTrans call: src=eng_Latn (en), tgt=urd_Arab (ur), text='One...'
[DEBUG] FLORES keys: ['en', 'hi', 'ta', 'te', 'ml']... ta in keys: True
[DEBUG] IndicTrans call: src=eng_Latn (en), tgt=urd_Arab (ur), text='One good thee...'
[DEBUG] FLORES keys: ['en', 'hi', 'ta', 'te', 'ml']... ta in keys: True
[DEBUG] IndicTrans call: src=eng_Latn (en), tgt=urd_Arab (ur), text='One good thing advan...'
[DEBUG] FLORES keys: ['en', 'hi', 'ta', 'te', 'ml']... ta in keys: True
[DEBUG] IndicTrans call: src=eng_Latn (en), tgt=urd_Arab (ur), text='One good thing  Adva...'
[DEBUG] FLORES keys: ['en', 'hi', 'ta', 'te', 'ml']... ta in keys: True
[DEBUG] IndicTrans call: src=eng_Latn (en), tgt=urd_Arab (ur), text='One good thing  Adva...'
[DEBUG] FLORES keys: ['en', 'hi', 'ta', 'te', 'ml']... ta in keys: True
[DEBUG] IndicTrans call: src=eng_Latn (en), tgt=urd_Arab (ur), text='One good thing  Adva...'
[DEBUG] FLORES keys: ['en', 'hi', 'ta', 'te', 'ml']... ta in keys: True
[DEBUG] IndicTrans call: src=eng_Latn (en), tgt=urd_Arab (ur), text='One good thing  Adva...'
[DEBUG] FLORES keys: ['en', 'hi', 'ta', 'te', 'ml']... ta in keys: True
[DEBUG] IndicTrans call: src=eng_Latn (en), tgt=urd_Arab (ur), text='One good thing  Adva...'
[DEBUG] FLORES keys: ['en', 'hi', 'ta', 'te', 'ml']... ta in keys: True
[DEBUG] IndicTrans call: src=eng_Latn (en), tgt=urd_Arab (ur), text='when you help the ri...'
[DEBUG] FLORES keys: ['en', 'hi', 'ta', 'te', 'ml']... ta in keys: True
[DEBUG] IndicTrans call: src=eng_Latn (en), tgt=urd_Arab (ur), text='and you have to watc...'
[DEBUG] FLORES keys: ['en', 'hi', 'ta', 'te', 'ml']... ta in keys: True
[DEBUG] IndicTrans call: src=eng_Latn (en), tgt=urd_Arab (ur), text='So you have to rush ...'
[DEBUG] FLORES keys: ['en', 'hi', 'ta', 'te', 'ml']... ta in keys: True
[DEBUG] IndicTrans call: src=eng_Latn (en), tgt=urd_Arab (ur), text='So you have to rush ...'
[DEBUG] FLORES keys: ['en', 'hi', 'ta', 'te', 'ml']... ta in keys: True
[DEBUG] IndicTrans call: src=eng_Latn (en), tgt=urd_Arab (ur), text='So you have to rush ...'
[DEBUG] FLORES keys: ['en', 'hi', 'ta', 'te', 'ml']... ta in keys: True
[DEBUG] IndicTrans call: src=eng_Latn (en), tgt=urd_Arab (ur), text='So you have to rush ...'
[DEBUG] FLORES keys: ['en', 'hi', 'ta', 'te', 'ml']... ta in keys: True
[DEBUG] IndicTrans call: src=eng_Latn (en), tgt=hin_Deva (hi), text='Thank you....'
[DEBUG] FLORES keys: ['en', 'hi', 'ta', 'te', 'ml']... ta in keys: True
[DEBUG] IndicTrans call: src=eng_Latn (en), tgt=hin_Deva (hi), text='So...'
[DEBUG] FLORES keys: ['en', 'hi', 'ta', 'te', 'ml']... ta in keys: True
[DEBUG] IndicTrans call: src=eng_Latn (en), tgt=hin_Deva (hi), text='for two hours.  And ...'
[DEBUG] FLORES keys: ['en', 'hi', 'ta', 'te', 'ml']... ta in keys: True
[DEBUG] IndicTrans call: src=eng_Latn (en), tgt=hin_Deva (hi), text='No...'
[DEBUG] FLORES keys: ['en', 'hi', 'ta', 'te', 'ml']... ta in keys: True
[DEBUG] IndicTrans call: src=eng_Latn (en), tgt=hin_Deva (hi), text='No...'
[DEBUG] FLORES keys: ['en', 'hi', 'ta', 'te', 'ml']... ta in keys: True
[DEBUG] IndicTrans call: src=eng_Latn (en), tgt=hin_Deva (hi), text='Very few...'
[DEBUG] FLORES keys: ['en', 'hi', 'ta', 'te', 'ml']... ta in keys: True
[DEBUG] IndicTrans call: src=eng_Latn (en), tgt=hin_Deva (hi), text='Very few....'
[DEBUG] FLORES keys: ['en', 'hi', 'ta', 'te', 'ml']... ta in keys: True
[DEBUG] IndicTrans call: src=eng_Latn (en), tgt=hin_Deva (hi), text='very film...'
[DEBUG] FLORES keys: ['en', 'hi', 'ta', 'te', 'ml']... ta in keys: True
[DEBUG] IndicTrans call: src=eng_Latn (en), tgt=hin_Deva (hi), text='very film...'
[DEBUG] FLORES keys: ['en', 'hi', 'ta', 'te', 'ml']... ta in keys: True
[DEBUG] IndicTrans call: src=eng_Latn (en), tgt=hin_Deva (hi), text='Very few things you ...'
[DEBUG] FLORES keys: ['en', 'hi', 'ta', 'te', 'ml']... ta in keys: True
[DEBUG] IndicTrans call: src=eng_Latn (en), tgt=hin_Deva (hi), text='Very few things you ...'
[DEBUG] FLORES keys: ['en', 'hi', 'ta', 'te', 'ml']... ta in keys: True
[DEBUG] IndicTrans call: src=eng_Latn (en), tgt=hin_Deva (hi), text='Very few things you ...'
[DEBUG] FLORES keys: ['en', 'hi', 'ta', 'te', 'ml']... ta in keys: True
[DEBUG] IndicTrans call: src=eng_Latn (en), tgt=hin_Deva (hi), text='Very few things you ...'
[DEBUG] FLORES keys: ['en', 'hi', 'ta', 'te', 'ml']... ta in keys: True
[DEBUG] IndicTrans call: src=eng_Latn (en), tgt=hin_Deva (hi), text='Very few things you ...'
[DEBUG] FLORES keys: ['en', 'hi', 'ta', 'te', 'ml']... ta in keys: True
[DEBUG] IndicTrans call: src=eng_Latn (en), tgt=hin_Deva (hi), text='Reduce....'
[DEBUG] FLORES keys: ['en', 'hi', 'ta', 'te', 'ml']... ta in keys: True
[DEBUG] IndicTrans call: src=eng_Latn (en), tgt=hin_Deva (hi), text='registration...'
[DEBUG] FLORES keys: ['en', 'hi', 'ta', 'te', 'ml']... ta in keys: True
[DEBUG] IndicTrans call: src=eng_Latn (en), tgt=hin_Deva (hi), text='registration, is it ...'
[DEBUG] FLORES keys: ['en', 'hi', 'ta', 'te', 'ml']... ta in keys: True
[DEBUG] IndicTrans call: src=eng_Latn (en), tgt=hin_Deva (hi), text='registration is requ...'
[DEBUG] FLORES keys: ['en', 'hi', 'ta', 'te', 'ml']... ta in keys: True
[DEBUG] IndicTrans call: src=eng_Latn (en), tgt=hin_Deva (hi), text='registration is requ...'
[DEBUG] FLORES keys: ['en', 'hi', 'ta', 'te', 'ml']... ta in keys: True
[DEBUG] IndicTrans call: src=eng_Latn (en), tgt=hin_Deva (hi), text='registration is it r...'
[DEBUG] FLORES keys: ['en', 'hi', 'ta', 'te', 'ml']... ta in keys: True
[DEBUG] IndicTrans call: src=eng_Latn (en), tgt=hin_Deva (hi), text='registration is it r...'
[DEBUG] FLORES keys: ['en', 'hi', 'ta', 'te', 'ml']... ta in keys: True
[DEBUG] IndicTrans call: src=eng_Latn (en), tgt=hin_Deva (hi), text='4...'
[DEBUG] FLORES keys: ['en', 'hi', 'ta', 'te', 'ml']... ta in keys: True
[DEBUG] IndicTrans call: src=eng_Latn (en), tgt=hin_Deva (hi), text='4...'
[DEBUG] FLORES keys: ['en', 'hi', 'ta', 'te', 'ml']... ta in keys: True
[DEBUG] IndicTrans call: src=eng_Latn (en), tgt=hin_Deva (hi), text='Two...'
[DEBUG] FLORES keys: ['en', 'hi', 'ta', 'te', 'ml']... ta in keys: True
[DEBUG] IndicTrans call: src=eng_Latn (en), tgt=hin_Deva (hi), text='Toos was soon...'
[DEBUG] FLORES keys: ['en', 'hi', 'ta', 'te', 'ml']... ta in keys: True
[DEBUG] IndicTrans call: src=eng_Latn (en), tgt=hin_Deva (hi), text='Those were some e-pi...'
[DEBUG] FLORES keys: ['en', 'hi', 'ta', 'te', 'ml']... ta in keys: True
[DEBUG] IndicTrans call: src=eng_Latn (en), tgt=hin_Deva (hi), text='Those must be meetin...'
[DEBUG] FLORES keys: ['en', 'hi', 'ta', 'te', 'ml']... ta in keys: True
[DEBUG] IndicTrans call: src=eng_Latn (en), tgt=hin_Deva (hi), text='Two small summiting ...'
[DEBUG] FLORES keys: ['en', 'hi', 'ta', 'te', 'ml']... ta in keys: True
[DEBUG] IndicTrans call: src=eng_Latn (en), tgt=hin_Deva (hi), text='Too small summiting,...'
[DEBUG] FLORES keys: ['en', 'hi', 'ta', 'te', 'ml']... ta in keys: True
[DEBUG] IndicTrans call: src=eng_Latn (en), tgt=hin_Deva (hi), text='Those mass meetings ...'
[DEBUG] FLORES keys: ['en', 'hi', 'ta', 'te', 'ml']... ta in keys: True
[DEBUG] IndicTrans call: src=eng_Latn (en), tgt=hin_Deva (hi), text='To smash the meeting...'
[DEBUG] FLORES keys: ['en', 'hi', 'ta', 'te', 'ml']... ta in keys: True
[DEBUG] IndicTrans call: src=eng_Latn (en), tgt=hin_Deva (hi), text='Two small summiting ...'
[DEBUG] FLORES keys: ['en', 'hi', 'ta', 'te', 'ml']... ta in keys: True
[DEBUG] IndicTrans call: src=eng_Latn (en), tgt=hin_Deva (hi), text='Two small summiting ...'
[DEBUG] FLORES keys: ['en', 'hi', 'ta', 'te', 'ml']... ta in keys: True
[DEBUG] IndicTrans call: src=eng_Latn (en), tgt=hin_Deva (hi), text='Two small summaries ...'
[DEBUG] FLORES keys: ['en', 'hi', 'ta', 'te', 'ml']... ta in keys: True
[DEBUG] IndicTrans call: src=eng_Latn (en), tgt=hin_Deva (hi), text='Two small summitings...'
[DEBUG] FLORES keys: ['en', 'hi', 'ta', 'te', 'ml']... ta in keys: True
[DEBUG] IndicTrans call: src=eng_Latn (en), tgt=hin_Deva (hi), text='To small summiting, ...'
[DEBUG] FLORES keys: ['en', 'hi', 'ta', 'te', 'ml']... ta in keys: True
[DEBUG] IndicTrans call: src=eng_Latn (en), tgt=hin_Deva (hi), text='To small semitings, ...'
[DEBUG] FLORES keys: ['en', 'hi', 'ta', 'te', 'ml']... ta in keys: True
[DEBUG] IndicTrans call: src=eng_Latn (en), tgt=hin_Deva (hi), text='To small semitings, ...'
[DEBUG] FLORES keys: ['en', 'hi', 'ta', 'te', 'ml']... ta in keys: True
[DEBUG] IndicTrans call: src=eng_Latn (en), tgt=mar_Deva (mr), text='If I-...'
[DEBUG] FLORES keys: ['en', 'hi', 'ta', 'te', 'ml']... ta in keys: True
[DEBUG] IndicTrans call: src=eng_Latn (en), tgt=mar_Deva (mr), text='If I see......'
[DEBUG] FLORES keys: ['en', 'hi', 'ta', 'te', 'ml']... ta in keys: True
[DEBUG] IndicTrans call: src=eng_Latn (en), tgt=mar_Deva (mr), text='If I say register...'
[DEBUG] FLORES keys: ['en', 'hi', 'ta', 'te', 'ml']... ta in keys: True
[DEBUG] IndicTrans call: src=eng_Latn (en), tgt=mar_Deva (mr), text='if I say registratio...'
[DEBUG] FLORES keys: ['en', 'hi', 'ta', 'te', 'ml']... ta in keys: True
[DEBUG] IndicTrans call: src=eng_Latn (en), tgt=mar_Deva (mr), text='If I say registratio...'
[DEBUG] FLORES keys: ['en', 'hi', 'ta', 'te', 'ml']... ta in keys: True
[DEBUG] IndicTrans call: src=eng_Latn (en), tgt=mar_Deva (mr), text='If I say registratio...'
[DEBUG] FLORES keys: ['en', 'hi', 'ta', 'te', 'ml']... ta in keys: True
[DEBUG] IndicTrans call: src=eng_Latn (en), tgt=mar_Deva (mr), text='If I say registratio...'
[DEBUG] FLORES keys: ['en', 'hi', 'ta', 'te', 'ml']... ta in keys: True
[DEBUG] IndicTrans call: src=eng_Latn (en), tgt=mar_Deva (mr), text='If I say registratio...'
[DEBUG] FLORES keys: ['en', 'hi', 'ta', 'te', 'ml']... ta in keys: True
[DEBUG] IndicTrans call: src=eng_Latn (en), tgt=mar_Deva (mr), text='If I say registratio...'
[DEBUG] FLORES keys: ['en', 'hi', 'ta', 'te', 'ml']... ta in keys: True
[DEBUG] IndicTrans call: src=eng_Latn (en), tgt=mar_Deva (mr), text='If I say registratio...'
[DEBUG] FLORES keys: ['en', 'hi', 'ta', 'te', 'ml']... ta in keys: True
[DEBUG] IndicTrans call: src=eng_Latn (en), tgt=mar_Deva (mr), text='If I say registratio...'
[DEBUG] FLORES keys: ['en', 'hi', 'ta', 'te', 'ml']... ta in keys: True
[DEBUG] IndicTrans call: src=eng_Latn (en), tgt=mar_Deva (mr), text='If I say registratio...'
[DEBUG] FLORES keys: ['en', 'hi', 'ta', 'te', 'ml']... ta in keys: True
[DEBUG] IndicTrans call: src=eng_Latn (en), tgt=mar_Deva (mr), text='If I say registratio...'
[DEBUG] FLORES keys: ['en', 'hi', 'ta', 'te', 'ml']... ta in keys: True
[DEBUG] IndicTrans call: src=eng_Latn (en), tgt=mar_Deva (mr), text='If I say registratio...'
[DEBUG] FLORES keys: ['en', 'hi', 'ta', 'te', 'ml']... ta in keys: True
[DEBUG] IndicTrans call: src=eng_Latn (en), tgt=mar_Deva (mr), text='If I say registratio...'
[DEBUG] FLORES keys: ['en', 'hi', 'ta', 'te', 'ml']... ta in keys: True
[DEBUG] IndicTrans call: src=eng_Latn (en), tgt=mar_Deva (mr), text='If I say registratio...'
[DEBUG] FLORES keys: ['en', 'hi', 'ta', 'te', 'ml']... ta in keys: True
[DEBUG] IndicTrans call: src=eng_Latn (en), tgt=mar_Deva (mr), text='If I say registratio...'
[DEBUG] FLORES keys: ['en', 'hi', 'ta', 'te', 'ml']... ta in keys: True
[DEBUG] IndicTrans call: src=eng_Latn (en), tgt=mar_Deva (mr), text='If I say registratio...'
[DEBUG] FLORES keys: ['en', 'hi', 'ta', 'te', 'ml']... ta in keys: True
[DEBUG] IndicTrans call: src=eng_Latn (en), tgt=mar_Deva (mr), text='If I say registratio...'
[DEBUG] FLORES keys: ['en', 'hi', 'ta', 'te', 'ml']... ta in keys: True
[DEBUG] IndicTrans call: src=eng_Latn (en), tgt=mar_Deva (mr), text='let's see...'
[DEBUG] FLORES keys: ['en', 'hi', 'ta', 'te', 'ml']... ta in keys: True
[DEBUG] IndicTrans call: src=eng_Latn (en), tgt=mar_Deva (mr), text='The certain part...'
[DEBUG] FLORES keys: ['en', 'hi', 'ta', 'te', 'ml']... ta in keys: True
[DEBUG] IndicTrans call: src=eng_Latn (en), tgt=mar_Deva (mr), text='The second part is...'
[DEBUG] FLORES keys: ['en', 'hi', 'ta', 'te', 'ml']... ta in keys: True
[DEBUG] IndicTrans call: src=eng_Latn (en), tgt=mar_Deva (mr), text='The second part is...'
[DEBUG] FLORES keys: ['en', 'hi', 'ta', 'te', 'ml']... ta in keys: True
[DEBUG] IndicTrans call: src=eng_Latn (en), tgt=mar_Deva (mr), text='Bye....'
[DEBUG] FLORES keys: ['en', 'hi', 'ta', 'te', 'ml']... ta in keys: True
[DEBUG] IndicTrans call: src=eng_Latn (en), tgt=mar_Deva (mr), text='I work with......'
[DEBUG] FLORES keys: ['en', 'hi', 'ta', 'te', 'ml']... ta in keys: True
[DEBUG] IndicTrans call: src=eng_Latn (en), tgt=mar_Deva (mr), text='How? What meeting I ...'
[DEBUG] FLORES keys: ['en', 'hi', 'ta', 'te', 'ml']... ta in keys: True
[DEBUG] IndicTrans call: src=eng_Latn (en), tgt=mar_Deva (mr), text='How? What meeting ID...'
[DEBUG] FLORES keys: ['en', 'hi', 'ta', 'te', 'ml']... ta in keys: True
[DEBUG] IndicTrans call: src=eng_Latn (en), tgt=mar_Deva (mr), text='How? What leading ID...'
[DEBUG] FLORES keys: ['en', 'hi', 'ta', 'te', 'ml']... ta in keys: True
[DEBUG] IndicTrans call: src=eng_Latn (en), tgt=mar_Deva (mr), text='How? What leading ID...'
[DEBUG] FLORES keys: ['en', 'hi', 'ta', 'te', 'ml']... ta in keys: True
[DEBUG] IndicTrans call: src=eng_Latn (en), tgt=mar_Deva (mr), text='So value...'
[DEBUG] FLORES keys: ['en', 'hi', 'ta', 'te', 'ml']... ta in keys: True
[DEBUG] IndicTrans call: src=eng_Latn (en), tgt=mar_Deva (mr), text='So when you have a...'
[DEBUG] FLORES keys: ['en', 'hi', 'ta', 'te', 'ml']... ta in keys: True
[DEBUG] IndicTrans call: src=eng_Latn (en), tgt=mar_Deva (mr), text='So when you have a c...'
[DEBUG] FLORES keys: ['en', 'hi', 'ta', 'te', 'ml']... ta in keys: True
[DEBUG] IndicTrans call: src=eng_Latn (en), tgt=mar_Deva (mr), text='So when you have a c...'
[DEBUG] FLORES keys: ['en', 'hi', 'ta', 'te', 'ml']... ta in keys: True
[DEBUG] IndicTrans call: src=eng_Latn (en), tgt=mar_Deva (mr), text='So when you have a c...'
[DEBUG] FLORES keys: ['en', 'hi', 'ta', 'te', 'ml']... ta in keys: True
[DEBUG] IndicTrans call: src=eng_Latn (en), tgt=mar_Deva (mr), text='So when you have a c...'
[DEBUG] FLORES keys: ['en', 'hi', 'ta', 'te', 'ml']... ta in keys: True
[DEBUG] IndicTrans call: src=eng_Latn (en), tgt=mar_Deva (mr), text='So when you have a c...'
[DEBUG] FLORES keys: ['en', 'hi', 'ta', 'te', 'ml']... ta in keys: True
[DEBUG] IndicTrans call: src=eng_Latn (en), tgt=mar_Deva (mr), text='So when you have a c...'
[DEBUG] FLORES keys: ['en', 'hi', 'ta', 'te', 'ml']... ta in keys: True
[DEBUG] IndicTrans call: src=eng_Latn (en), tgt=mar_Deva (mr), text='So when you have a c...'
[DEBUG] FLORES keys: ['en', 'hi', 'ta', 'te', 'ml']... ta in keys: True
[DEBUG] IndicTrans call: src=eng_Latn (en), tgt=mar_Deva (mr), text='So when you have a c...'
[DEBUG] FLORES keys: ['en', 'hi', 'ta', 'te', 'ml']... ta in keys: True
[DEBUG] IndicTrans call: src=eng_Latn (en), tgt=mar_Deva (mr), text='So when you have a c...'
[DEBUG] FLORES keys: ['en', 'hi', 'ta', 'te', 'ml']... ta in keys: True
[DEBUG] IndicTrans call: src=eng_Latn (en), tgt=mar_Deva (mr), text='So when you have a c...'
[DEBUG] FLORES keys: ['en', 'hi', 'ta', 'te', 'ml']... ta in keys: True
[DEBUG] IndicTrans call: src=eng_Latn (en), tgt=mar_Deva (mr), text='So when you have a c...'
[DEBUG] FLORES keys: ['en', 'hi', 'ta', 'te', 'ml']... ta in keys: True
[DEBUG] IndicTrans call: src=eng_Latn (en), tgt=mar_Deva (mr), text='So when you have a c...'
[DEBUG] FLORES keys: ['en', 'hi', 'ta', 'te', 'ml']... ta in keys: True
[DEBUG] IndicTrans call: src=eng_Latn (en), tgt=mar_Deva (mr), text='Hmm...'
[DEBUG] FLORES keys: ['en', 'hi', 'ta', 'te', 'ml']... ta in keys: True
[DEBUG] IndicTrans call: src=eng_Latn (en), tgt=guj_Gujr (gu), text='How would you......'
[DEBUG] FLORES keys: ['en', 'hi', 'ta', 'te', 'ml']... ta in keys: True
[DEBUG] IndicTrans call: src=eng_Latn (en), tgt=guj_Gujr (gu), text='you have a new readi...'
[DEBUG] FLORES keys: ['en', 'hi', 'ta', 'te', 'ml']... ta in keys: True
[DEBUG] IndicTrans call: src=eng_Latn (en), tgt=guj_Gujr (gu), text='You have a new readi...'
[DEBUG] FLORES keys: ['en', 'hi', 'ta', 'te', 'ml']... ta in keys: True
[DEBUG] IndicTrans call: src=eng_Latn (en), tgt=guj_Gujr (gu), text='You have a new meeti...'
[DEBUG] FLORES keys: ['en', 'hi', 'ta', 'te', 'ml']... ta in keys: True
[DEBUG] IndicTrans call: src=eng_Latn (en), tgt=guj_Gujr (gu), text='You have a new readi...'
[DEBUG] FLORES keys: ['en', 'hi', 'ta', 'te', 'ml']... ta in keys: True
[DEBUG] IndicTrans call: src=eng_Latn (en), tgt=guj_Gujr (gu), text='have a new reading I...'
[DEBUG] FLORES keys: ['en', 'hi', 'ta', 'te', 'ml']... ta in keys: True
[DEBUG] IndicTrans call: src=eng_Latn (en), tgt=guj_Gujr (gu), text='have a new reading I...'
[DEBUG] FLORES keys: ['en', 'hi', 'ta', 'te', 'ml']... ta in keys: True
[DEBUG] IndicTrans call: src=eng_Latn (en), tgt=guj_Gujr (gu), text='you have a new readi...'
[DEBUG] FLORES keys: ['en', 'hi', 'ta', 'te', 'ml']... ta in keys: True
[DEBUG] IndicTrans call: src=eng_Latn (en), tgt=guj_Gujr (gu), text='you have a new readi...'
[DEBUG] FLORES keys: ['en', 'hi', 'ta', 'te', 'ml']... ta in keys: True
[DEBUG] IndicTrans call: src=eng_Latn (en), tgt=guj_Gujr (gu), text='have a new reading I...'
[DEBUG] FLORES keys: ['en', 'hi', 'ta', 'te', 'ml']... ta in keys: True
[DEBUG] IndicTrans call: src=eng_Latn (en), tgt=guj_Gujr (gu), text='have a new meeting I...'
[DEBUG] FLORES keys: ['en', 'hi', 'ta', 'te', 'ml']... ta in keys: True
[DEBUG] IndicTrans call: src=eng_Latn (en), tgt=guj_Gujr (gu), text='have a new reading I...'
[DEBUG] FLORES keys: ['en', 'hi', 'ta', 'te', 'ml']... ta in keys: True
[DEBUG] IndicTrans call: src=eng_Latn (en), tgt=guj_Gujr (gu), text='have a new reading I...'
[DEBUG] FLORES keys: ['en', 'hi', 'ta', 'te', 'ml']... ta in keys: True
[DEBUG] IndicTrans call: src=eng_Latn (en), tgt=guj_Gujr (gu), text='have a new reading I...'
[DEBUG] FLORES keys: ['en', 'hi', 'ta', 'te', 'ml']... ta in keys: True
[DEBUG] IndicTrans call: src=eng_Latn (en), tgt=guj_Gujr (gu), text='you have a new readi...'
[DEBUG] FLORES keys: ['en', 'hi', 'ta', 'te', 'ml']... ta in keys: True
[DEBUG] IndicTrans call: src=eng_Latn (en), tgt=guj_Gujr (gu), text='you have a new readi...'
[DEBUG] FLORES keys: ['en', 'hi', 'ta', 'te', 'ml']... ta in keys: True
[DEBUG] IndicTrans call: src=eng_Latn (en), tgt=guj_Gujr (gu), text='You have a new meeti...'
[DEBUG] FLORES keys: ['en', 'hi', 'ta', 'te', 'ml']... ta in keys: True
[DEBUG] IndicTrans call: src=eng_Latn (en), tgt=guj_Gujr (gu), text='You have a new meeti...'
[DEBUG] FLORES keys: ['en', 'hi', 'ta', 'te', 'ml']... ta in keys: True
[DEBUG] IndicTrans call: src=eng_Latn (en), tgt=guj_Gujr (gu), text='You have a new meeti...'
[DEBUG] FLORES keys: ['en', 'hi', 'ta', 'te', 'ml']... ta in keys: True
[DEBUG] IndicTrans call: src=eng_Latn (en), tgt=guj_Gujr (gu), text='you have a new meeti...'
[DEBUG] FLORES keys: ['en', 'hi', 'ta', 'te', 'ml']... ta in keys: True
[DEBUG] IndicTrans call: src=eng_Latn (en), tgt=guj_Gujr (gu), text='you have a new meeti...'
[DEBUG] FLORES keys: ['en', 'hi', 'ta', 'te', 'ml']... ta in keys: True
[DEBUG] IndicTrans call: src=eng_Latn (en), tgt=guj_Gujr (gu), text='with all steps separ...'
[DEBUG] FLORES keys: ['en', 'hi', 'ta', 'te', 'ml']... ta in keys: True
[DEBUG] IndicTrans call: src=eng_Latn (en), tgt=guj_Gujr (gu), text='with all caps separa...'
[DEBUG] FLORES keys: ['en', 'hi', 'ta', 'te', 'ml']... ta in keys: True
[DEBUG] IndicTrans call: src=eng_Latn (en), tgt=guj_Gujr (gu), text='with all kept separa...'
[DEBUG] FLORES keys: ['en', 'hi', 'ta', 'te', 'ml']... ta in keys: True
[DEBUG] IndicTrans call: src=eng_Latn (en), tgt=guj_Gujr (gu), text='with all caps separa...'
[DEBUG] FLORES keys: ['en', 'hi', 'ta', 'te', 'ml']... ta in keys: True
[DEBUG] IndicTrans call: src=eng_Latn (en), tgt=guj_Gujr (gu), text='with all kept separa...'
[DEBUG] FLORES keys: ['en', 'hi', 'ta', 'te', 'ml']... ta in keys: True
[DEBUG] IndicTrans call: src=eng_Latn (en), tgt=guj_Gujr (gu), text='with all kept separa...'
[DEBUG] FLORES keys: ['en', 'hi', 'ta', 'te', 'ml']... ta in keys: True
[DEBUG] IndicTrans call: src=eng_Latn (en), tgt=guj_Gujr (gu), text='with all kept separa...'
[DEBUG] FLORES keys: ['en', 'hi', 'ta', 'te', 'ml']... ta in keys: True
[DEBUG] IndicTrans call: src=eng_Latn (en), tgt=guj_Gujr (gu), text='with all kept separa...'
[DEBUG] FLORES keys: ['en', 'hi', 'ta', 'te', 'ml']... ta in keys: True
[DEBUG] IndicTrans call: src=eng_Latn (en), tgt=guj_Gujr (gu), text='with all kept separa...'
[DEBUG] FLORES keys: ['en', 'hi', 'ta', 'te', 'ml']... ta in keys: True
[DEBUG] IndicTrans call: src=eng_Latn (en), tgt=guj_Gujr (gu), text='Do it need a......'
[DEBUG] FLORES keys: ['en', 'hi', 'ta', 'te', 'ml']... ta in keys: True
[DEBUG] IndicTrans call: src=eng_Latn (en), tgt=guj_Gujr (gu), text='Do a need of passwor...'
[DEBUG] FLORES keys: ['en', 'hi', 'ta', 'te', 'ml']... ta in keys: True
[DEBUG] IndicTrans call: src=eng_Latn (en), tgt=guj_Gujr (gu), text='I do agree....'
[DEBUG] FLORES keys: ['en', 'hi', 'ta', 'te', 'ml']... ta in keys: True
[DEBUG] IndicTrans call: src=eng_Latn (en), tgt=guj_Gujr (gu), text='I don't recalent....'
[DEBUG] FLORES keys: ['en', 'hi', 'ta', 'te', 'ml']... ta in keys: True
[DEBUG] IndicTrans call: src=eng_Latn (en), tgt=guj_Gujr (gu), text='I don't recommend....'
[DEBUG] FLORES keys: ['en', 'hi', 'ta', 'te', 'ml']... ta in keys: True
[DEBUG] IndicTrans call: src=eng_Latn (en), tgt=guj_Gujr (gu), text='it becomes...'
[DEBUG] FLORES keys: ['en', 'hi', 'ta', 'te', 'ml']... ta in keys: True
[DEBUG] IndicTrans call: src=eng_Latn (en), tgt=guj_Gujr (gu), text='it becomes addition....'
[DEBUG] FLORES keys: ['en', 'hi', 'ta', 'te', 'ml']... ta in keys: True
[DEBUG] IndicTrans call: src=eng_Latn (en), tgt=guj_Gujr (gu), text='it becomes additiona...'
[DEBUG] FLORES keys: ['en', 'hi', 'ta', 'te', 'ml']... ta in keys: True
[DEBUG] IndicTrans call: src=eng_Latn (en), tgt=guj_Gujr (gu), text='it becomes additiona...'
[DEBUG] FLORES keys: ['en', 'hi', 'ta', 'te', 'ml']... ta in keys: True
[DEBUG] IndicTrans call: src=eng_Latn (en), tgt=guj_Gujr (gu), text='it becomes additiona...'
[DEBUG] FLORES keys: ['en', 'hi', 'ta', 'te', 'ml']... ta in keys: True
[DEBUG] IndicTrans call: src=eng_Latn (en), tgt=guj_Gujr (gu), text='it becomes additiona...'
[DEBUG] FLORES keys: ['en', 'hi', 'ta', 'te', 'ml']... ta in keys: True
[DEBUG] IndicTrans call: src=eng_Latn (en), tgt=guj_Gujr (gu), text='it becomes additiona...'
[DEBUG] FLORES keys: ['en', 'hi', 'ta', 'te', 'ml']... ta in keys: True
[DEBUG] IndicTrans call: src=eng_Latn (en), tgt=guj_Gujr (gu), text='It becomes additiona...'
[DEBUG] FLORES keys: ['en', 'hi', 'ta', 'te', 'ml']... ta in keys: True
[DEBUG] IndicTrans call: src=eng_Latn (en), tgt=guj_Gujr (gu), text='It becomes additiona...'
[DEBUG] FLORES keys: ['en', 'hi', 'ta', 'te', 'ml']... ta in keys: True
[DEBUG] IndicTrans call: src=eng_Latn (en), tgt=guj_Gujr (gu), text='It becomes additiona...'
[DEBUG] FLORES keys: ['en', 'hi', 'ta', 'te', 'ml']... ta in keys: True
[DEBUG] IndicTrans call: src=eng_Latn (en), tgt=ben_Beng (bn), text='and the tester glist...'
[DEBUG] FLORES keys: ['en', 'hi', 'ta', 'te', 'ml']... ta in keys: True
[DEBUG] IndicTrans call: src=eng_Latn (en), tgt=ben_Beng (bn), text='the character really...'
[DEBUG] FLORES keys: ['en', 'hi', 'ta', 'te', 'ml']... ta in keys: True
[DEBUG] IndicTrans call: src=eng_Latn (en), tgt=ben_Beng (bn), text='and the character re...'
[DEBUG] FLORES keys: ['en', 'hi', 'ta', 'te', 'ml']... ta in keys: True
[DEBUG] IndicTrans call: src=eng_Latn (en), tgt=ben_Beng (bn), text='and the character be...'
[DEBUG] FLORES keys: ['en', 'hi', 'ta', 'te', 'ml']... ta in keys: True
[DEBUG] IndicTrans call: src=eng_Latn (en), tgt=ben_Beng (bn), text='the character leadin...'
[DEBUG] FLORES keys: ['en', 'hi', 'ta', 'te', 'ml']... ta in keys: True
[DEBUG] IndicTrans call: src=eng_Latn (en), tgt=ben_Beng (bn), text='the character leadin...'
[DEBUG] FLORES keys: ['en', 'hi', 'ta', 'te', 'ml']... ta in keys: True
[DEBUG] IndicTrans call: src=eng_Latn (en), tgt=ben_Beng (bn), text='the character leadin...'
[DEBUG] FLORES keys: ['en', 'hi', 'ta', 'te', 'ml']... ta in keys: True
[DEBUG] IndicTrans call: src=eng_Latn (en), tgt=ben_Beng (bn), text='the character leadin...'
[DEBUG] FLORES keys: ['en', 'hi', 'ta', 'te', 'ml']... ta in keys: True
[DEBUG] IndicTrans call: src=eng_Latn (en), tgt=ben_Beng (bn), text='the character leadin...'
[DEBUG] FLORES keys: ['en', 'hi', 'ta', 'te', 'ml']... ta in keys: True
[DEBUG] IndicTrans call: src=eng_Latn (en), tgt=ben_Beng (bn), text='the character greeti...'
[DEBUG] FLORES keys: ['en', 'hi', 'ta', 'te', 'ml']... ta in keys: True
[DEBUG] IndicTrans call: src=eng_Latn (en), tgt=ben_Beng (bn), text='the character greeti...'
[DEBUG] FLORES keys: ['en', 'hi', 'ta', 'te', 'ml']... ta in keys: True
[DEBUG] IndicTrans call: src=eng_Latn (en), tgt=ben_Beng (bn), text='BIM!...'
[DEBUG] FLORES keys: ['en', 'hi', 'ta', 'te', 'ml']... ta in keys: True
[DEBUG] IndicTrans call: src=eng_Latn (en), tgt=ben_Beng (bn), text='Then what about the...'
[DEBUG] FLORES keys: ['en', 'hi', 'ta', 'te', 'ml']... ta in keys: True
[DEBUG] IndicTrans call: src=eng_Latn (en), tgt=ben_Beng (bn), text='Then what about the ...'
[DEBUG] FLORES keys: ['en', 'hi', 'ta', 'te', 'ml']... ta in keys: True
[DEBUG] IndicTrans call: src=eng_Latn (en), tgt=ben_Beng (bn), text='Then what about the ...'
[DEBUG] FLORES keys: ['en', 'hi', 'ta', 'te', 'ml']... ta in keys: True
[DEBUG] IndicTrans call: src=eng_Latn (en), tgt=ben_Beng (bn), text='Then what about the ...'
[DEBUG] FLORES keys: ['en', 'hi', 'ta', 'te', 'ml']... ta in keys: True
[DEBUG] IndicTrans call: src=eng_Latn (en), tgt=ben_Beng (bn), text='Then what about the ...'
[DEBUG] FLORES keys: ['en', 'hi', 'ta', 'te', 'ml']... ta in keys: True
[DEBUG] IndicTrans call: src=eng_Latn (en), tgt=ben_Beng (bn), text='Then what about the ...'
[DEBUG] FLORES keys: ['en', 'hi', 'ta', 'te', 'ml']... ta in keys: True
[DEBUG] IndicTrans call: src=eng_Latn (en), tgt=ben_Beng (bn), text='Good Lord....'
[DEBUG] FLORES keys: ['en', 'hi', 'ta', 'te', 'ml']... ta in keys: True
[DEBUG] IndicTrans call: src=eng_Latn (en), tgt=ben_Beng (bn), text='then no...'
[DEBUG] FLORES keys: ['en', 'hi', 'ta', 'te', 'ml']... ta in keys: True
[DEBUG] IndicTrans call: src=eng_Latn (en), tgt=ben_Beng (bn), text='No...'
[DEBUG] FLORES keys: ['en', 'hi', 'ta', 'te', 'ml']... ta in keys: True
[DEBUG] IndicTrans call: src=eng_Latn (en), tgt=ben_Beng (bn), text='You...'
[DEBUG] FLORES keys: ['en', 'hi', 'ta', 'te', 'ml']... ta in keys: True
[DEBUG] IndicTrans call: src=eng_Latn (en), tgt=ben_Beng (bn), text='You...'
[DEBUG] FLORES keys: ['en', 'hi', 'ta', 'te', 'ml']... ta in keys: True
[DEBUG] IndicTrans call: src=eng_Latn (en), tgt=ben_Beng (bn), text='You...'
[DEBUG] FLORES keys: ['en', 'hi', 'ta', 'te', 'ml']... ta in keys: True
[DEBUG] IndicTrans call: src=eng_Latn (en), tgt=hin_Deva (hi), text='This is very simple....'
[DEBUG] FLORES keys: ['en', 'hi', 'ta', 'te', 'ml']... ta in keys: True
[DEBUG] IndicTrans call: src=eng_Latn (en), tgt=hin_Deva (hi), text='This is very simple,...'
[DEBUG] FLORES keys: ['en', 'hi', 'ta', 'te', 'ml']... ta in keys: True
[DEBUG] IndicTrans call: src=eng_Latn (en), tgt=hin_Deva (hi), text='This is very simple,...'
[DEBUG] FLORES keys: ['en', 'hi', 'ta', 'te', 'ml']... ta in keys: True
[DEBUG] IndicTrans call: src=eng_Latn (en), tgt=hin_Deva (hi), text='audio....'
[DEBUG] FLORES keys: ['en', 'hi', 'ta', 'te', 'ml']... ta in keys: True
[DEBUG] IndicTrans call: src=eng_Latn (en), tgt=hin_Deva (hi), text='audio laptop audio...'
[DEBUG] FLORES keys: ['en', 'hi', 'ta', 'te', 'ml']... ta in keys: True
[DEBUG] IndicTrans call: src=eng_Latn (en), tgt=hin_Deva (hi), text='or your laptop or th...'
[DEBUG] FLORES keys: ['en', 'hi', 'ta', 'te', 'ml']... ta in keys: True
[DEBUG] IndicTrans call: src=eng_Latn (en), tgt=hin_Deva (hi), text='or your laptop or th...'
[DEBUG] FLORES keys: ['en', 'hi', 'ta', 'te', 'ml']... ta in keys: True
[DEBUG] IndicTrans call: src=eng_Latn (en), tgt=hin_Deva (hi), text='audio or your laptop...'
[DEBUG] FLORES keys: ['en', 'hi', 'ta', 'te', 'ml']... ta in keys: True
[DEBUG] IndicTrans call: src=eng_Latn (en), tgt=hin_Deva (hi), text='audio, audio, which ...'
[DEBUG] FLORES keys: ['en', 'hi', 'ta', 'te', 'ml']... ta in keys: True
[DEBUG] IndicTrans call: src=eng_Latn (en), tgt=hin_Deva (hi), text='audio or your laptop...'
[DEBUG] FLORES keys: ['en', 'hi', 'ta', 'te', 'ml']... ta in keys: True
[DEBUG] IndicTrans call: src=eng_Latn (en), tgt=hin_Deva (hi), text='audio or your laptop...'
[DEBUG] FLORES keys: ['en', 'hi', 'ta', 'te', 'ml']... ta in keys: True
[DEBUG] IndicTrans call: src=eng_Latn (en), tgt=hin_Deva (hi), text='audio or your laptop...'
[DEBUG] FLORES keys: ['en', 'hi', 'ta', 'te', 'ml']... ta in keys: True
[DEBUG] IndicTrans call: src=eng_Latn (en), tgt=hin_Deva (hi), text='audio or your laptop...'
[DEBUG] FLORES keys: ['en', 'hi', 'ta', 'te', 'ml']... ta in keys: True
[DEBUG] IndicTrans call: src=eng_Latn (en), tgt=hin_Deva (hi), text='audio or your laptop...'
[DEBUG] FLORES keys: ['en', 'hi', 'ta', 'te', 'ml']... ta in keys: True
[DEBUG] IndicTrans call: src=eng_Latn (en), tgt=hin_Deva (hi), text='audio or laptop audi...'
[DEBUG] FLORES keys: ['en', 'hi', 'ta', 'te', 'ml']... ta in keys: True
[DEBUG] IndicTrans call: src=eng_Latn (en), tgt=hin_Deva (hi), text='audio or laptop audi...'
[DEBUG] FLORES keys: ['en', 'hi', 'ta', 'te', 'ml']... ta in keys: True
[DEBUG] IndicTrans call: src=eng_Latn (en), tgt=hin_Deva (hi), text='audio or laptop audi...'
[DEBUG] FLORES keys: ['en', 'hi', 'ta', 'te', 'ml']... ta in keys: True
[DEBUG] IndicTrans call: src=eng_Latn (en), tgt=hin_Deva (hi), text='audio or laptop audi...'
[DEBUG] FLORES keys: ['en', 'hi', 'ta', 'te', 'ml']... ta in keys: True
[DEBUG] IndicTrans call: src=eng_Latn (en), tgt=hin_Deva (hi), text='audio or laptop audi...'
[DEBUG] FLORES keys: ['en', 'hi', 'ta', 'te', 'ml']... ta in keys: True
[DEBUG] IndicTrans call: src=eng_Latn (en), tgt=hin_Deva (hi), text='audio laptop audio w...'
[DEBUG] FLORES keys: ['en', 'hi', 'ta', 'te', 'ml']... ta in keys: True
[DEBUG] IndicTrans call: src=eng_Latn (en), tgt=hin_Deva (hi), text='So what they want wo...'
[DEBUG] FLORES keys: ['en', 'hi', 'ta', 'te', 'ml']... ta in keys: True
[DEBUG] IndicTrans call: src=eng_Latn (en), tgt=hin_Deva (hi), text='So whatever would yo...'
[DEBUG] FLORES keys: ['en', 'hi', 'ta', 'te', 'ml']... ta in keys: True
[DEBUG] IndicTrans call: src=eng_Latn (en), tgt=hin_Deva (hi), text='So whatever would yo...'
[DEBUG] FLORES keys: ['en', 'hi', 'ta', 'te', 'ml']... ta in keys: True
[DEBUG] IndicTrans call: src=eng_Latn (en), tgt=hin_Deva (hi), text='So whatever would yo...'
[DEBUG] FLORES keys: ['en', 'hi', 'ta', 'te', 'ml']... ta in keys: True
[DEBUG] IndicTrans call: src=eng_Latn (en), tgt=mar_Deva (mr), text='I'll film a lot of.....'
[DEBUG] FLORES keys: ['en', 'hi', 'ta', 'te', 'ml']... ta in keys: True
[DEBUG] IndicTrans call: src=eng_Latn (en), tgt=mar_Deva (mr), text='a few more options...'
[DEBUG] FLORES keys: ['en', 'hi', 'ta', 'te', 'ml']... ta in keys: True
[DEBUG] IndicTrans call: src=eng_Latn (en), tgt=mar_Deva (mr), text='film or actions that...'
[DEBUG] FLORES keys: ['en', 'hi', 'ta', 'te', 'ml']... ta in keys: True
[DEBUG] IndicTrans call: src=eng_Latn (en), tgt=mar_Deva (mr), text='a film or action tha...'
[DEBUG] FLORES keys: ['en', 'hi', 'ta', 'te', 'ml']... ta in keys: True
[DEBUG] IndicTrans call: src=eng_Latn (en), tgt=mar_Deva (mr), text='a few more options t...'
[DEBUG] FLORES keys: ['en', 'hi', 'ta', 'te', 'ml']... ta in keys: True
[DEBUG] IndicTrans call: src=eng_Latn (en), tgt=mar_Deva (mr), text='The firmware options...'
[DEBUG] FLORES keys: ['en', 'hi', 'ta', 'te', 'ml']... ta in keys: True
[DEBUG] IndicTrans call: src=eng_Latn (en), tgt=mar_Deva (mr), text='The firmware options...'
[DEBUG] FLORES keys: ['en', 'hi', 'ta', 'te', 'ml']... ta in keys: True
[DEBUG] IndicTrans call: src=eng_Latn (en), tgt=mar_Deva (mr), text='The firmware options...'
[DEBUG] FLORES keys: ['en', 'hi', 'ta', 'te', 'ml']... ta in keys: True
[DEBUG] IndicTrans call: src=eng_Latn (en), tgt=mar_Deva (mr), text='The firmware options...'
[DEBUG] FLORES keys: ['en', 'hi', 'ta', 'te', 'ml']... ta in keys: True
[DEBUG] IndicTrans call: src=eng_Latn (en), tgt=mar_Deva (mr), text='The few more options...'
[DEBUG] FLORES keys: ['en', 'hi', 'ta', 'te', 'ml']... ta in keys: True
[DEBUG] IndicTrans call: src=eng_Latn (en), tgt=mar_Deva (mr), text='The few more options...'
[DEBUG] FLORES keys: ['en', 'hi', 'ta', 'te', 'ml']... ta in keys: True
[DEBUG] IndicTrans call: src=eng_Latn (en), tgt=mar_Deva (mr), text='The few more options...'
[DEBUG] FLORES keys: ['en', 'hi', 'ta', 'te', 'ml']... ta in keys: True
[DEBUG] IndicTrans call: src=eng_Latn (en), tgt=mar_Deva (mr), text='The few more options...'
[DEBUG] FLORES keys: ['en', 'hi', 'ta', 'te', 'ml']... ta in keys: True
[DEBUG] IndicTrans call: src=eng_Latn (en), tgt=mar_Deva (mr), text='The few more options...'
[DEBUG] FLORES keys: ['en', 'hi', 'ta', 'te', 'ml']... ta in keys: True
[DEBUG] IndicTrans call: src=eng_Latn (en), tgt=mar_Deva (mr), text='The few more options...'
[DEBUG] FLORES keys: ['en', 'hi', 'ta', 'te', 'ml']... ta in keys: True
[DEBUG] IndicTrans call: src=eng_Latn (en), tgt=mar_Deva (mr), text='The few more options...'
[DEBUG] FLORES keys: ['en', 'hi', 'ta', 'te', 'ml']... ta in keys: True
[DEBUG] IndicTrans call: src=eng_Latn (en), tgt=mar_Deva (mr), text='The few more options...'
[DEBUG] FLORES keys: ['en', 'hi', 'ta', 'te', 'ml']... ta in keys: True
[DEBUG] IndicTrans call: src=eng_Latn (en), tgt=mar_Deva (mr), text='The few more options...'
[DEBUG] FLORES keys: ['en', 'hi', 'ta', 'te', 'ml']... ta in keys: True
[DEBUG] IndicTrans call: src=eng_Latn (en), tgt=mar_Deva (mr), text='The few more options...'
[DEBUG] FLORES keys: ['en', 'hi', 'ta', 'te', 'ml']... ta in keys: True
[DEBUG] IndicTrans call: src=eng_Latn (en), tgt=mar_Deva (mr), text='If you...'
[DEBUG] FLORES keys: ['en', 'hi', 'ta', 'te', 'ml']... ta in keys: True
[DEBUG] IndicTrans call: src=eng_Latn (en), tgt=mar_Deva (mr), text='If you flip off it o...'
[DEBUG] FLORES keys: ['en', 'hi', 'ta', 'te', 'ml']... ta in keys: True
[DEBUG] IndicTrans call: src=eng_Latn (en), tgt=mar_Deva (mr), text='If you remove it off...'
[DEBUG] FLORES keys: ['en', 'hi', 'ta', 'te', 'ml']... ta in keys: True
[DEBUG] IndicTrans call: src=eng_Latn (en), tgt=mar_Deva (mr), text='If you remove it off...'
[DEBUG] FLORES keys: ['en', 'hi', 'ta', 'te', 'ml']... ta in keys: True
[DEBUG] IndicTrans call: src=eng_Latn (en), tgt=mar_Deva (mr), text='If you remove it off...'
[DEBUG] FLORES keys: ['en', 'hi', 'ta', 'te', 'ml']... ta in keys: True
[DEBUG] IndicTrans call: src=eng_Latn (en), tgt=urd_Arab (ur), text='slow and...'
[DEBUG] FLORES keys: ['en', 'hi', 'ta', 'te', 'ml']... ta in keys: True
[DEBUG] IndicTrans call: src=eng_Latn (en), tgt=urd_Arab (ur), text='Go and edit with......'
[DEBUG] FLORES keys: ['en', 'hi', 'ta', 'te', 'ml']... ta in keys: True
[DEBUG] IndicTrans call: src=eng_Latn (en), tgt=urd_Arab (ur), text='Call and agree to yo...'
[DEBUG] FLORES keys: ['en', 'hi', 'ta', 'te', 'ml']... ta in keys: True
[DEBUG] IndicTrans call: src=eng_Latn (en), tgt=urd_Arab (ur), text='Call and agree to yo...'
[DEBUG] FLORES keys: ['en', 'hi', 'ta', 'te', 'ml']... ta in keys: True
[DEBUG] IndicTrans call: src=eng_Latn (en), tgt=urd_Arab (ur), text='come and agree to yo...'
[DEBUG] FLORES keys: ['en', 'hi', 'ta', 'te', 'ml']... ta in keys: True
[DEBUG] IndicTrans call: src=eng_Latn (en), tgt=urd_Arab (ur), text='In what?...'
[DEBUG] FLORES keys: ['en', 'hi', 'ta', 'te', 'ml']... ta in keys: True
[DEBUG] IndicTrans call: src=eng_Latn (en), tgt=urd_Arab (ur), text='In what? In this par...'
[DEBUG] FLORES keys: ['en', 'hi', 'ta', 'te', 'ml']... ta in keys: True
[DEBUG] IndicTrans call: src=eng_Latn (en), tgt=urd_Arab (ur), text='In this particular m...'
[DEBUG] FLORES keys: ['en', 'hi', 'ta', 'te', 'ml']... ta in keys: True
[DEBUG] IndicTrans call: src=eng_Latn (en), tgt=urd_Arab (ur), text='In this particular m...'
[DEBUG] FLORES keys: ['en', 'hi', 'ta', 'te', 'ml']... ta in keys: True
[DEBUG] IndicTrans call: src=eng_Latn (en), tgt=urd_Arab (ur), text='In this particular m...'
[DEBUG] FLORES keys: ['en', 'hi', 'ta', 'te', 'ml']... ta in keys: True
[DEBUG] IndicTrans call: src=eng_Latn (en), tgt=urd_Arab (ur), text='In this particular m...'
[DEBUG] FLORES keys: ['en', 'hi', 'ta', 'te', 'ml']... ta in keys: True
[DEBUG] IndicTrans call: src=eng_Latn (en), tgt=urd_Arab (ur), text='In this particular m...'
[DEBUG] FLORES keys: ['en', 'hi', 'ta', 'te', 'ml']... ta in keys: True
[DEBUG] IndicTrans call: src=eng_Latn (en), tgt=urd_Arab (ur), text='Actually...'
[DEBUG] FLORES keys: ['en', 'hi', 'ta', 'te', 'ml']... ta in keys: True
[DEBUG] IndicTrans call: src=eng_Latn (en), tgt=urd_Arab (ur), text='Actually doesn't mat...'
[DEBUG] FLORES keys: ['en', 'hi', 'ta', 'te', 'ml']... ta in keys: True
[DEBUG] IndicTrans call: src=eng_Latn (en), tgt=urd_Arab (ur), text='Actually it doesn't ...'
[DEBUG] FLORES keys: ['en', 'hi', 'ta', 'te', 'ml']... ta in keys: True
[DEBUG] IndicTrans call: src=eng_Latn (en), tgt=urd_Arab (ur), text='Actually it doesn't ...'
[DEBUG] FLORES keys: ['en', 'hi', 'ta', 'te', 'ml']... ta in keys: True
[DEBUG] IndicTrans call: src=eng_Latn (en), tgt=urd_Arab (ur), text='Actually it doesn't ...'
[DEBUG] FLORES keys: ['en', 'hi', 'ta', 'te', 'ml']... ta in keys: True
[DEBUG] IndicTrans call: src=eng_Latn (en), tgt=urd_Arab (ur), text='but yeah...'
[DEBUG] FLORES keys: ['en', 'hi', 'ta', 'te', 'ml']... ta in keys: True
[DEBUG] IndicTrans call: src=eng_Latn (en), tgt=urd_Arab (ur), text='but yeah...'
[DEBUG] FLORES keys: ['en', 'hi', 'ta', 'te', 'ml']... ta in keys: True
[DEBUG] IndicTrans call: src=eng_Latn (en), tgt=urd_Arab (ur), text='but good...'
[DEBUG] FLORES keys: ['en', 'hi', 'ta', 'te', 'ml']... ta in keys: True
[DEBUG] IndicTrans call: src=eng_Latn (en), tgt=urd_Arab (ur), text='So...'
[DEBUG] FLORES keys: ['en', 'hi', 'ta', 'te', 'ml']... ta in keys: True
[DEBUG] IndicTrans call: src=eng_Latn (en), tgt=urd_Arab (ur), text='So you can choose...'
[DEBUG] FLORES keys: ['en', 'hi', 'ta', 'te', 'ml']... ta in keys: True
[DEBUG] IndicTrans call: src=eng_Latn (en), tgt=urd_Arab (ur), text='So you can choose...'
[DEBUG] FLORES keys: ['en', 'hi', 'ta', 'te', 'ml']... ta in keys: True
[DEBUG] IndicTrans call: src=eng_Latn (en), tgt=urd_Arab (ur), text='So you can choose, I...'
[DEBUG] FLORES keys: ['en', 'hi', 'ta', 'te', 'ml']... ta in keys: True
[DEBUG] IndicTrans call: src=eng_Latn (en), tgt=urd_Arab (ur), text='So you can choose I ...'
[DEBUG] FLORES keys: ['en', 'hi', 'ta', 'te', 'ml']... ta in keys: True
[DEBUG] IndicTrans call: src=eng_Latn (en), tgt=urd_Arab (ur), text='So you can choose a ...'
[DEBUG] FLORES keys: ['en', 'hi', 'ta', 'te', 'ml']... ta in keys: True
[DEBUG] IndicTrans call: src=eng_Latn (en), tgt=urd_Arab (ur), text='So you can choose a ...'
[DEBUG] FLORES keys: ['en', 'hi', 'ta', 'te', 'ml']... ta in keys: True
[DEBUG] IndicTrans call: src=eng_Latn (en), tgt=urd_Arab (ur), text='So you can choose a ...'
[DEBUG] FLORES keys: ['en', 'hi', 'ta', 'te', 'ml']... ta in keys: True
[DEBUG] IndicTrans call: src=eng_Latn (en), tgt=urd_Arab (ur), text='So you can choose a ...'
[DEBUG] FLORES keys: ['en', 'hi', 'ta', 'te', 'ml']... ta in keys: True
[DEBUG] IndicTrans call: src=eng_Latn (en), tgt=urd_Arab (ur), text='So you can choose a ...'
[DEBUG] FLORES keys: ['en', 'hi', 'ta', 'te', 'ml']... ta in keys: True
[DEBUG] IndicTrans call: src=eng_Latn (en), tgt=hin_Deva (hi), text='I want to......'
[DEBUG] FLORES keys: ['en', 'hi', 'ta', 'te', 'ml']... ta in keys: True
[DEBUG] IndicTrans call: src=eng_Latn (en), tgt=hin_Deva (hi), text='I want to hold it....'
[DEBUG] FLORES keys: ['en', 'hi', 'ta', 'te', 'ml']... ta in keys: True
[DEBUG] IndicTrans call: src=eng_Latn (en), tgt=hin_Deva (hi), text='I want to hold it ne...'
[DEBUG] FLORES keys: ['en', 'hi', 'ta', 'te', 'ml']... ta in keys: True
[DEBUG] IndicTrans call: src=eng_Latn (en), tgt=hin_Deva (hi), text='I want to hold it, l...'
[DEBUG] FLORES keys: ['en', 'hi', 'ta', 'te', 'ml']... ta in keys: True
[DEBUG] IndicTrans call: src=eng_Latn (en), tgt=hin_Deva (hi), text='I want to hold it, l...'
[DEBUG] FLORES keys: ['en', 'hi', 'ta', 'te', 'ml']... ta in keys: True
[DEBUG] IndicTrans call: src=eng_Latn (en), tgt=hin_Deva (hi), text='I want to hold it, l...'
[DEBUG] FLORES keys: ['en', 'hi', 'ta', 'te', 'ml']... ta in keys: True
[DEBUG] IndicTrans call: src=eng_Latn (en), tgt=hin_Deva (hi), text='I want to hold it, l...'
[DEBUG] FLORES keys: ['en', 'hi', 'ta', 'te', 'ml']... ta in keys: True
[DEBUG] IndicTrans call: src=eng_Latn (en), tgt=hin_Deva (hi), text='I want to hold it, l...'
[DEBUG] FLORES keys: ['en', 'hi', 'ta', 'te', 'ml']... ta in keys: True
[DEBUG] IndicTrans call: src=eng_Latn (en), tgt=hin_Deva (hi), text='So...'
[DEBUG] FLORES keys: ['en', 'hi', 'ta', 'te', 'ml']... ta in keys: True
[DEBUG] IndicTrans call: src=eng_Latn (en), tgt=hin_Deva (hi), text='Filled....'
[DEBUG] FLORES keys: ['en', 'hi', 'ta', 'te', 'ml']... ta in keys: True
[DEBUG] IndicTrans call: src=eng_Latn (en), tgt=hin_Deva (hi), text='3, 2, 1, go!...'
[DEBUG] FLORES keys: ['en', 'hi', 'ta', 'te', 'ml']... ta in keys: True
[DEBUG] IndicTrans call: src=eng_Latn (en), tgt=hin_Deva (hi), text='For the hours....'
[DEBUG] FLORES keys: ['en', 'hi', 'ta', 'te', 'ml']... ta in keys: True
[DEBUG] IndicTrans call: src=eng_Latn (en), tgt=hin_Deva (hi), text='for hours....'
[DEBUG] FLORES keys: ['en', 'hi', 'ta', 'te', 'ml']... ta in keys: True
[DEBUG] IndicTrans call: src=eng_Latn (en), tgt=hin_Deva (hi), text='for hours.  And this...'
[DEBUG] FLORES keys: ['en', 'hi', 'ta', 'te', 'ml']... ta in keys: True
[DEBUG] IndicTrans call: src=eng_Latn (en), tgt=hin_Deva (hi), text='for two hours.  And ...'
[DEBUG] FLORES keys: ['en', 'hi', 'ta', 'te', 'ml']... ta in keys: True
[DEBUG] IndicTrans call: src=eng_Latn (en), tgt=hin_Deva (hi), text='for two hours.  And ...'
[DEBUG] FLORES keys: ['en', 'hi', 'ta', 'te', 'ml']... ta in keys: True
[DEBUG] IndicTrans call: src=eng_Latn (en), tgt=hin_Deva (hi), text='for two hours.  And ...'
[DEBUG] FLORES keys: ['en', 'hi', 'ta', 'te', 'ml']... ta in keys: True
[DEBUG] IndicTrans call: src=eng_Latn (en), tgt=hin_Deva (hi), text='No...'
[DEBUG] FLORES keys: ['en', 'hi', 'ta', 'te', 'ml']... ta in keys: True
[DEBUG] IndicTrans call: src=eng_Latn (en), tgt=hin_Deva (hi), text='No, very few...'
[DEBUG] FLORES keys: ['en', 'hi', 'ta', 'te', 'ml']... ta in keys: True
[DEBUG] IndicTrans call: src=eng_Latn (en), tgt=hin_Deva (hi), text='No, quit the film!...'
[DEBUG] FLORES keys: ['en', 'hi', 'ta', 'te', 'ml']... ta in keys: True
[DEBUG] IndicTrans call: src=eng_Latn (en), tgt=hin_Deva (hi), text='No, very few things....'
[DEBUG] FLORES keys: ['en', 'hi', 'ta', 'te', 'ml']... ta in keys: True
[DEBUG] IndicTrans call: src=eng_Latn (en), tgt=hin_Deva (hi), text='No, very few things ...'
[DEBUG] FLORES keys: ['en', 'hi', 'ta', 'te', 'ml']... ta in keys: True
[DEBUG] IndicTrans call: src=eng_Latn (en), tgt=hin_Deva (hi), text='No, very few things ...'
[DEBUG] FLORES keys: ['en', 'hi', 'ta', 'te', 'ml']... ta in keys: True
[DEBUG] IndicTrans call: src=eng_Latn (en), tgt=hin_Deva (hi), text='No, very few things ...'
[DEBUG] FLORES keys: ['en', 'hi', 'ta', 'te', 'ml']... ta in keys: True
[DEBUG] IndicTrans call: src=eng_Latn (en), tgt=hin_Deva (hi), text='No, very few things ...'
[DEBUG] FLORES keys: ['en', 'hi', 'ta', 'te', 'ml']... ta in keys: True
[DEBUG] IndicTrans call: src=eng_Latn (en), tgt=hin_Deva (hi), text='No, very few things ...'
[DEBUG] FLORES keys: ['en', 'hi', 'ta', 'te', 'ml']... ta in keys: True
[DEBUG] IndicTrans call: src=eng_Latn (en), tgt=hin_Deva (hi), text='...reduce with......'
[DEBUG] FLORES keys: ['en', 'hi', 'ta', 'te', 'ml']... ta in keys: True
[DEBUG] IndicTrans call: src=eng_Latn (en), tgt=hin_Deva (hi), text='registration is...'
[DEBUG] FLORES keys: ['en', 'hi', 'ta', 'te', 'ml']... ta in keys: True
[DEBUG] IndicTrans call: src=eng_Latn (en), tgt=hin_Deva (hi), text='registration is requ...'
[DEBUG] FLORES keys: ['en', 'hi', 'ta', 'te', 'ml']... ta in keys: True
[DEBUG] IndicTrans call: src=eng_Latn (en), tgt=hin_Deva (hi), text='registration is requ...'
[DEBUG] FLORES keys: ['en', 'hi', 'ta', 'te', 'ml']... ta in keys: True
[DEBUG] IndicTrans call: src=eng_Latn (en), tgt=hin_Deva (hi), text='registration is requ...'
[DEBUG] FLORES keys: ['en', 'hi', 'ta', 'te', 'ml']... ta in keys: True
[DEBUG] IndicTrans call: src=eng_Latn (en), tgt=hin_Deva (hi), text='registration is requ...'
[DEBUG] FLORES keys: ['en', 'hi', 'ta', 'te', 'ml']... ta in keys: True
[DEBUG] IndicTrans call: src=eng_Latn (en), tgt=hin_Deva (hi), text='Forward....'
[DEBUG] FLORES keys: ['en', 'hi', 'ta', 'te', 'ml']... ta in keys: True
[DEBUG] IndicTrans call: src=eng_Latn (en), tgt=hin_Deva (hi), text='4...'
[DEBUG] FLORES keys: ['en', 'hi', 'ta', 'te', 'ml']... ta in keys: True
[DEBUG] IndicTrans call: src=eng_Latn (en), tgt=hin_Deva (hi), text='4...'
[DEBUG] FLORES keys: ['en', 'hi', 'ta', 'te', 'ml']... ta in keys: True
[DEBUG] IndicTrans call: src=eng_Latn (en), tgt=hin_Deva (hi), text='You...'
[DEBUG] FLORES keys: ['en', 'hi', 'ta', 'te', 'ml']... ta in keys: True
[DEBUG] IndicTrans call: src=eng_Latn (en), tgt=hin_Deva (hi), text='Don't you want to se...'
[DEBUG] FLORES keys: ['en', 'hi', 'ta', 'te', 'ml']... ta in keys: True
[DEBUG] IndicTrans call: src=eng_Latn (en), tgt=hin_Deva (hi), text='Those were some meet...'
[DEBUG] FLORES keys: ['en', 'hi', 'ta', 'te', 'ml']... ta in keys: True
[DEBUG] IndicTrans call: src=eng_Latn (en), tgt=hin_Deva (hi), text='Those musts and meet...'
[DEBUG] FLORES keys: ['en', 'hi', 'ta', 'te', 'ml']... ta in keys: True
[DEBUG] IndicTrans call: src=eng_Latn (en), tgt=hin_Deva (hi), text='Two small summaries ...'
[DEBUG] FLORES keys: ['en', 'hi', 'ta', 'te', 'ml']... ta in keys: True
[DEBUG] IndicTrans call: src=eng_Latn (en), tgt=hin_Deva (hi), text='Two small summaries ...'
[DEBUG] FLORES keys: ['en', 'hi', 'ta', 'te', 'ml']... ta in keys: True
[DEBUG] IndicTrans call: src=eng_Latn (en), tgt=hin_Deva (hi), text='To small meetings, I...'
[DEBUG] FLORES keys: ['en', 'hi', 'ta', 'te', 'ml']... ta in keys: True
[DEBUG] IndicTrans call: src=eng_Latn (en), tgt=hin_Deva (hi), text='Two small summaries ...'
[DEBUG] FLORES keys: ['en', 'hi', 'ta', 'te', 'ml']... ta in keys: True
[DEBUG] IndicTrans call: src=eng_Latn (en), tgt=mar_Deva (mr), text='If...'
[DEBUG] FLORES keys: ['en', 'hi', 'ta', 'te', 'ml']... ta in keys: True
[DEBUG] IndicTrans call: src=eng_Latn (en), tgt=mar_Deva (mr), text='If I see......'
[DEBUG] FLORES keys: ['en', 'hi', 'ta', 'te', 'ml']... ta in keys: True
[DEBUG] IndicTrans call: src=eng_Latn (en), tgt=mar_Deva (mr), text='If I say reduce...'
[DEBUG] FLORES keys: ['en', 'hi', 'ta', 'te', 'ml']... ta in keys: True
[DEBUG] IndicTrans call: src=eng_Latn (en), tgt=mar_Deva (mr), text='If I see registratio...'
[DEBUG] FLORES keys: ['en', 'hi', 'ta', 'te', 'ml']... ta in keys: True
[DEBUG] IndicTrans call: src=eng_Latn (en), tgt=mar_Deva (mr), text='If I stay registrati...'
[DEBUG] FLORES keys: ['en', 'hi', 'ta', 'te', 'ml']... ta in keys: True
[DEBUG] IndicTrans call: src=eng_Latn (en), tgt=mar_Deva (mr), text='If I stay registrati...'
[DEBUG] FLORES keys: ['en', 'hi', 'ta', 'te', 'ml']... ta in keys: True
[DEBUG] IndicTrans call: src=eng_Latn (en), tgt=mar_Deva (mr), text='If I stay registrati...'
[DEBUG] FLORES keys: ['en', 'hi', 'ta', 'te', 'ml']... ta in keys: True
[DEBUG] IndicTrans call: src=eng_Latn (en), tgt=mar_Deva (mr), text='If I stay registrati...'
[DEBUG] FLORES keys: ['en', 'hi', 'ta', 'te', 'ml']... ta in keys: True
[DEBUG] IndicTrans call: src=eng_Latn (en), tgt=mar_Deva (mr), text='If I stay registrati...'
[DEBUG] FLORES keys: ['en', 'hi', 'ta', 'te', 'ml']... ta in keys: True
[DEBUG] IndicTrans call: src=eng_Latn (en), tgt=mar_Deva (mr), text='If I stay registrati...'
[DEBUG] FLORES keys: ['en', 'hi', 'ta', 'te', 'ml']... ta in keys: True
[DEBUG] IndicTrans call: src=eng_Latn (en), tgt=mar_Deva (mr), text='If I say registratio...'
[DEBUG] FLORES keys: ['en', 'hi', 'ta', 'te', 'ml']... ta in keys: True
[DEBUG] IndicTrans call: src=eng_Latn (en), tgt=mar_Deva (mr), text='If I say registratio...'
[DEBUG] FLORES keys: ['en', 'hi', 'ta', 'te', 'ml']... ta in keys: True
[DEBUG] IndicTrans call: src=eng_Latn (en), tgt=mar_Deva (mr), text='If I say registratio...'
[DEBUG] FLORES keys: ['en', 'hi', 'ta', 'te', 'ml']... ta in keys: True
[DEBUG] IndicTrans call: src=eng_Latn (en), tgt=mar_Deva (mr), text='If I say registratio...'
[DEBUG] FLORES keys: ['en', 'hi', 'ta', 'te', 'ml']... ta in keys: True
[DEBUG] IndicTrans call: src=eng_Latn (en), tgt=mar_Deva (mr), text='If I say registratio...'
[DEBUG] FLORES keys: ['en', 'hi', 'ta', 'te', 'ml']... ta in keys: True
[DEBUG] IndicTrans call: src=eng_Latn (en), tgt=mar_Deva (mr), text='The second part....'
[DEBUG] FLORES keys: ['en', 'hi', 'ta', 'te', 'ml']... ta in keys: True
[DEBUG] IndicTrans call: src=eng_Latn (en), tgt=mar_Deva (mr), text='The second part is.....'
[DEBUG] FLORES keys: ['en', 'hi', 'ta', 'te', 'ml']... ta in keys: True
[DEBUG] IndicTrans call: src=eng_Latn (en), tgt=mar_Deva (mr), text='The second part is...'
[DEBUG] FLORES keys: ['en', 'hi', 'ta', 'te', 'ml']... ta in keys: True
[DEBUG] IndicTrans call: src=eng_Latn (en), tgt=mar_Deva (mr), text='The second part is...'
[DEBUG] FLORES keys: ['en', 'hi', 'ta', 'te', 'ml']... ta in keys: True
[DEBUG] IndicTrans call: src=eng_Latn (en), tgt=mar_Deva (mr), text='And...'
[DEBUG] FLORES keys: ['en', 'hi', 'ta', 'te', 'ml']... ta in keys: True
[DEBUG] IndicTrans call: src=eng_Latn (en), tgt=mar_Deva (mr), text='High.  Good....'
[DEBUG] FLORES keys: ['en', 'hi', 'ta', 'te', 'ml']... ta in keys: True
[DEBUG] IndicTrans call: src=eng_Latn (en), tgt=mar_Deva (mr), text='How? What meeting I ...'
[DEBUG] FLORES keys: ['en', 'hi', 'ta', 'te', 'ml']... ta in keys: True
[DEBUG] IndicTrans call: src=eng_Latn (en), tgt=mar_Deva (mr), text='How? What meeting ID...'
[DEBUG] FLORES keys: ['en', 'hi', 'ta', 'te', 'ml']... ta in keys: True
[DEBUG] IndicTrans call: src=eng_Latn (en), tgt=mar_Deva (mr), text='How? What meeting ID...'
[DEBUG] FLORES keys: ['en', 'hi', 'ta', 'te', 'ml']... ta in keys: True
[DEBUG] IndicTrans call: src=eng_Latn (en), tgt=mar_Deva (mr), text='So when...'
[DEBUG] FLORES keys: ['en', 'hi', 'ta', 'te', 'ml']... ta in keys: True
[DEBUG] IndicTrans call: src=eng_Latn (en), tgt=mar_Deva (mr), text='So ready, have a......'
[DEBUG] FLORES keys: ['en', 'hi', 'ta', 'te', 'ml']... ta in keys: True
[DEBUG] IndicTrans call: src=eng_Latn (en), tgt=guj_Gujr (gu), text='You have to walk....'
[DEBUG] FLORES keys: ['en', 'hi', 'ta', 'te', 'ml']... ta in keys: True
[DEBUG] IndicTrans call: src=eng_Latn (en), tgt=guj_Gujr (gu), text='You have two options...'
[DEBUG] FLORES keys: ['en', 'hi', 'ta', 'te', 'ml']... ta in keys: True
[DEBUG] IndicTrans call: src=eng_Latn (en), tgt=guj_Gujr (gu), text='have two options....'
[DEBUG] FLORES keys: ['en', 'hi', 'ta', 'te', 'ml']... ta in keys: True
[DEBUG] IndicTrans call: src=eng_Latn (en), tgt=guj_Gujr (gu), text='You have two options...'
[DEBUG] FLORES keys: ['en', 'hi', 'ta', 'te', 'ml']... ta in keys: True
[DEBUG] IndicTrans call: src=eng_Latn (en), tgt=guj_Gujr (gu), text='You have two options...'
[DEBUG] FLORES keys: ['en', 'hi', 'ta', 'te', 'ml']... ta in keys: True
[DEBUG] IndicTrans call: src=eng_Latn (en), tgt=guj_Gujr (gu), text='You have two options...'
[DEBUG] FLORES keys: ['en', 'hi', 'ta', 'te', 'ml']... ta in keys: True
[DEBUG] IndicTrans call: src=eng_Latn (en), tgt=guj_Gujr (gu), text='You have two options...'
[DEBUG] FLORES keys: ['en', 'hi', 'ta', 'te', 'ml']... ta in keys: True
[DEBUG] IndicTrans call: src=eng_Latn (en), tgt=guj_Gujr (gu), text='You have two options...'
[DEBUG] FLORES keys: ['en', 'hi', 'ta', 'te', 'ml']... ta in keys: True
[DEBUG] IndicTrans call: src=eng_Latn (en), tgt=guj_Gujr (gu), text='You have two options...'
[DEBUG] FLORES keys: ['en', 'hi', 'ta', 'te', 'ml']... ta in keys: True
[DEBUG] IndicTrans call: src=eng_Latn (en), tgt=guj_Gujr (gu), text='You have two options...'
[DEBUG] FLORES keys: ['en', 'hi', 'ta', 'te', 'ml']... ta in keys: True
[DEBUG] IndicTrans call: src=eng_Latn (en), tgt=guj_Gujr (gu), text='You have two options...'
[DEBUG] FLORES keys: ['en', 'hi', 'ta', 'te', 'ml']... ta in keys: True
[DEBUG] IndicTrans call: src=eng_Latn (en), tgt=guj_Gujr (gu), text='and the certain box....'
[DEBUG] FLORES keys: ['en', 'hi', 'ta', 'te', 'ml']... ta in keys: True
[DEBUG] IndicTrans call: src=eng_Latn (en), tgt=guj_Gujr (gu), text='and the certain opti...'
[DEBUG] FLORES keys: ['en', 'hi', 'ta', 'te', 'ml']... ta in keys: True
[DEBUG] IndicTrans call: src=eng_Latn (en), tgt=guj_Gujr (gu), text='and the certain opti...'
[DEBUG] FLORES keys: ['en', 'hi', 'ta', 'te', 'ml']... ta in keys: True
[DEBUG] IndicTrans call: src=eng_Latn (en), tgt=guj_Gujr (gu), text='and the second optio...'
[DEBUG] FLORES keys: ['en', 'hi', 'ta', 'te', 'ml']... ta in keys: True
[DEBUG] IndicTrans call: src=eng_Latn (en), tgt=guj_Gujr (gu), text='and the second optio...'
[DEBUG] FLORES keys: ['en', 'hi', 'ta', 'te', 'ml']... ta in keys: True
[DEBUG] IndicTrans call: src=eng_Latn (en), tgt=guj_Gujr (gu), text='And the second optio...'
[DEBUG] FLORES keys: ['en', 'hi', 'ta', 'te', 'ml']... ta in keys: True
[DEBUG] IndicTrans call: src=eng_Latn (en), tgt=guj_Gujr (gu), text='And the second optio...'
[DEBUG] FLORES keys: ['en', 'hi', 'ta', 'te', 'ml']... ta in keys: True
[DEBUG] IndicTrans call: src=eng_Latn (en), tgt=guj_Gujr (gu), text='And the second optio...'
[DEBUG] FLORES keys: ['en', 'hi', 'ta', 'te', 'ml']... ta in keys: True
[DEBUG] IndicTrans call: src=eng_Latn (en), tgt=guj_Gujr (gu), text='And the second optio...'
[DEBUG] FLORES keys: ['en', 'hi', 'ta', 'te', 'ml']... ta in keys: True
[DEBUG] IndicTrans call: src=eng_Latn (en), tgt=guj_Gujr (gu), text='And the second optio...'
[DEBUG] FLORES keys: ['en', 'hi', 'ta', 'te', 'ml']... ta in keys: True
[DEBUG] IndicTrans call: src=eng_Latn (en), tgt=guj_Gujr (gu), text='And the second optio...'
[DEBUG] FLORES keys: ['en', 'hi', 'ta', 'te', 'ml']... ta in keys: True
[DEBUG] IndicTrans call: src=eng_Latn (en), tgt=guj_Gujr (gu), text='And the second optio...'
[DEBUG] FLORES keys: ['en', 'hi', 'ta', 'te', 'ml']... ta in keys: True
[DEBUG] IndicTrans call: src=eng_Latn (en), tgt=urd_Arab (ur), text='you can help....'
[DEBUG] FLORES keys: ['en', 'hi', 'ta', 'te', 'ml']... ta in keys: True
[DEBUG] IndicTrans call: src=eng_Latn (en), tgt=urd_Arab (ur), text='you can have this on...'
[DEBUG] FLORES keys: ['en', 'hi', 'ta', 'te', 'ml']... ta in keys: True
[DEBUG] IndicTrans call: src=eng_Latn (en), tgt=urd_Arab (ur), text='you can have differe...'
[DEBUG] FLORES keys: ['en', 'hi', 'ta', 'te', 'ml']... ta in keys: True
[DEBUG] IndicTrans call: src=eng_Latn (en), tgt=urd_Arab (ur), text='you can have differe...'
[DEBUG] FLORES keys: ['en', 'hi', 'ta', 'te', 'ml']... ta in keys: True
[DEBUG] IndicTrans call: src=eng_Latn (en), tgt=urd_Arab (ur), text='you can have differe...'
[DEBUG] FLORES keys: ['en', 'hi', 'ta', 'te', 'ml']... ta in keys: True
[DEBUG] IndicTrans call: src=eng_Latn (en), tgt=urd_Arab (ur), text='you can have differe...'
[DEBUG] FLORES keys: ['en', 'hi', 'ta', 'te', 'ml']... ta in keys: True
[DEBUG] IndicTrans call: src=eng_Latn (en), tgt=urd_Arab (ur), text='you can have differe...'
[DEBUG] FLORES keys: ['en', 'hi', 'ta', 'te', 'ml']... ta in keys: True
[DEBUG] IndicTrans call: src=eng_Latn (en), tgt=urd_Arab (ur), text='you can have differe...'
[DEBUG] FLORES keys: ['en', 'hi', 'ta', 'te', 'ml']... ta in keys: True
[DEBUG] IndicTrans call: src=eng_Latn (en), tgt=urd_Arab (ur), text='you can have differe...'
[DEBUG] FLORES keys: ['en', 'hi', 'ta', 'te', 'ml']... ta in keys: True
[DEBUG] IndicTrans call: src=eng_Latn (en), tgt=urd_Arab (ur), text='you can have differe...'
[DEBUG] FLORES keys: ['en', 'hi', 'ta', 'te', 'ml']... ta in keys: True
[DEBUG] IndicTrans call: src=eng_Latn (en), tgt=urd_Arab (ur), text='you can have differe...'
[DEBUG] FLORES keys: ['en', 'hi', 'ta', 'te', 'ml']... ta in keys: True
[DEBUG] IndicTrans call: src=eng_Latn (en), tgt=urd_Arab (ur), text='you can have differe...'
[DEBUG] FLORES keys: ['en', 'hi', 'ta', 'te', 'ml']... ta in keys: True
[DEBUG] IndicTrans call: src=eng_Latn (en), tgt=urd_Arab (ur), text='you can have differe...'
[DEBUG] FLORES keys: ['en', 'hi', 'ta', 'te', 'ml']... ta in keys: True
[DEBUG] IndicTrans call: src=eng_Latn (en), tgt=urd_Arab (ur), text='you can have differe...'
[DEBUG] FLORES keys: ['en', 'hi', 'ta', 'te', 'ml']... ta in keys: True
[DEBUG] IndicTrans call: src=eng_Latn (en), tgt=urd_Arab (ur), text='you can have differe...'
[DEBUG] FLORES keys: ['en', 'hi', 'ta', 'te', 'ml']... ta in keys: True
[DEBUG] IndicTrans call: src=eng_Latn (en), tgt=urd_Arab (ur), text='you can have differe...'
[DEBUG] FLORES keys: ['en', 'hi', 'ta', 'te', 'ml']... ta in keys: True
[DEBUG] IndicTrans call: src=eng_Latn (en), tgt=urd_Arab (ur), text='you can have differe...'
[DEBUG] FLORES keys: ['en', 'hi', 'ta', 'te', 'ml']... ta in keys: True
[DEBUG] IndicTrans call: src=eng_Latn (en), tgt=urd_Arab (ur), text='I don't recommend it...'
[DEBUG] FLORES keys: ['en', 'hi', 'ta', 'te', 'ml']... ta in keys: True
[DEBUG] IndicTrans call: src=eng_Latn (en), tgt=urd_Arab (ur), text='I don't recommend it...'
[DEBUG] FLORES keys: ['en', 'hi', 'ta', 'te', 'ml']... ta in keys: True
[DEBUG] IndicTrans call: src=eng_Latn (en), tgt=urd_Arab (ur), text='I don't recommend it...'
[DEBUG] FLORES keys: ['en', 'hi', 'ta', 'te', 'ml']... ta in keys: True
[DEBUG] IndicTrans call: src=eng_Latn (en), tgt=urd_Arab (ur), text='I don't recommend it...'
[DEBUG] FLORES keys: ['en', 'hi', 'ta', 'te', 'ml']... ta in keys: True
[DEBUG] IndicTrans call: src=eng_Latn (en), tgt=urd_Arab (ur), text='I don't recommend it...'
[DEBUG] FLORES keys: ['en', 'hi', 'ta', 'te', 'ml']... ta in keys: True
[DEBUG] IndicTrans call: src=eng_Latn (en), tgt=urd_Arab (ur), text='for more power...'
[DEBUG] FLORES keys: ['en', 'hi', 'ta', 'te', 'ml']... ta in keys: True
[DEBUG] IndicTrans call: src=eng_Latn (en), tgt=urd_Arab (ur), text='For more complicated...'
[DEBUG] FLORES keys: ['en', 'hi', 'ta', 'te', 'ml']... ta in keys: True
[DEBUG] IndicTrans call: src=eng_Latn (en), tgt=tam_Drav (ta), text='of course we...'
[DEBUG] FLORES keys: ['en', 'hi', 'ta', 'te', 'ml']... ta in keys: True
[DEBUG] IndicTrans call: src=eng_Latn (en), tgt=tam_Drav (ta), text='Boss, what's going o...'
[DEBUG] FLORES keys: ['en', 'hi', 'ta', 'te', 'ml']... ta in keys: True
[DEBUG] IndicTrans call: src=eng_Latn (en), tgt=tam_Drav (ta), text='bus, which got for t...'
[DEBUG] FLORES keys: ['en', 'hi', 'ta', 'te', 'ml']... ta in keys: True
[DEBUG] IndicTrans call: src=eng_Latn (en), tgt=tam_Drav (ta), text='Passwords, but for t...'
[DEBUG] FLORES keys: ['en', 'hi', 'ta', 'te', 'ml']... ta in keys: True
[DEBUG] IndicTrans call: src=eng_Latn (en), tgt=tam_Drav (ta), text='Passwords, but for t...'
[DEBUG] FLORES keys: ['en', 'hi', 'ta', 'te', 'ml']... ta in keys: True
[DEBUG] IndicTrans call: src=eng_Latn (en), tgt=tam_Drav (ta), text='Passwords, but for t...'
[DEBUG] FLORES keys: ['en', 'hi', 'ta', 'te', 'ml']... ta in keys: True
[DEBUG] IndicTrans call: src=eng_Latn (en), tgt=tam_Drav (ta), text='Passwords, but for t...'
[DEBUG] FLORES keys: ['en', 'hi', 'ta', 'te', 'ml']... ta in keys: True
[DEBUG] IndicTrans call: src=eng_Latn (en), tgt=tam_Drav (ta), text='Buh!...'
[DEBUG] FLORES keys: ['en', 'hi', 'ta', 'te', 'ml']... ta in keys: True
[DEBUG] IndicTrans call: src=eng_Latn (en), tgt=tam_Drav (ta), text='Then what...'
[DEBUG] FLORES keys: ['en', 'hi', 'ta', 'te', 'ml']... ta in keys: True
[DEBUG] IndicTrans call: src=eng_Latn (en), tgt=tam_Drav (ta), text='Then what about the....'
[DEBUG] FLORES keys: ['en', 'hi', 'ta', 'te', 'ml']... ta in keys: True
[DEBUG] IndicTrans call: src=eng_Latn (en), tgt=tam_Drav (ta), text='Then, what about the...'
[DEBUG] FLORES keys: ['en', 'hi', 'ta', 'te', 'ml']... ta in keys: True
[DEBUG] IndicTrans call: src=eng_Latn (en), tgt=tam_Drav (ta), text='Then what about the ...'
[DEBUG] FLORES keys: ['en', 'hi', 'ta', 'te', 'ml']... ta in keys: True
[DEBUG] IndicTrans call: src=eng_Latn (en), tgt=tam_Drav (ta), text='Then, what about the...'
[DEBUG] FLORES keys: ['en', 'hi', 'ta', 'te', 'ml']... ta in keys: True
[DEBUG] IndicTrans call: src=eng_Latn (en), tgt=tam_Drav (ta), text='Then what about the ...'
[DEBUG] FLORES keys: ['en', 'hi', 'ta', 'te', 'ml']... ta in keys: True
[DEBUG] IndicTrans call: src=eng_Latn (en), tgt=tam_Drav (ta), text='Manlo......'
[DEBUG] FLORES keys: ['en', 'hi', 'ta', 'te', 'ml']... ta in keys: True
[DEBUG] IndicTrans call: src=eng_Latn (en), tgt=tam_Drav (ta), text='No...'
[DEBUG] FLORES keys: ['en', 'hi', 'ta', 'te', 'ml']... ta in keys: True
[DEBUG] IndicTrans call: src=eng_Latn (en), tgt=tam_Drav (ta), text='Manor host...'
[DEBUG] FLORES keys: ['en', 'hi', 'ta', 'te', 'ml']... ta in keys: True
[DEBUG] IndicTrans call: src=eng_Latn (en), tgt=tam_Drav (ta), text='when host...'
[DEBUG] FLORES keys: ['en', 'hi', 'ta', 'te', 'ml']... ta in keys: True
[DEBUG] IndicTrans call: src=eng_Latn (en), tgt=tam_Drav (ta), text='When host, remember...'
[DEBUG] FLORES keys: ['en', 'hi', 'ta', 'te', 'ml']... ta in keys: True
[DEBUG] IndicTrans call: src=eng_Latn (en), tgt=tam_Drav (ta), text='When a host, when a ...'
[DEBUG] FLORES keys: ['en', 'hi', 'ta', 'te', 'ml']... ta in keys: True
[DEBUG] IndicTrans call: src=eng_Latn (en), tgt=tam_Drav (ta), text='When a host, when a ...'
[DEBUG] FLORES keys: ['en', 'hi', 'ta', 'te', 'ml']... ta in keys: True
[DEBUG] IndicTrans call: src=eng_Latn (en), tgt=tam_Drav (ta), text='When a host, when a ...'
[DEBUG] FLORES keys: ['en', 'hi', 'ta', 'te', 'ml']... ta in keys: True
[DEBUG] IndicTrans call: src=eng_Latn (en), tgt=tam_Drav (ta), text='Let's see what......'
[DEBUG] FLORES keys: ['en', 'hi', 'ta', 'te', 'ml']... ta in keys: True
[DEBUG] IndicTrans call: src=eng_Latn (en), tgt=tam_Drav (ta), text='Let's remember furth...'
[DEBUG] FLORES keys: ['en', 'hi', 'ta', 'te', 'ml']... ta in keys: True
[DEBUG] IndicTrans call: src=eng_Latn (en), tgt=tam_Drav (ta), text='Let's see what for t...'
[DEBUG] FLORES keys: ['en', 'hi', 'ta', 'te', 'ml']... ta in keys: True
[DEBUG] IndicTrans call: src=eng_Latn (en), tgt=tam_Drav (ta), text='Let's see what for t...'
[DEBUG] FLORES keys: ['en', 'hi', 'ta', 'te', 'ml']... ta in keys: True
[DEBUG] IndicTrans call: src=eng_Latn (en), tgt=tam_Drav (ta), text='What he...'
[DEBUG] FLORES keys: ['en', 'hi', 'ta', 'te', 'ml']... ta in keys: True
[DEBUG] IndicTrans call: src=eng_Latn (en), tgt=tam_Drav (ta), text='Would you join?...'
[DEBUG] FLORES keys: ['en', 'hi', 'ta', 'te', 'ml']... ta in keys: True
[DEBUG] IndicTrans call: src=eng_Latn (en), tgt=tam_Drav (ta), text='When he joins the me...'
[DEBUG] FLORES keys: ['en', 'hi', 'ta', 'te', 'ml']... ta in keys: True
[DEBUG] IndicTrans call: src=eng_Latn (en), tgt=tam_Drav (ta), text='When he joins the me...'
[DEBUG] FLORES keys: ['en', 'hi', 'ta', 'te', 'ml']... ta in keys: True
[DEBUG] IndicTrans call: src=eng_Latn (en), tgt=tam_Drav (ta), text='When he joins the me...'
[DEBUG] FLORES keys: ['en', 'hi', 'ta', 'te', 'ml']... ta in keys: True
[DEBUG] IndicTrans call: src=eng_Latn (en), tgt=tam_Drav (ta), text='When he joins the me...'
[DEBUG] FLORES keys: ['en', 'hi', 'ta', 'te', 'ml']... ta in keys: True
[DEBUG] IndicTrans call: src=eng_Latn (en), tgt=tam_Drav (ta), text='When he joins the me...'
[DEBUG] FLORES keys: ['en', 'hi', 'ta', 'te', 'ml']... ta in keys: True
[DEBUG] IndicTrans call: src=eng_Latn (en), tgt=tam_Drav (ta), text='When he joins the me...'
[DEBUG] FLORES keys: ['en', 'hi', 'ta', 'te', 'ml']... ta in keys: True
[DEBUG] IndicTrans call: src=eng_Latn (en), tgt=tam_Drav (ta), text='You...'
[DEBUG] FLORES keys: ['en', 'hi', 'ta', 'te', 'ml']... ta in keys: True
[DEBUG] IndicTrans call: src=eng_Latn (en), tgt=tam_Drav (ta), text='This is what it's sa...'
[DEBUG] FLORES keys: ['en', 'hi', 'ta', 'te', 'ml']... ta in keys: True
[DEBUG] IndicTrans call: src=eng_Latn (en), tgt=asm_Beng (as), text='Leave it....'
[DEBUG] FLORES keys: ['en', 'hi', 'ta', 'te', 'ml']... ta in keys: True
[DEBUG] IndicTrans call: src=eng_Latn (en), tgt=asm_Beng (as), text='Leave it on home....'
[DEBUG] FLORES keys: ['en', 'hi', 'ta', 'te', 'ml']... ta in keys: True
[DEBUG] IndicTrans call: src=eng_Latn (en), tgt=asm_Beng (as), text='and leave it on all ...'
[DEBUG] FLORES keys: ['en', 'hi', 'ta', 'te', 'ml']... ta in keys: True
[DEBUG] IndicTrans call: src=eng_Latn (en), tgt=asm_Beng (as), text='and leave it on off ...'
[DEBUG] FLORES keys: ['en', 'hi', 'ta', 'te', 'ml']... ta in keys: True
[DEBUG] IndicTrans call: src=eng_Latn (en), tgt=asm_Beng (as), text='can leave it on off ...'
[DEBUG] FLORES keys: ['en', 'hi', 'ta', 'te', 'ml']... ta in keys: True
[DEBUG] IndicTrans call: src=eng_Latn (en), tgt=asm_Beng (as), text='can leave it on of i...'
[DEBUG] FLORES keys: ['en', 'hi', 'ta', 'te', 'ml']... ta in keys: True
[DEBUG] IndicTrans call: src=eng_Latn (en), tgt=asm_Beng (as), text='Anytime...'
[DEBUG] FLORES keys: ['en', 'hi', 'ta', 'te', 'ml']... ta in keys: True
[DEBUG] IndicTrans call: src=eng_Latn (en), tgt=asm_Beng (as), text='So...'
[DEBUG] FLORES keys: ['en', 'hi', 'ta', 'te', 'ml']... ta in keys: True
[DEBUG] IndicTrans call: src=eng_Latn (en), tgt=asm_Beng (as), text='So I have kept......'
[DEBUG] FLORES keys: ['en', 'hi', 'ta', 'te', 'ml']... ta in keys: True
[DEBUG] IndicTrans call: src=eng_Latn (en), tgt=asm_Beng (as), text='So I have kept it of...'
[DEBUG] FLORES keys: ['en', 'hi', 'ta', 'te', 'ml']... ta in keys: True
[DEBUG] IndicTrans call: src=eng_Latn (en), tgt=asm_Beng (as), text='So I have kept it of...'
[DEBUG] FLORES keys: ['en', 'hi', 'ta', 'te', 'ml']... ta in keys: True
[DEBUG] IndicTrans call: src=eng_Latn (en), tgt=asm_Beng (as), text='So I have kept it of...'
[DEBUG] FLORES keys: ['en', 'hi', 'ta', 'te', 'ml']... ta in keys: True
[DEBUG] IndicTrans call: src=eng_Latn (en), tgt=asm_Beng (as), text='So I have kept it of...'
[DEBUG] FLORES keys: ['en', 'hi', 'ta', 'te', 'ml']... ta in keys: True
[DEBUG] IndicTrans call: src=eng_Latn (en), tgt=asm_Beng (as), text='So I have kept it of...'
[DEBUG] FLORES keys: ['en', 'hi', 'ta', 'te', 'ml']... ta in keys: True
[DEBUG] IndicTrans call: src=eng_Latn (en), tgt=asm_Beng (as), text='So I have kept it of...'
[DEBUG] FLORES keys: ['en', 'hi', 'ta', 'te', 'ml']... ta in keys: True
[DEBUG] IndicTrans call: src=eng_Latn (en), tgt=asm_Beng (as), text='So I have kept it of...'
[DEBUG] FLORES keys: ['en', 'hi', 'ta', 'te', 'ml']... ta in keys: True
[DEBUG] IndicTrans call: src=eng_Latn (en), tgt=asm_Beng (as), text='So I have kept it of...'
[DEBUG] FLORES keys: ['en', 'hi', 'ta', 'te', 'ml']... ta in keys: True
[DEBUG] IndicTrans call: src=eng_Latn (en), tgt=asm_Beng (as), text='So I have kept it of...'
[DEBUG] FLORES keys: ['en', 'hi', 'ta', 'te', 'ml']... ta in keys: True
[DEBUG] IndicTrans call: src=eng_Latn (en), tgt=asm_Beng (as), text='So I have kept it of...'
[DEBUG] FLORES keys: ['en', 'hi', 'ta', 'te', 'ml']... ta in keys: True
[DEBUG] IndicTrans call: src=eng_Latn (en), tgt=asm_Beng (as), text='So I have kept it of...'
[DEBUG] FLORES keys: ['en', 'hi', 'ta', 'te', 'ml']... ta in keys: True
[DEBUG] IndicTrans call: src=eng_Latn (en), tgt=asm_Beng (as), text='Normally you can...'
[DEBUG] FLORES keys: ['en', 'hi', 'ta', 'te', 'ml']... ta in keys: True
[DEBUG] IndicTrans call: src=eng_Latn (en), tgt=asm_Beng (as), text='Normally you can use...'
[DEBUG] FLORES keys: ['en', 'hi', 'ta', 'te', 'ml']... ta in keys: True
[DEBUG] IndicTrans call: src=eng_Latn (en), tgt=asm_Beng (as), text='Normally you can use...'
[DEBUG] FLORES keys: ['en', 'hi', 'ta', 'te', 'ml']... ta in keys: True
[DEBUG] IndicTrans call: src=eng_Latn (en), tgt=asm_Beng (as), text='Normally you can use...'
[DEBUG] FLORES keys: ['en', 'hi', 'ta', 'te', 'ml']... ta in keys: True
[DEBUG] IndicTrans call: src=eng_Latn (en), tgt=asm_Beng (as), text='Normally you can use...'
[DEBUG] FLORES keys: ['en', 'hi', 'ta', 'te', 'ml']... ta in keys: True
[DEBUG] IndicTrans call: src=eng_Latn (en), tgt=asm_Beng (as), text='Normally you can use...'
[DEBUG] FLORES keys: ['en', 'hi', 'ta', 'te', 'ml']... ta in keys: True
[DEBUG] IndicTrans call: src=eng_Latn (en), tgt=asm_Beng (as), text='Normally you can use...'
[DEBUG] FLORES keys: ['en', 'hi', 'ta', 'te', 'ml']... ta in keys: True
[DEBUG] IndicTrans call: src=eng_Latn (en), tgt=asm_Beng (as), text='Normally you can use...'
[DEBUG] FLORES keys: ['en', 'hi', 'ta', 'te', 'ml']... ta in keys: True
[DEBUG] IndicTrans call: src=eng_Latn (en), tgt=asm_Beng (as), text='Normally you can use...'
[DEBUG] FLORES keys: ['en', 'hi', 'ta', 'te', 'ml']... ta in keys: True
[DEBUG] IndicTrans call: src=eng_Latn (en), tgt=asm_Beng (as), text='Normally you can use...'
[DEBUG] FLORES keys: ['en', 'hi', 'ta', 'te', 'ml']... ta in keys: True
[DEBUG] IndicTrans call: src=eng_Latn (en), tgt=asm_Beng (as), text='Normally you can use...'
[DEBUG] FLORES keys: ['en', 'hi', 'ta', 'te', 'ml']... ta in keys: True
[DEBUG] IndicTrans call: src=eng_Latn (en), tgt=asm_Beng (as), text='Normally you can use...'
[DEBUG] FLORES keys: ['en', 'hi', 'ta', 'te', 'ml']... ta in keys: True
[DEBUG] IndicTrans call: src=eng_Latn (en), tgt=asm_Beng (as), text='support groups. So t...'
[DEBUG] FLORES keys: ['en', 'hi', 'ta', 'te', 'ml']... ta in keys: True
[DEBUG] IndicTrans call: src=eng_Latn (en), tgt=hin_Deva (hi), text='I would say if the U...'
[DEBUG] FLORES keys: ['en', 'hi', 'ta', 'te', 'ml']... ta in keys: True
[DEBUG] IndicTrans call: src=eng_Latn (en), tgt=hin_Deva (hi), text='I would say if the U...'
[DEBUG] FLORES keys: ['en', 'hi', 'ta', 'te', 'ml']... ta in keys: True
[DEBUG] IndicTrans call: src=eng_Latn (en), tgt=hin_Deva (hi), text='I would say if the U...'
[DEBUG] FLORES keys: ['en', 'hi', 'ta', 'te', 'ml']... ta in keys: True
[DEBUG] IndicTrans call: src=eng_Latn (en), tgt=hin_Deva (hi), text='I would say if the U...'
[DEBUG] FLORES keys: ['en', 'hi', 'ta', 'te', 'ml']... ta in keys: True
[DEBUG] IndicTrans call: src=eng_Latn (en), tgt=hin_Deva (hi), text='I would say if the U...'
[DEBUG] FLORES keys: ['en', 'hi', 'ta', 'te', 'ml']... ta in keys: True
[DEBUG] IndicTrans call: src=eng_Latn (en), tgt=hin_Deva (hi), text='Dast scanner now tha...'
[DEBUG] FLORES keys: ['en', 'hi', 'ta', 'te', 'ml']... ta in keys: True
[DEBUG] IndicTrans call: src=eng_Latn (en), tgt=hin_Deva (hi), text='Dast, scanner now th...'
[DEBUG] FLORES keys: ['en', 'hi', 'ta', 'te', 'ml']... ta in keys: True
[DEBUG] IndicTrans call: src=eng_Latn (en), tgt=hin_Deva (hi), text='today....'
[DEBUG] FLORES keys: ['en', 'hi', 'ta', 'te', 'ml']... ta in keys: True
[DEBUG] IndicTrans call: src=eng_Latn (en), tgt=hin_Deva (hi), text='today. We're obvious...'
[DEBUG] FLORES keys: ['en', 'hi', 'ta', 'te', 'ml']... ta in keys: True
[DEBUG] IndicTrans call: src=eng_Latn (en), tgt=hin_Deva (hi), text='today. We're obvious...'
[DEBUG] FLORES keys: ['en', 'hi', 'ta', 'te', 'ml']... ta in keys: True
[DEBUG] IndicTrans call: src=eng_Latn (en), tgt=hin_Deva (hi), text='today. We're obvious...'
[DEBUG] FLORES keys: ['en', 'hi', 'ta', 'te', 'ml']... ta in keys: True
[DEBUG] IndicTrans call: src=eng_Latn (en), tgt=hin_Deva (hi), text='You from a handful o...'
[DEBUG] FLORES keys: ['en', 'hi', 'ta', 'te', 'ml']... ta in keys: True
[DEBUG] IndicTrans call: src=eng_Latn (en), tgt=hin_Deva (hi), text='You from a handful o...'
[DEBUG] FLORES keys: ['en', 'hi', 'ta', 'te', 'ml']... ta in keys: True
[DEBUG] IndicTrans call: src=eng_Latn (en), tgt=hin_Deva (hi), text='You from a handful o...'
[DEBUG] FLORES keys: ['en', 'hi', 'ta', 'te', 'ml']... ta in keys: True
[DEBUG] IndicTrans call: src=eng_Latn (en), tgt=hin_Deva (hi), text='Rising...'
[DEBUG] FLORES keys: ['en', 'hi', 'ta', 'te', 'ml']... ta in keys: True
[DEBUG] IndicTrans call: src=eng_Latn (en), tgt=hin_Deva (hi), text='rising. It's not jus...'
[DEBUG] FLORES keys: ['en', 'hi', 'ta', 'te', 'ml']... ta in keys: True
[DEBUG] IndicTrans call: src=eng_Latn (en), tgt=hin_Deva (hi), text='rising. It's not jus...'
[DEBUG] FLORES keys: ['en', 'hi', 'ta', 'te', 'ml']... ta in keys: True
[DEBUG] IndicTrans call: src=eng_Latn (en), tgt=hin_Deva (hi), text='rising. It's not jus...'
[DEBUG] FLORES keys: ['en', 'hi', 'ta', 'te', 'ml']... ta in keys: True
[DEBUG] IndicTrans call: src=eng_Latn (en), tgt=hin_Deva (hi), text='not be able to avoid...'
[DEBUG] FLORES keys: ['en', 'hi', 'ta', 'te', 'ml']... ta in keys: True
[DEBUG] IndicTrans call: src=eng_Latn (en), tgt=hin_Deva (hi), text='not be able to avoid...'
[DEBUG] FLORES keys: ['en', 'hi', 'ta', 'te', 'ml']... ta in keys: True
[DEBUG] IndicTrans call: src=eng_Latn (en), tgt=hin_Deva (hi), text='not be able to avoid...'
[DEBUG] FLORES keys: ['en', 'hi', 'ta', 'te', 'ml']... ta in keys: True
[DEBUG] IndicTrans call: src=eng_Latn (en), tgt=hin_Deva (hi), text='not be able to avoid...'
[DEBUG] FLORES keys: ['en', 'hi', 'ta', 'te', 'ml']... ta in keys: True
[DEBUG] IndicTrans call: src=eng_Latn (en), tgt=hin_Deva (hi), text='not be able to avoid...'
[DEBUG] FLORES keys: ['en', 'hi', 'ta', 'te', 'ml']... ta in keys: True
[DEBUG] IndicTrans call: src=eng_Latn (en), tgt=hin_Deva (hi), text='Just disappearing ba...'
[DEBUG] FLORES keys: ['en', 'hi', 'ta', 'te', 'ml']... ta in keys: True
[DEBUG] IndicTrans call: src=eng_Latn (en), tgt=hin_Deva (hi), text='Just disappearing ba...'
[DEBUG] FLORES keys: ['en', 'hi', 'ta', 'te', 'ml']... ta in keys: True
[DEBUG] IndicTrans call: src=eng_Latn (en), tgt=hin_Deva (hi), text='just disappearing, b...'
[DEBUG] FLORES keys: ['en', 'hi', 'ta', 'te', 'ml']... ta in keys: True
[DEBUG] IndicTrans call: src=eng_Latn (en), tgt=hin_Deva (hi), text='just disappearing ba...'
[DEBUG] FLORES keys: ['en', 'hi', 'ta', 'te', 'ml']... ta in keys: True
[DEBUG] IndicTrans call: src=eng_Latn (en), tgt=hin_Deva (hi), text='just disappearing ba...'
[DEBUG] FLORES keys: ['en', 'hi', 'ta', 'te', 'ml']... ta in keys: True
[DEBUG] IndicTrans call: src=eng_Latn (en), tgt=hin_Deva (hi), text='You know, it's inter...'
[DEBUG] FLORES keys: ['en', 'hi', 'ta', 'te', 'ml']... ta in keys: True
[DEBUG] IndicTrans call: src=eng_Latn (en), tgt=mar_Deva (mr), text='Could just be......'
[DEBUG] FLORES keys: ['en', 'hi', 'ta', 'te', 'ml']... ta in keys: True
[DEBUG] IndicTrans call: src=eng_Latn (en), tgt=mar_Deva (mr), text='could just be a...'
[DEBUG] FLORES keys: ['en', 'hi', 'ta', 'te', 'ml']... ta in keys: True
[DEBUG] IndicTrans call: src=eng_Latn (en), tgt=mar_Deva (mr), text='could just be uprigh...'
[DEBUG] FLORES keys: ['en', 'hi', 'ta', 'te', 'ml']... ta in keys: True
[DEBUG] IndicTrans call: src=eng_Latn (en), tgt=mar_Deva (mr), text='could just be uprigh...'
[DEBUG] FLORES keys: ['en', 'hi', 'ta', 'te', 'ml']... ta in keys: True
[DEBUG] IndicTrans call: src=eng_Latn (en), tgt=mar_Deva (mr), text='could just be up lik...'
[DEBUG] FLORES keys: ['en', 'hi', 'ta', 'te', 'ml']... ta in keys: True
[DEBUG] IndicTrans call: src=eng_Latn (en), tgt=mar_Deva (mr), text='could just be up lik...'
[DEBUG] FLORES keys: ['en', 'hi', 'ta', 'te', 'ml']... ta in keys: True
[DEBUG] IndicTrans call: src=eng_Latn (en), tgt=mar_Deva (mr), text='and it's here in Cal...'
[DEBUG] FLORES keys: ['en', 'hi', 'ta', 'te', 'ml']... ta in keys: True
[DEBUG] IndicTrans call: src=eng_Latn (en), tgt=mar_Deva (mr), text='and it's here in Cal...'
[DEBUG] FLORES keys: ['en', 'hi', 'ta', 'te', 'ml']... ta in keys: True
[DEBUG] IndicTrans call: src=eng_Latn (en), tgt=mar_Deva (mr), text='and it's here in Cal...'
[DEBUG] FLORES keys: ['en', 'hi', 'ta', 'te', 'ml']... ta in keys: True
[DEBUG] IndicTrans call: src=eng_Latn (en), tgt=mar_Deva (mr), text='and it's here in Cal...'
[DEBUG] FLORES keys: ['en', 'hi', 'ta', 'te', 'ml']... ta in keys: True
[DEBUG] IndicTrans call: src=eng_Latn (en), tgt=hin_Deva (hi), text='I'm so clear....'
[DEBUG] FLORES keys: ['en', 'hi', 'ta', 'te', 'ml']... ta in keys: True
[DEBUG] IndicTrans call: src=eng_Latn (en), tgt=hin_Deva (hi), text='You so think about i...'
[DEBUG] FLORES keys: ['en', 'hi', 'ta', 'te', 'ml']... ta in keys: True
[DEBUG] IndicTrans call: src=eng_Latn (en), tgt=hin_Deva (hi), text='something about it t...'
[DEBUG] FLORES keys: ['en', 'hi', 'ta', 'te', 'ml']... ta in keys: True
[DEBUG] IndicTrans call: src=eng_Latn (en), tgt=hin_Deva (hi), text='something about it t...'
[DEBUG] FLORES keys: ['en', 'hi', 'ta', 'te', 'ml']... ta in keys: True
[DEBUG] IndicTrans call: src=eng_Latn (en), tgt=hin_Deva (hi), text='something about it t...'
[DEBUG] FLORES keys: ['en', 'hi', 'ta', 'te', 'ml']... ta in keys: True
[DEBUG] IndicTrans call: src=eng_Latn (en), tgt=urd_Arab (ur), text='It's......'
[DEBUG] FLORES keys: ['en', 'hi', 'ta', 'te', 'ml']... ta in keys: True
[DEBUG] IndicTrans call: src=eng_Latn (en), tgt=hin_Deva (hi), text='something about it t...'
[DEBUG] FLORES keys: ['en', 'hi', 'ta', 'te', 'ml']... ta in keys: True
[DEBUG] IndicTrans call: src=eng_Latn (en), tgt=urd_Arab (ur), text='It's......'
[DEBUG] FLORES keys: ['en', 'hi', 'ta', 'te', 'ml']... ta in keys: True
[DEBUG] IndicTrans call: src=eng_Latn (en), tgt=urd_Arab (ur), text='It's a live source f...'
[DEBUG] FLORES keys: ['en', 'hi', 'ta', 'te', 'ml']... ta in keys: True
[DEBUG] IndicTrans call: src=eng_Latn (en), tgt=urd_Arab (ur), text='it's a live source f...'
[DEBUG] FLORES keys: ['en', 'hi', 'ta', 'te', 'ml']... ta in keys: True
[DEBUG] IndicTrans call: src=eng_Latn (en), tgt=urd_Arab (ur), text='It's a life source f...'
[DEBUG] FLORES keys: ['en', 'hi', 'ta', 'te', 'ml']... ta in keys: True
[DEBUG] IndicTrans call: src=eng_Latn (en), tgt=urd_Arab (ur), text='It's a life source f...'
[DEBUG] FLORES keys: ['en', 'hi', 'ta', 'te', 'ml']... ta in keys: True
[DEBUG] IndicTrans call: src=eng_Latn (en), tgt=urd_Arab (ur), text='It's a life source f...'
[DEBUG] FLORES keys: ['en', 'hi', 'ta', 'te', 'ml']... ta in keys: True
[DEBUG] IndicTrans call: src=eng_Latn (en), tgt=kan_Knda (kn), text='Dang....'
[DEBUG] FLORES keys: ['en', 'hi', 'ta', 'te', 'ml']... ta in keys: True
[DEBUG] IndicTrans call: src=eng_Latn (en), tgt=kan_Knda (kn), text='Okay....'
[DEBUG] FLORES keys: ['en', 'hi', 'ta', 'te', 'ml']... ta in keys: True
[DEBUG] IndicTrans call: src=eng_Latn (en), tgt=kan_Knda (kn), text='Um, we do not have a...'
[DEBUG] FLORES keys: ['en', 'hi', 'ta', 'te', 'ml']... ta in keys: True
[DEBUG] IndicTrans call: src=eng_Latn (en), tgt=kan_Knda (kn), text='We do not have a goo...'
[DEBUG] FLORES keys: ['en', 'hi', 'ta', 'te', 'ml']... ta in keys: True
[DEBUG] IndicTrans call: src=eng_Latn (en), tgt=kan_Knda (kn), text='We do not have a goo...'
[DEBUG] FLORES keys: ['en', 'hi', 'ta', 'te', 'ml']... ta in keys: True
[DEBUG] IndicTrans call: src=eng_Latn (en), tgt=kan_Knda (kn), text='Yeah, we are really ...'
[DEBUG] FLORES keys: ['en', 'hi', 'ta', 'te', 'ml']... ta in keys: True
[DEBUG] IndicTrans call: src=eng_Latn (en), tgt=kan_Knda (kn), text='Yeah, we are really ...'
[DEBUG] FLORES keys: ['en', 'hi', 'ta', 'te', 'ml']... ta in keys: True
[DEBUG] IndicTrans call: src=eng_Latn (en), tgt=kan_Knda (kn), text='Yeah, we are really ...'
[DEBUG] FLORES keys: ['en', 'hi', 'ta', 'te', 'ml']... ta in keys: True
[DEBUG] IndicTrans call: src=eng_Latn (en), tgt=hin_Deva (hi), text='You know, it's......'
[DEBUG] FLORES keys: ['en', 'hi', 'ta', 'te', 'ml']... ta in keys: True
[DEBUG] IndicTrans call: src=eng_Latn (en), tgt=kan_Knda (kn), text='Yeah, we are really ...'
[DEBUG] FLORES keys: ['en', 'hi', 'ta', 'te', 'ml']... ta in keys: True
[DEBUG] IndicTrans call: src=eng_Latn (en), tgt=hin_Deva (hi), text='You know, it's......'
[DEBUG] FLORES keys: ['en', 'hi', 'ta', 'te', 'ml']... ta in keys: True
[DEBUG] IndicTrans call: src=eng_Latn (en), tgt=hin_Deva (hi), text='You know, it's 90 de...'
[DEBUG] FLORES keys: ['en', 'hi', 'ta', 'te', 'ml']... ta in keys: True
[DEBUG] IndicTrans call: src=eng_Latn (en), tgt=hin_Deva (hi), text='You know, it's 90 de...'
[DEBUG] FLORES keys: ['en', 'hi', 'ta', 'te', 'ml']... ta in keys: True
[DEBUG] IndicTrans call: src=eng_Latn (en), tgt=hin_Deva (hi), text='You know, it's 90 de...'
[DEBUG] FLORES keys: ['en', 'hi', 'ta', 'te', 'ml']... ta in keys: True
[DEBUG] IndicTrans call: src=eng_Latn (en), tgt=hin_Deva (hi), text='You know, it's 90 de...'
[DEBUG] FLORES keys: ['en', 'hi', 'ta', 'te', 'ml']... ta in keys: True
[DEBUG] IndicTrans call: src=eng_Latn (en), tgt=hin_Deva (hi), text='I'm going to go into...'
[DEBUG] FLORES keys: ['en', 'hi', 'ta', 'te', 'ml']... ta in keys: True
[DEBUG] IndicTrans call: src=eng_Latn (en), tgt=hin_Deva (hi), text='We're on to that.  Y...'
[DEBUG] FLORES keys: ['en', 'hi', 'ta', 'te', 'ml']... ta in keys: True
[DEBUG] IndicTrans call: src=eng_Latn (en), tgt=hin_Deva (hi), text='I'm going to go into...'
[DEBUG] FLORES keys: ['en', 'hi', 'ta', 'te', 'ml']... ta in keys: True
[DEBUG] IndicTrans call: src=eng_Latn (en), tgt=hin_Deva (hi), text='for this....'
[DEBUG] FLORES keys: ['en', 'hi', 'ta', 'te', 'ml']... ta in keys: True
[DEBUG] IndicTrans call: src=eng_Latn (en), tgt=hin_Deva (hi), text='perhaps but yeah abs...'
[DEBUG] FLORES keys: ['en', 'hi', 'ta', 'te', 'ml']... ta in keys: True
[DEBUG] IndicTrans call: src=eng_Latn (en), tgt=hin_Deva (hi), text='And I would say, you...'
[DEBUG] FLORES keys: ['en', 'hi', 'ta', 'te', 'ml']... ta in keys: True
[DEBUG] IndicTrans call: src=eng_Latn (en), tgt=hin_Deva (hi), text='And I would say, you...'
[DEBUG] FLORES keys: ['en', 'hi', 'ta', 'te', 'ml']... ta in keys: True
[DEBUG] IndicTrans call: src=eng_Latn (en), tgt=hin_Deva (hi), text='And I would say, you...'
[DEBUG] FLORES keys: ['en', 'hi', 'ta', 'te', 'ml']... ta in keys: True
[DEBUG] IndicTrans call: src=eng_Latn (en), tgt=hin_Deva (hi), text='And I would say, you...'
[DEBUG] FLORES keys: ['en', 'hi', 'ta', 'te', 'ml']... ta in keys: True
[DEBUG] IndicTrans call: src=eng_Latn (en), tgt=hin_Deva (hi), text='And I would say, you...'
[DEBUG] FLORES keys: ['en', 'hi', 'ta', 'te', 'ml']... ta in keys: True
[DEBUG] IndicTrans call: src=eng_Latn (en), tgt=hin_Deva (hi), text='being charged for th...'
[DEBUG] FLORES keys: ['en', 'hi', 'ta', 'te', 'ml']... ta in keys: True
[DEBUG] IndicTrans call: src=eng_Latn (en), tgt=hin_Deva (hi), text='being charged for th...'
[DEBUG] FLORES keys: ['en', 'hi', 'ta', 'te', 'ml']... ta in keys: True
[DEBUG] IndicTrans call: src=eng_Latn (en), tgt=hin_Deva (hi), text='being charged for th...'
[DEBUG] FLORES keys: ['en', 'hi', 'ta', 'te', 'ml']... ta in keys: True
[DEBUG] IndicTrans call: src=eng_Latn (en), tgt=hin_Deva (hi), text='Right?  Um, you know...'
[DEBUG] FLORES keys: ['en', 'hi', 'ta', 'te', 'ml']... ta in keys: True
[DEBUG] IndicTrans call: src=eng_Latn (en), tgt=hin_Deva (hi), text='Right?  You know, to...'
[DEBUG] FLORES keys: ['en', 'hi', 'ta', 'te', 'ml']... ta in keys: True
[DEBUG] IndicTrans call: src=eng_Latn (en), tgt=hin_Deva (hi), text='Right?  You know, to...'
[DEBUG] FLORES keys: ['en', 'hi', 'ta', 'te', 'ml']... ta in keys: True
[DEBUG] IndicTrans call: src=eng_Latn (en), tgt=hin_Deva (hi), text='Right?  Um, you know...'
[DEBUG] FLORES keys: ['en', 'hi', 'ta', 'te', 'ml']... ta in keys: True
[DEBUG] IndicTrans call: src=eng_Latn (en), tgt=hin_Deva (hi), text='right? You know, to ...'
[DEBUG] FLORES keys: ['en', 'hi', 'ta', 'te', 'ml']... ta in keys: True
[DEBUG] IndicTrans call: src=eng_Latn (en), tgt=hin_Deva (hi), text='that actually will p...'
[DEBUG] FLORES keys: ['en', 'hi', 'ta', 'te', 'ml']... ta in keys: True
[DEBUG] IndicTrans call: src=eng_Latn (en), tgt=hin_Deva (hi), text='that actually will p...'
[DEBUG] FLORES keys: ['en', 'hi', 'ta', 'te', 'ml']... ta in keys: True
[DEBUG] IndicTrans call: src=eng_Latn (en), tgt=hin_Deva (hi), text='that actually will p...'
[DEBUG] FLORES keys: ['en', 'hi', 'ta', 'te', 'ml']... ta in keys: True
[DEBUG] IndicTrans call: src=eng_Latn (en), tgt=hin_Deva (hi), text='Then we have each ch...'
[DEBUG] FLORES keys: ['en', 'hi', 'ta', 'te', 'ml']... ta in keys: True
[DEBUG] IndicTrans call: src=eng_Latn (en), tgt=hin_Deva (hi), text='Then we have each ch...'
[DEBUG] FLORES keys: ['en', 'hi', 'ta', 'te', 'ml']... ta in keys: True
[DEBUG] IndicTrans call: src=eng_Latn (en), tgt=hin_Deva (hi), text='Then we have each ch...'
[DEBUG] FLORES keys: ['en', 'hi', 'ta', 'te', 'ml']... ta in keys: True
[DEBUG] IndicTrans call: src=eng_Latn (en), tgt=hin_Deva (hi), text='The language or the ...'
[DEBUG] FLORES keys: ['en', 'hi', 'ta', 'te', 'ml']... ta in keys: True
[DEBUG] IndicTrans call: src=eng_Latn (en), tgt=hin_Deva (hi), text='The language or the ...'
[DEBUG] FLORES keys: ['en', 'hi', 'ta', 'te', 'ml']... ta in keys: True
[DEBUG] IndicTrans call: src=eng_Latn (en), tgt=hin_Deva (hi), text='The language or the ...'
[DEBUG] FLORES keys: ['en', 'hi', 'ta', 'te', 'ml']... ta in keys: True
[DEBUG] IndicTrans call: src=eng_Latn (en), tgt=hin_Deva (hi), text='The land branch or t...'
[DEBUG] FLORES keys: ['en', 'hi', 'ta', 'te', 'ml']... ta in keys: True
[DEBUG] IndicTrans call: src=eng_Latn (en), tgt=hin_Deva (hi), text='The landwrench or th...'
[DEBUG] FLORES keys: ['en', 'hi', 'ta', 'te', 'ml']... ta in keys: True
[DEBUG] IndicTrans call: src=eng_Latn (en), tgt=hin_Deva (hi), text='and rip rip one...'
[DEBUG] FLORES keys: ['en', 'hi', 'ta', 'te', 'ml']... ta in keys: True
[DEBUG] IndicTrans call: src=eng_Latn (en), tgt=hin_Deva (hi), text='And which one? Which...'
[DEBUG] FLORES keys: ['en', 'hi', 'ta', 'te', 'ml']... ta in keys: True
[DEBUG] IndicTrans call: src=eng_Latn (en), tgt=hin_Deva (hi), text='And which one, which...'
[DEBUG] FLORES keys: ['en', 'hi', 'ta', 'te', 'ml']... ta in keys: True
[DEBUG] IndicTrans call: src=eng_Latn (en), tgt=hin_Deva (hi), text='And which would end ...'
[DEBUG] FLORES keys: ['en', 'hi', 'ta', 'te', 'ml']... ta in keys: True
[DEBUG] IndicTrans call: src=eng_Latn (en), tgt=hin_Deva (hi), text='And which would end ...'
[DEBUG] FLORES keys: ['en', 'hi', 'ta', 'te', 'ml']... ta in keys: True
[DEBUG] IndicTrans call: src=eng_Latn (en), tgt=hin_Deva (hi), text='And which would end ...'
[DEBUG] FLORES keys: ['en', 'hi', 'ta', 'te', 'ml']... ta in keys: True
[DEBUG] IndicTrans call: src=eng_Latn (en), tgt=hin_Deva (hi), text='And which would end ...'
[DEBUG] FLORES keys: ['en', 'hi', 'ta', 'te', 'ml']... ta in keys: True
[DEBUG] IndicTrans call: src=eng_Latn (en), tgt=hin_Deva (hi), text='The destination elem...'
[DEBUG] FLORES keys: ['en', 'hi', 'ta', 'te', 'ml']... ta in keys: True
[DEBUG] IndicTrans call: src=eng_Latn (en), tgt=hin_Deva (hi), text='The destination elem...'
[DEBUG] FLORES keys: ['en', 'hi', 'ta', 'te', 'ml']... ta in keys: True
[DEBUG] IndicTrans call: src=eng_Latn (en), tgt=hin_Deva (hi), text='The destination elem...'
[DEBUG] FLORES keys: ['en', 'hi', 'ta', 'te', 'ml']... ta in keys: True
[DEBUG] IndicTrans call: src=eng_Latn (en), tgt=hin_Deva (hi), text='The destination elem...'
[DEBUG] FLORES keys: ['en', 'hi', 'ta', 'te', 'ml']... ta in keys: True
[DEBUG] IndicTrans call: src=eng_Latn (en), tgt=hin_Deva (hi), text='The destination elem...'
[DEBUG] FLORES keys: ['en', 'hi', 'ta', 'te', 'ml']... ta in keys: True
[DEBUG] IndicTrans call: src=eng_Latn (en), tgt=hin_Deva (hi), text='a formal destination...'
[DEBUG] FLORES keys: ['en', 'hi', 'ta', 'te', 'ml']... ta in keys: True
[DEBUG] IndicTrans call: src=eng_Latn (en), tgt=hin_Deva (hi), text='These are all......'
[DEBUG] FLORES keys: ['en', 'hi', 'ta', 'te', 'ml']... ta in keys: True
[DEBUG] IndicTrans call: src=eng_Latn (en), tgt=hin_Deva (hi), text='These are all concer...'
[DEBUG] FLORES keys: ['en', 'hi', 'ta', 'te', 'ml']... ta in keys: True
[DEBUG] IndicTrans call: src=eng_Latn (en), tgt=hin_Deva (hi), text='These are all concer...'
[DEBUG] FLORES keys: ['en', 'hi', 'ta', 'te', 'ml']... ta in keys: True
[DEBUG] IndicTrans call: src=eng_Latn (en), tgt=hin_Deva (hi), text='These are all concer...'
[DEBUG] FLORES keys: ['en', 'hi', 'ta', 'te', 'ml']... ta in keys: True
[DEBUG] IndicTrans call: src=eng_Latn (en), tgt=hin_Deva (hi), text='effort by the trust ...'
[DEBUG] FLORES keys: ['en', 'hi', 'ta', 'te', 'ml']... ta in keys: True
[DEBUG] IndicTrans call: src=eng_Latn (en), tgt=hin_Deva (hi), text='effort by the trust ...'
[DEBUG] FLORES keys: ['en', 'hi', 'ta', 'te', 'ml']... ta in keys: True
[DEBUG] IndicTrans call: src=eng_Latn (en), tgt=hin_Deva (hi), text='effort by the trust ...'
[DEBUG] FLORES keys: ['en', 'hi', 'ta', 'te', 'ml']... ta in keys: True
[DEBUG] IndicTrans call: src=eng_Latn (en), tgt=hin_Deva (hi), text='effort by the trust ...'
[DEBUG] FLORES keys: ['en', 'hi', 'ta', 'te', 'ml']... ta in keys: True
[DEBUG] IndicTrans call: src=eng_Latn (en), tgt=hin_Deva (hi), text='effort by the trust ...'
[DEBUG] FLORES keys: ['en', 'hi', 'ta', 'te', 'ml']... ta in keys: True
[DEBUG] IndicTrans call: src=eng_Latn (en), tgt=hin_Deva (hi), text='effort by the trust ...'
[DEBUG] FLORES keys: ['en', 'hi', 'ta', 'te', 'ml']... ta in keys: True
[DEBUG] IndicTrans call: src=eng_Latn (en), tgt=hin_Deva (hi), text='effort by the trust ...'
[DEBUG] FLORES keys: ['en', 'hi', 'ta', 'te', 'ml']... ta in keys: True
[DEBUG] IndicTrans call: src=eng_Latn (en), tgt=hin_Deva (hi), text='from the board and t...'
[DEBUG] FLORES keys: ['en', 'hi', 'ta', 'te', 'ml']... ta in keys: True
[DEBUG] IndicTrans call: src=eng_Latn (en), tgt=hin_Deva (hi), text='from the board and s...'
[DEBUG] FLORES keys: ['en', 'hi', 'ta', 'te', 'ml']... ta in keys: True
[DEBUG] IndicTrans call: src=eng_Latn (en), tgt=hin_Deva (hi), text='from the board and s...'
[DEBUG] FLORES keys: ['en', 'hi', 'ta', 'te', 'ml']... ta in keys: True
[DEBUG] IndicTrans call: src=eng_Latn (en), tgt=hin_Deva (hi), text='from the board and t...'
[DEBUG] FLORES keys: ['en', 'hi', 'ta', 'te', 'ml']... ta in keys: True
[DEBUG] IndicTrans call: src=eng_Latn (en), tgt=hin_Deva (hi), text='from the board and t...'
[DEBUG] FLORES keys: ['en', 'hi', 'ta', 'te', 'ml']... ta in keys: True
[DEBUG] IndicTrans call: src=eng_Latn (en), tgt=hin_Deva (hi), text='ending project...'
[DEBUG] FLORES keys: ['en', 'hi', 'ta', 'te', 'ml']... ta in keys: True
[DEBUG] IndicTrans call: src=eng_Latn (en), tgt=hin_Deva (hi), text='and the projects.  I...'
[DEBUG] FLORES keys: ['en', 'hi', 'ta', 'te', 'ml']... ta in keys: True
[DEBUG] IndicTrans call: src=eng_Latn (en), tgt=hin_Deva (hi), text='and the projects.  I...'
[DEBUG] FLORES keys: ['en', 'hi', 'ta', 'te', 'ml']... ta in keys: True
[DEBUG] IndicTrans call: src=eng_Latn (en), tgt=hin_Deva (hi), text='Stand back....'
[DEBUG] FLORES keys: ['en', 'hi', 'ta', 'te', 'ml']... ta in keys: True
[DEBUG] IndicTrans call: src=eng_Latn (en), tgt=hin_Deva (hi), text='Dandy, can you just ...'
[DEBUG] FLORES keys: ['en', 'hi', 'ta', 'te', 'ml']... ta in keys: True
[DEBUG] IndicTrans call: src=eng_Latn (en), tgt=hin_Deva (hi), text='Stand there. Can you...'
[DEBUG] FLORES keys: ['en', 'hi', 'ta', 'te', 'ml']... ta in keys: True
[DEBUG] IndicTrans call: src=eng_Latn (en), tgt=hin_Deva (hi), text='Dan, can you just gi...'
[DEBUG] FLORES keys: ['en', 'hi', 'ta', 'te', 'ml']... ta in keys: True
[DEBUG] IndicTrans call: src=eng_Latn (en), tgt=hin_Deva (hi), text='Stand there. Can you...'
[DEBUG] FLORES keys: ['en', 'hi', 'ta', 'te', 'ml']... ta in keys: True
[DEBUG] IndicTrans call: src=eng_Latn (en), tgt=hin_Deva (hi), text='Stand there. Can you...'
[DEBUG] FLORES keys: ['en', 'hi', 'ta', 'te', 'ml']... ta in keys: True
[DEBUG] IndicTrans call: src=eng_Latn (en), tgt=hin_Deva (hi), text='uh, canber  Food ban...'
[DEBUG] FLORES keys: ['en', 'hi', 'ta', 'te', 'ml']... ta in keys: True
[DEBUG] IndicTrans call: src=eng_Latn (en), tgt=hin_Deva (hi), text='uh Cambridge Food Ba...'
[DEBUG] FLORES keys: ['en', 'hi', 'ta', 'te', 'ml']... ta in keys: True
[DEBUG] IndicTrans call: src=eng_Latn (en), tgt=hin_Deva (hi), text='I mean, it's...'
[DEBUG] FLORES keys: ['en', 'hi', 'ta', 'te', 'ml']... ta in keys: True
[DEBUG] IndicTrans call: src=eng_Latn (en), tgt=hin_Deva (hi), text='Tommy, it's the......'
[DEBUG] FLORES keys: ['en', 'hi', 'ta', 'te', 'ml']... ta in keys: True
[DEBUG] IndicTrans call: src=eng_Latn (en), tgt=hin_Deva (hi), text='It's the churches, t...'
[DEBUG] FLORES keys: ['en', 'hi', 'ta', 'te', 'ml']... ta in keys: True
[DEBUG] IndicTrans call: src=eng_Latn (en), tgt=hin_Deva (hi), text='It's the churches, t...'
[DEBUG] FLORES keys: ['en', 'hi', 'ta', 'te', 'ml']... ta in keys: True
[DEBUG] IndicTrans call: src=eng_Latn (en), tgt=hin_Deva (hi), text='It's the churches, t...'
[DEBUG] FLORES keys: ['en', 'hi', 'ta', 'te', 'ml']... ta in keys: True
[DEBUG] IndicTrans call: src=eng_Latn (en), tgt=hin_Deva (hi), text='the Citizens and Vic...'
[DEBUG] FLORES keys: ['en', 'hi', 'ta', 'te', 'ml']... ta in keys: True
[DEBUG] IndicTrans call: src=eng_Latn (en), tgt=hin_Deva (hi), text='The Citizens Advice ...'
[DEBUG] FLORES keys: ['en', 'hi', 'ta', 'te', 'ml']... ta in keys: True
[DEBUG] IndicTrans call: src=eng_Latn (en), tgt=hin_Deva (hi), text='The Citizens Advice ...'
[DEBUG] FLORES keys: ['en', 'hi', 'ta', 'te', 'ml']... ta in keys: True
[DEBUG] IndicTrans call: src=eng_Latn (en), tgt=hin_Deva (hi), text='the Citizens Advice ...'
[DEBUG] FLORES keys: ['en', 'hi', 'ta', 'te', 'ml']... ta in keys: True
[DEBUG] IndicTrans call: src=eng_Latn (en), tgt=hin_Deva (hi), text='The Citizens Advice ...'
[DEBUG] FLORES keys: ['en', 'hi', 'ta', 'te', 'ml']... ta in keys: True
[DEBUG] IndicTrans call: src=eng_Latn (en), tgt=hin_Deva (hi), text='The Citizens Advice ...'
[DEBUG] FLORES keys: ['en', 'hi', 'ta', 'te', 'ml']... ta in keys: True
[DEBUG] IndicTrans call: src=eng_Latn (en), tgt=hin_Deva (hi), text='The Citizens Advice ...'
[DEBUG] FLORES keys: ['en', 'hi', 'ta', 'te', 'ml']... ta in keys: True
[DEBUG] IndicTrans call: src=eng_Latn (en), tgt=hin_Deva (hi), text='The Citizens Advice ...'
[DEBUG] FLORES keys: ['en', 'hi', 'ta', 'te', 'ml']... ta in keys: True
[DEBUG] IndicTrans call: src=eng_Latn (en), tgt=hin_Deva (hi), text='Thank you....'
[DEBUG] FLORES keys: ['en', 'hi', 'ta', 'te', 'ml']... ta in keys: True
[DEBUG] IndicTrans call: src=eng_Latn (en), tgt=hin_Deva (hi), text='Thank you very much ...'
[DEBUG] FLORES keys: ['en', 'hi', 'ta', 'te', 'ml']... ta in keys: True
[DEBUG] IndicTrans call: src=eng_Latn (en), tgt=hin_Deva (hi), text='Thank you very much ...'
[DEBUG] FLORES keys: ['en', 'hi', 'ta', 'te', 'ml']... ta in keys: True
[DEBUG] IndicTrans call: src=eng_Latn (en), tgt=hin_Deva (hi), text='Thank you very much ...'
[DEBUG] FLORES keys: ['en', 'hi', 'ta', 'te', 'ml']... ta in keys: True
[DEBUG] IndicTrans call: src=eng_Latn (en), tgt=hin_Deva (hi), text='Thank you very much ...'
[DEBUG] FLORES keys: ['en', 'hi', 'ta', 'te', 'ml']... ta in keys: True
[DEBUG] IndicTrans call: src=eng_Latn (en), tgt=hin_Deva (hi), text='Thank you very much ...'
[DEBUG] FLORES keys: ['en', 'hi', 'ta', 'te', 'ml']... ta in keys: True
[DEBUG] IndicTrans call: src=eng_Latn (en), tgt=hin_Deva (hi), text='Thank you very much ...'
[DEBUG] FLORES keys: ['en', 'hi', 'ta', 'te', 'ml']... ta in keys: True
[DEBUG] IndicTrans call: src=eng_Latn (en), tgt=hin_Deva (hi), text='John, you have your ...'
[DEBUG] FLORES keys: ['en', 'hi', 'ta', 'te', 'ml']... ta in keys: True
[DEBUG] IndicTrans call: src=eng_Latn (en), tgt=hin_Deva (hi), text='A jump you have your...'
[DEBUG] FLORES keys: ['en', 'hi', 'ta', 'te', 'ml']... ta in keys: True
[DEBUG] IndicTrans call: src=eng_Latn (en), tgt=hin_Deva (hi), text='A jump you have your...'
[DEBUG] FLORES keys: ['en', 'hi', 'ta', 'te', 'ml']... ta in keys: True
[DEBUG] IndicTrans call: src=eng_Latn (en), tgt=hin_Deva (hi), text='A jump you have your...'
[DEBUG] FLORES keys: ['en', 'hi', 'ta', 'te', 'ml']... ta in keys: True
[DEBUG] IndicTrans call: src=eng_Latn (en), tgt=hin_Deva (hi), text='A jump you have your...'
[DEBUG] FLORES keys: ['en', 'hi', 'ta', 'te', 'ml']... ta in keys: True
[DEBUG] IndicTrans call: src=eng_Latn (en), tgt=hin_Deva (hi), text='John, you have your ...'
[DEBUG] FLORES keys: ['en', 'hi', 'ta', 'te', 'ml']... ta in keys: True
[DEBUG] IndicTrans call: src=eng_Latn (en), tgt=hin_Deva (hi), text='The reverse of impec...'
[DEBUG] FLORES keys: ['en', 'hi', 'ta', 'te', 'ml']... ta in keys: True
[DEBUG] IndicTrans call: src=eng_Latn (en), tgt=hin_Deva (hi), text='The reverse of impec...'
[DEBUG] FLORES keys: ['en', 'hi', 'ta', 'te', 'ml']... ta in keys: True
[DEBUG] IndicTrans call: src=eng_Latn (en), tgt=hin_Deva (hi), text='I feel free....'
[DEBUG] FLORES keys: ['en', 'hi', 'ta', 'te', 'ml']... ta in keys: True
[DEBUG] IndicTrans call: src=eng_Latn (en), tgt=hin_Deva (hi), text='The castle already r...'
[DEBUG] FLORES keys: ['en', 'hi', 'ta', 'te', 'ml']... ta in keys: True
[DEBUG] IndicTrans call: src=eng_Latn (en), tgt=hin_Deva (hi), text='The castle already r...'
[DEBUG] FLORES keys: ['en', 'hi', 'ta', 'te', 'ml']... ta in keys: True
[DEBUG] IndicTrans call: src=eng_Latn (en), tgt=hin_Deva (hi), text='the castle already r...'
[DEBUG] FLORES keys: ['en', 'hi', 'ta', 'te', 'ml']... ta in keys: True
[DEBUG] IndicTrans call: src=eng_Latn (en), tgt=hin_Deva (hi), text='The President alread...'
[DEBUG] FLORES keys: ['en', 'hi', 'ta', 'te', 'ml']... ta in keys: True
[DEBUG] IndicTrans call: src=eng_Latn (en), tgt=hin_Deva (hi), text='I just not, not in t...'
[DEBUG] FLORES keys: ['en', 'hi', 'ta', 'te', 'ml']... ta in keys: True
[DEBUG] IndicTrans call: src=eng_Latn (en), tgt=hin_Deva (hi), text='I just not, not in t...'
[DEBUG] FLORES keys: ['en', 'hi', 'ta', 'te', 'ml']... ta in keys: True
[DEBUG] IndicTrans call: src=eng_Latn (en), tgt=hin_Deva (hi), text='I just not, not in t...'
[DEBUG] FLORES keys: ['en', 'hi', 'ta', 'te', 'ml']... ta in keys: True
[DEBUG] IndicTrans call: src=eng_Latn (en), tgt=hin_Deva (hi), text='I just not, not in t...'
[DEBUG] FLORES keys: ['en', 'hi', 'ta', 'te', 'ml']... ta in keys: True
[DEBUG] IndicTrans call: src=eng_Latn (en), tgt=hin_Deva (hi), text='and not freeze more ...'
[DEBUG] FLORES keys: ['en', 'hi', 'ta', 'te', 'ml']... ta in keys: True
[DEBUG] IndicTrans call: src=eng_Latn (en), tgt=hin_Deva (hi), text='and Muffries Board r...'
[DEBUG] FLORES keys: ['en', 'hi', 'ta', 'te', 'ml']... ta in keys: True
[DEBUG] IndicTrans call: src=eng_Latn (en), tgt=hin_Deva (hi), text='And Muffry's more go...'
[DEBUG] FLORES keys: ['en', 'hi', 'ta', 'te', 'ml']... ta in keys: True
[DEBUG] IndicTrans call: src=eng_Latn (en), tgt=hin_Deva (hi), text='And my friends more ...'
[DEBUG] FLORES keys: ['en', 'hi', 'ta', 'te', 'ml']... ta in keys: True
[DEBUG] IndicTrans call: src=eng_Latn (en), tgt=hin_Deva (hi), text='And my friends will ...'
[DEBUG] FLORES keys: ['en', 'hi', 'ta', 'te', 'ml']... ta in keys: True
[DEBUG] IndicTrans call: src=eng_Latn (en), tgt=hin_Deva (hi), text='first and second but...'
[DEBUG] FLORES keys: ['en', 'hi', 'ta', 'te', 'ml']... ta in keys: True
[DEBUG] IndicTrans call: src=eng_Latn (en), tgt=hin_Deva (hi), text='first and second, bu...'
[DEBUG] FLORES keys: ['en', 'hi', 'ta', 'te', 'ml']... ta in keys: True
[DEBUG] IndicTrans call: src=eng_Latn (en), tgt=hin_Deva (hi), text='first and second, bu...'
[DEBUG] FLORES keys: ['en', 'hi', 'ta', 'te', 'ml']... ta in keys: True
[DEBUG] IndicTrans call: src=eng_Latn (en), tgt=hin_Deva (hi), text='first and second, bu...'
[DEBUG] FLORES keys: ['en', 'hi', 'ta', 'te', 'ml']... ta in keys: True
[DEBUG] IndicTrans call: src=eng_Latn (en), tgt=hin_Deva (hi), text='first and second, bu...'
[DEBUG] FLORES keys: ['en', 'hi', 'ta', 'te', 'ml']... ta in keys: True
[DEBUG] IndicTrans call: src=eng_Latn (en), tgt=hin_Deva (hi), text='until we've seen the...'
[DEBUG] FLORES keys: ['en', 'hi', 'ta', 'te', 'ml']... ta in keys: True
[DEBUG] IndicTrans call: src=eng_Latn (en), tgt=hin_Deva (hi), text='I'm sorry, I'm sorry...'
[DEBUG] FLORES keys: ['en', 'hi', 'ta', 'te', 'ml']... ta in keys: True
[DEBUG] IndicTrans call: src=eng_Latn (en), tgt=hin_Deva (hi), text='by submissions in th...'
[DEBUG] FLORES keys: ['en', 'hi', 'ta', 'te', 'ml']... ta in keys: True
[DEBUG] IndicTrans call: src=eng_Latn (en), tgt=hin_Deva (hi), text='by submissions in th...'
[DEBUG] FLORES keys: ['en', 'hi', 'ta', 'te', 'ml']... ta in keys: True
[DEBUG] IndicTrans call: src=eng_Latn (en), tgt=hin_Deva (hi), text='by submitters in the...'
[DEBUG] FLORES keys: ['en', 'hi', 'ta', 'te', 'ml']... ta in keys: True
[DEBUG] IndicTrans call: src=eng_Latn (en), tgt=hin_Deva (hi), text='by submitters in the...'
[DEBUG] FLORES keys: ['en', 'hi', 'ta', 'te', 'ml']... ta in keys: True
[DEBUG] IndicTrans call: src=eng_Latn (en), tgt=hin_Deva (hi), text='square away with the...'
[DEBUG] FLORES keys: ['en', 'hi', 'ta', 'te', 'ml']... ta in keys: True
[DEBUG] IndicTrans call: src=eng_Latn (en), tgt=hin_Deva (hi), text='square away with the...'
[DEBUG] FLORES keys: ['en', 'hi', 'ta', 'te', 'ml']... ta in keys: True
[DEBUG] IndicTrans call: src=eng_Latn (en), tgt=hin_Deva (hi), text='square away with the...'
[DEBUG] FLORES keys: ['en', 'hi', 'ta', 'te', 'ml']... ta in keys: True
[DEBUG] IndicTrans call: src=eng_Latn (en), tgt=hin_Deva (hi), text='square away with the...'
[DEBUG] FLORES keys: ['en', 'hi', 'ta', 'te', 'ml']... ta in keys: True
[DEBUG] IndicTrans call: src=eng_Latn (en), tgt=hin_Deva (hi), text='square away with the...'
[DEBUG] FLORES keys: ['en', 'hi', 'ta', 'te', 'ml']... ta in keys: True
[DEBUG] IndicTrans call: src=eng_Latn (en), tgt=hin_Deva (hi), text='square away with the...'
[DEBUG] FLORES keys: ['en', 'hi', 'ta', 'te', 'ml']... ta in keys: True
[DEBUG] IndicTrans call: src=eng_Latn (en), tgt=hin_Deva (hi), text='little pranks.  Yeah...'
[DEBUG] FLORES keys: ['en', 'hi', 'ta', 'te', 'ml']... ta in keys: True
[DEBUG] IndicTrans call: src=eng_Latn (en), tgt=hin_Deva (hi), text='an approach.  Give a...'
[DEBUG] FLORES keys: ['en', 'hi', 'ta', 'te', 'ml']... ta in keys: True
[DEBUG] IndicTrans call: src=eng_Latn (en), tgt=hin_Deva (hi), text='It'll approach.  Yea...'
[DEBUG] FLORES keys: ['en', 'hi', 'ta', 'te', 'ml']... ta in keys: True
[DEBUG] IndicTrans call: src=eng_Latn (en), tgt=hin_Deva (hi), text='It'll approach.  Yea...'
[DEBUG] FLORES keys: ['en', 'hi', 'ta', 'te', 'ml']... ta in keys: True
[DEBUG] IndicTrans call: src=eng_Latn (en), tgt=hin_Deva (hi), text='little approach.  Gi...'
[DEBUG] FLORES keys: ['en', 'hi', 'ta', 'te', 'ml']... ta in keys: True
[DEBUG] IndicTrans call: src=eng_Latn (en), tgt=hin_Deva (hi), text='and I hope that you ...'
[DEBUG] FLORES keys: ['en', 'hi', 'ta', 'te', 'ml']... ta in keys: True
[DEBUG] IndicTrans call: src=eng_Latn (en), tgt=hin_Deva (hi), text='Thank you....'
[DEBUG] FLORES keys: ['en', 'hi', 'ta', 'te', 'ml']... ta in keys: True
[DEBUG] IndicTrans call: src=eng_Latn (en), tgt=hin_Deva (hi), text='ordered them by the ...'
[DEBUG] FLORES keys: ['en', 'hi', 'ta', 'te', 'ml']... ta in keys: True
[DEBUG] IndicTrans call: src=eng_Latn (en), tgt=hin_Deva (hi), text='ordered them by the ...'
[DEBUG] FLORES keys: ['en', 'hi', 'ta', 'te', 'ml']... ta in keys: True
[DEBUG] IndicTrans call: src=eng_Latn (en), tgt=hin_Deva (hi), text='ordered them by the ...'
[DEBUG] FLORES keys: ['en', 'hi', 'ta', 'te', 'ml']... ta in keys: True
[DEBUG] IndicTrans call: src=eng_Latn (en), tgt=hin_Deva (hi), text='ordered them by the ...'
[DEBUG] FLORES keys: ['en', 'hi', 'ta', 'te', 'ml']... ta in keys: True
[DEBUG] IndicTrans call: src=eng_Latn (en), tgt=hin_Deva (hi), text='ordered them by the ...'
[DEBUG] FLORES keys: ['en', 'hi', 'ta', 'te', 'ml']... ta in keys: True
[DEBUG] IndicTrans call: src=eng_Latn (en), tgt=hin_Deva (hi), text='ordered them by the ...'
[DEBUG] FLORES keys: ['en', 'hi', 'ta', 'te', 'ml']... ta in keys: True
[DEBUG] IndicTrans call: src=eng_Latn (en), tgt=hin_Deva (hi), text='ordered them by the ...'
[DEBUG] FLORES keys: ['en', 'hi', 'ta', 'te', 'ml']... ta in keys: True
[DEBUG] IndicTrans call: src=eng_Latn (en), tgt=hin_Deva (hi), text='and service delivery...'
[DEBUG] FLORES keys: ['en', 'hi', 'ta', 'te', 'ml']... ta in keys: True
[DEBUG] IndicTrans call: src=eng_Latn (en), tgt=hin_Deva (hi), text='and service delivery...'
[DEBUG] FLORES keys: ['en', 'hi', 'ta', 'te', 'ml']... ta in keys: True
[DEBUG] IndicTrans call: src=eng_Latn (en), tgt=hin_Deva (hi), text='and service delivery...'
[DEBUG] FLORES keys: ['en', 'hi', 'ta', 'te', 'ml']... ta in keys: True
[DEBUG] IndicTrans call: src=eng_Latn (en), tgt=hin_Deva (hi), text='being serviced deliv...'
[DEBUG] FLORES keys: ['en', 'hi', 'ta', 'te', 'ml']... ta in keys: True
[DEBUG] IndicTrans call: src=eng_Latn (en), tgt=hin_Deva (hi), text='being serviced deliv...'
[DEBUG] FLORES keys: ['en', 'hi', 'ta', 'te', 'ml']... ta in keys: True
[DEBUG] IndicTrans call: src=eng_Latn (en), tgt=hin_Deva (hi), text='being serviced deliv...'
[DEBUG] FLORES keys: ['en', 'hi', 'ta', 'te', 'ml']... ta in keys: True
[DEBUG] IndicTrans call: src=eng_Latn (en), tgt=hin_Deva (hi), text='and service delivery...'
[DEBUG] FLORES keys: ['en', 'hi', 'ta', 'te', 'ml']... ta in keys: True
[DEBUG] IndicTrans call: src=eng_Latn (en), tgt=hin_Deva (hi), text='and service delivery...'
[DEBUG] FLORES keys: ['en', 'hi', 'ta', 'te', 'ml']... ta in keys: True
[DEBUG] IndicTrans call: src=eng_Latn (en), tgt=hin_Deva (hi), text='so that needs a gun ...'
[DEBUG] FLORES keys: ['en', 'hi', 'ta', 'te', 'ml']... ta in keys: True
[DEBUG] IndicTrans call: src=eng_Latn (en), tgt=hin_Deva (hi), text='so it needs a gun if...'
[DEBUG] FLORES keys: ['en', 'hi', 'ta', 'te', 'ml']... ta in keys: True
[DEBUG] IndicTrans call: src=eng_Latn (en), tgt=hin_Deva (hi), text='needs a gun if they ...'
[DEBUG] FLORES keys: ['en', 'hi', 'ta', 'te', 'ml']... ta in keys: True
[DEBUG] IndicTrans call: src=eng_Latn (en), tgt=hin_Deva (hi), text='needs to come back a...'
[DEBUG] FLORES keys: ['en', 'hi', 'ta', 'te', 'ml']... ta in keys: True
[DEBUG] IndicTrans call: src=eng_Latn (en), tgt=hin_Deva (hi), text='needs a gun if they ...'
[DEBUG] FLORES keys: ['en', 'hi', 'ta', 'te', 'ml']... ta in keys: True
[DEBUG] IndicTrans call: src=eng_Latn (en), tgt=hin_Deva (hi), text='needs to come back a...'
[DEBUG] FLORES keys: ['en', 'hi', 'ta', 'te', 'ml']... ta in keys: True
[DEBUG] IndicTrans call: src=eng_Latn (en), tgt=hin_Deva (hi), text='Yeah, okay, so I can...'
[DEBUG] FLORES keys: ['en', 'hi', 'ta', 'te', 'ml']... ta in keys: True
[DEBUG] IndicTrans call: src=eng_Latn (en), tgt=hin_Deva (hi), text='Yeah, okay, so can I...'
[DEBUG] FLORES keys: ['en', 'hi', 'ta', 'te', 'ml']... ta in keys: True
[DEBUG] IndicTrans call: src=eng_Latn (en), tgt=hin_Deva (hi), text='Yeah, okay, so can I...'
[DEBUG] FLORES keys: ['en', 'hi', 'ta', 'te', 'ml']... ta in keys: True
[DEBUG] IndicTrans call: src=eng_Latn (en), tgt=hin_Deva (hi), text='Yeah, okay, so can I...'
[DEBUG] FLORES keys: ['en', 'hi', 'ta', 'te', 'ml']... ta in keys: True
[DEBUG] IndicTrans call: src=eng_Latn (en), tgt=hin_Deva (hi), text='Mr. Marlion...'
[DEBUG] FLORES keys: ['en', 'hi', 'ta', 'te', 'ml']... ta in keys: True
[DEBUG] IndicTrans call: src=eng_Latn (en), tgt=hin_Deva (hi), text='Mr. Marlion is out o...'
[DEBUG] FLORES keys: ['en', 'hi', 'ta', 'te', 'ml']... ta in keys: True
[DEBUG] IndicTrans call: src=eng_Latn (en), tgt=hin_Deva (hi), text='Mr. Marlion is out o...'
[DEBUG] FLORES keys: ['en', 'hi', 'ta', 'te', 'ml']... ta in keys: True
[DEBUG] IndicTrans call: src=eng_Latn (en), tgt=hin_Deva (hi), text='Mr. Marlion is out o...'
[DEBUG] FLORES keys: ['en', 'hi', 'ta', 'te', 'ml']... ta in keys: True
[DEBUG] IndicTrans call: src=eng_Latn (en), tgt=hin_Deva (hi), text='Mr. Marlion is out o...'
[DEBUG] FLORES keys: ['en', 'hi', 'ta', 'te', 'ml']... ta in keys: True
[DEBUG] IndicTrans call: src=eng_Latn (en), tgt=hin_Deva (hi), text='Mr. Marlion is out o...'
[DEBUG] FLORES keys: ['en', 'hi', 'ta', 'te', 'ml']... ta in keys: True
[DEBUG] IndicTrans call: src=eng_Latn (en), tgt=hin_Deva (hi), text='Mr. Marlion is out o...'
[DEBUG] FLORES keys: ['en', 'hi', 'ta', 'te', 'ml']... ta in keys: True
[DEBUG] IndicTrans call: src=eng_Latn (en), tgt=hin_Deva (hi), text='Mr. Marlion is out o...'
[DEBUG] FLORES keys: ['en', 'hi', 'ta', 'te', 'ml']... ta in keys: True
[DEBUG] IndicTrans call: src=eng_Latn (en), tgt=hin_Deva (hi), text='Mr. Marlion is out o...'
[DEBUG] FLORES keys: ['en', 'hi', 'ta', 'te', 'ml']... ta in keys: True
[DEBUG] IndicTrans call: src=eng_Latn (en), tgt=hin_Deva (hi), text='Mr. Malia is out of ...'
[DEBUG] FLORES keys: ['en', 'hi', 'ta', 'te', 'ml']... ta in keys: True
[DEBUG] IndicTrans call: src=eng_Latn (en), tgt=hin_Deva (hi), text='Could be stronger th...'
[DEBUG] FLORES keys: ['en', 'hi', 'ta', 'te', 'ml']... ta in keys: True
[DEBUG] IndicTrans call: src=eng_Latn (en), tgt=hin_Deva (hi), text='quickly form the inf...'
[DEBUG] FLORES keys: ['en', 'hi', 'ta', 'te', 'ml']... ta in keys: True
[DEBUG] IndicTrans call: src=eng_Latn (en), tgt=hin_Deva (hi), text='quickly from the inf...'
[DEBUG] FLORES keys: ['en', 'hi', 'ta', 'te', 'ml']... ta in keys: True
[DEBUG] IndicTrans call: src=eng_Latn (en), tgt=hin_Deva (hi), text='I could be far from ...'
[DEBUG] FLORES keys: ['en', 'hi', 'ta', 'te', 'ml']... ta in keys: True
[DEBUG] IndicTrans call: src=eng_Latn (en), tgt=hin_Deva (hi), text='I wish there was a c...'
[DEBUG] FLORES keys: ['en', 'hi', 'ta', 'te', 'ml']... ta in keys: True
[DEBUG] IndicTrans call: src=eng_Latn (en), tgt=hin_Deva (hi), text='Price...'
[DEBUG] FLORES keys: ['en', 'hi', 'ta', 'te', 'ml']... ta in keys: True
[DEBUG] IndicTrans call: src=eng_Latn (en), tgt=hin_Deva (hi), text='Price? There's again...'
[DEBUG] FLORES keys: ['en', 'hi', 'ta', 'te', 'ml']... ta in keys: True
[DEBUG] IndicTrans call: src=eng_Latn (en), tgt=hin_Deva (hi), text='You couldn't do anyt...'
[DEBUG] FLORES keys: ['en', 'hi', 'ta', 'te', 'ml']... ta in keys: True
[DEBUG] IndicTrans call: src=eng_Latn (en), tgt=hin_Deva (hi), text='you couldn't do anyt...'
[DEBUG] FLORES keys: ['en', 'hi', 'ta', 'te', 'ml']... ta in keys: True
[DEBUG] IndicTrans call: src=eng_Latn (en), tgt=hin_Deva (hi), text='You had a grand birt...'
[DEBUG] FLORES keys: ['en', 'hi', 'ta', 'te', 'ml']... ta in keys: True
[DEBUG] IndicTrans call: src=eng_Latn (en), tgt=hin_Deva (hi), text='You had a grand birt...'
[DEBUG] FLORES keys: ['en', 'hi', 'ta', 'te', 'ml']... ta in keys: True
[DEBUG] IndicTrans call: src=eng_Latn (en), tgt=hin_Deva (hi), text='You had a grand birt...'
[DEBUG] FLORES keys: ['en', 'hi', 'ta', 'te', 'ml']... ta in keys: True
[DEBUG] IndicTrans call: src=eng_Latn (en), tgt=hin_Deva (hi), text='You had a grand birt...'
[DEBUG] FLORES keys: ['en', 'hi', 'ta', 'te', 'ml']... ta in keys: True
[DEBUG] IndicTrans call: src=eng_Latn (en), tgt=hin_Deva (hi), text='You had a grand birt...'
[DEBUG] FLORES keys: ['en', 'hi', 'ta', 'te', 'ml']... ta in keys: True
[DEBUG] IndicTrans call: src=eng_Latn (en), tgt=hin_Deva (hi), text='made for certain amo...'
[DEBUG] FLORES keys: ['en', 'hi', 'ta', 'te', 'ml']... ta in keys: True
[DEBUG] IndicTrans call: src=eng_Latn (en), tgt=hin_Deva (hi), text='They made 4 settleme...'
[DEBUG] FLORES keys: ['en', 'hi', 'ta', 'te', 'ml']... ta in keys: True
[DEBUG] IndicTrans call: src=eng_Latn (en), tgt=hin_Deva (hi), text='They made 4 certain ...'
[DEBUG] FLORES keys: ['en', 'hi', 'ta', 'te', 'ml']... ta in keys: True
[DEBUG] IndicTrans call: src=eng_Latn (en), tgt=hin_Deva (hi), text='und 15. April Your S...'
[DEBUG] FLORES keys: ['en', 'hi', 'ta', 'te', 'ml']... ta in keys: True
[DEBUG] IndicTrans call: src=eng_Latn (en), tgt=hin_Deva (hi), text='on 15th April your s...'
[DEBUG] FLORES keys: ['en', 'hi', 'ta', 'te', 'ml']... ta in keys: True
[DEBUG] IndicTrans call: src=eng_Latn (en), tgt=hin_Deva (hi), text='on 15th April your s...'
[DEBUG] FLORES keys: ['en', 'hi', 'ta', 'te', 'ml']... ta in keys: True
[DEBUG] IndicTrans call: src=eng_Latn (en), tgt=hin_Deva (hi), text='of doing business in...'
[DEBUG] FLORES keys: ['en', 'hi', 'ta', 'te', 'ml']... ta in keys: True
[DEBUG] IndicTrans call: src=eng_Latn (en), tgt=hin_Deva (hi), text='of doing business in...'
[DEBUG] FLORES keys: ['en', 'hi', 'ta', 'te', 'ml']... ta in keys: True
[DEBUG] IndicTrans call: src=eng_Latn (en), tgt=hin_Deva (hi), text='of doing business in...'
[DEBUG] FLORES keys: ['en', 'hi', 'ta', 'te', 'ml']... ta in keys: True
[DEBUG] IndicTrans call: src=eng_Latn (en), tgt=hin_Deva (hi), text='If you're skipping n...'
[DEBUG] FLORES keys: ['en', 'hi', 'ta', 'te', 'ml']... ta in keys: True
[DEBUG] IndicTrans call: src=eng_Latn (en), tgt=hin_Deva (hi), text='You feel restricted ...'
[DEBUG] FLORES keys: ['en', 'hi', 'ta', 'te', 'ml']... ta in keys: True
[DEBUG] IndicTrans call: src=eng_Latn (en), tgt=hin_Deva (hi), text='If you just kicked i...'
[DEBUG] FLORES keys: ['en', 'hi', 'ta', 'te', 'ml']... ta in keys: True
[DEBUG] IndicTrans call: src=eng_Latn (en), tgt=hin_Deva (hi), text='I feel you're scared...'
[DEBUG] FLORES keys: ['en', 'hi', 'ta', 'te', 'ml']... ta in keys: True
[DEBUG] IndicTrans call: src=eng_Latn (en), tgt=hin_Deva (hi), text='This episode is not ...'
[DEBUG] FLORES keys: ['en', 'hi', 'ta', 'te', 'ml']... ta in keys: True
[DEBUG] IndicTrans call: src=eng_Latn (en), tgt=hin_Deva (hi), text='nor it is about just...'
[DEBUG] FLORES keys: ['en', 'hi', 'ta', 'te', 'ml']... ta in keys: True
[DEBUG] IndicTrans call: src=eng_Latn (en), tgt=hin_Deva (hi), text='nor it is about just...'
[DEBUG] FLORES keys: ['en', 'hi', 'ta', 'te', 'ml']... ta in keys: True
[DEBUG] IndicTrans call: src=eng_Latn (en), tgt=hin_Deva (hi), text='nor it is about just...'
[DEBUG] FLORES keys: ['en', 'hi', 'ta', 'te', 'ml']... ta in keys: True
[DEBUG] IndicTrans call: src=eng_Latn (en), tgt=hin_Deva (hi), text='figuring out to spea...'
[DEBUG] FLORES keys: ['en', 'hi', 'ta', 'te', 'ml']... ta in keys: True
[DEBUG] IndicTrans call: src=eng_Latn (en), tgt=hin_Deva (hi), text='figuring out to spea...'
[DEBUG] FLORES keys: ['en', 'hi', 'ta', 'te', 'ml']... ta in keys: True
[DEBUG] IndicTrans call: src=eng_Latn (en), tgt=hin_Deva (hi), text='figuring out to spea...'
[DEBUG] FLORES keys: ['en', 'hi', 'ta', 'te', 'ml']... ta in keys: True
[DEBUG] IndicTrans call: src=eng_Latn (en), tgt=hin_Deva (hi), text='I have different tha...'
[DEBUG] FLORES keys: ['en', 'hi', 'ta', 'te', 'ml']... ta in keys: True
[DEBUG] IndicTrans call: src=eng_Latn (en), tgt=hin_Deva (hi), text='had different than w...'
[DEBUG] FLORES keys: ['en', 'hi', 'ta', 'te', 'ml']... ta in keys: True
[DEBUG] IndicTrans call: src=eng_Latn (en), tgt=hin_Deva (hi), text='had different than w...'
[DEBUG] FLORES keys: ['en', 'hi', 'ta', 'te', 'ml']... ta in keys: True
[DEBUG] IndicTrans call: src=eng_Latn (en), tgt=hin_Deva (hi), text='These were seized an...'
[DEBUG] FLORES keys: ['en', 'hi', 'ta', 'te', 'ml']... ta in keys: True
[DEBUG] IndicTrans call: src=eng_Latn (en), tgt=hin_Deva (hi), text='These were seized an...'
[DEBUG] FLORES keys: ['en', 'hi', 'ta', 'te', 'ml']... ta in keys: True
[DEBUG] IndicTrans call: src=eng_Latn (en), tgt=hin_Deva (hi), text='fall the good, the b...'
[DEBUG] FLORES keys: ['en', 'hi', 'ta', 'te', 'ml']... ta in keys: True
[DEBUG] IndicTrans call: src=eng_Latn (en), tgt=hin_Deva (hi), text='fall the good, the b...'
[DEBUG] FLORES keys: ['en', 'hi', 'ta', 'te', 'ml']... ta in keys: True
[DEBUG] IndicTrans call: src=eng_Latn (en), tgt=hin_Deva (hi), text='fall the good, the b...'
[DEBUG] FLORES keys: ['en', 'hi', 'ta', 'te', 'ml']... ta in keys: True
[DEBUG] IndicTrans call: src=eng_Latn (en), tgt=hin_Deva (hi), text='about taking sight. ...'
[DEBUG] FLORES keys: ['en', 'hi', 'ta', 'te', 'ml']... ta in keys: True
[DEBUG] IndicTrans call: src=eng_Latn (en), tgt=hin_Deva (hi), text='taking sides. It's a...'
[DEBUG] FLORES keys: ['en', 'hi', 'ta', 'te', 'ml']... ta in keys: True
[DEBUG] IndicTrans call: src=eng_Latn (en), tgt=hin_Deva (hi), text='taking sides. It's a...'
[DEBUG] FLORES keys: ['en', 'hi', 'ta', 'te', 'ml']... ta in keys: True
[DEBUG] IndicTrans call: src=eng_Latn (en), tgt=hin_Deva (hi), text='Thank you for doing ...'
[DEBUG] FLORES keys: ['en', 'hi', 'ta', 'te', 'ml']... ta in keys: True
[DEBUG] IndicTrans call: src=eng_Latn (en), tgt=hin_Deva (hi), text='Thank you for doing ...'
[DEBUG] FLORES keys: ['en', 'hi', 'ta', 'te', 'ml']... ta in keys: True
[DEBUG] IndicTrans call: src=eng_Latn (en), tgt=hin_Deva (hi), text='Thank you for doing ...'
[DEBUG] FLORES keys: ['en', 'hi', 'ta', 'te', 'ml']... ta in keys: True
[DEBUG] IndicTrans call: src=eng_Latn (en), tgt=hin_Deva (hi), text='Eu mei m'nirra a tui...'
[DEBUG] FLORES keys: ['en', 'hi', 'ta', 'te', 'ml']... ta in keys: True
[DEBUG] IndicTrans call: src=eng_Latn (en), tgt=hin_Deva (hi), text='I want to know your ...'
[DEBUG] FLORES keys: ['en', 'hi', 'ta', 'te', 'ml']... ta in keys: True
[DEBUG] IndicTrans call: src=eng_Latn (en), tgt=hin_Deva (hi), text='I want to know your ...'
[DEBUG] FLORES keys: ['en', 'hi', 'ta', 'te', 'ml']... ta in keys: True
[DEBUG] IndicTrans call: src=eng_Latn (en), tgt=hin_Deva (hi), text='So I wanted to out o...'
[DEBUG] FLORES keys: ['en', 'hi', 'ta', 'te', 'ml']... ta in keys: True
[DEBUG] IndicTrans call: src=eng_Latn (en), tgt=hin_Deva (hi), text='in inquisitiveness, ...'
[DEBUG] FLORES keys: ['en', 'hi', 'ta', 'te', 'ml']... ta in keys: True
[DEBUG] IndicTrans call: src=eng_Latn (en), tgt=hin_Deva (hi), text='in inquisitiveness, ...'
[DEBUG] FLORES keys: ['en', 'hi', 'ta', 'te', 'ml']... ta in keys: True
[DEBUG] IndicTrans call: src=eng_Latn (en), tgt=hin_Deva (hi), text='in inquisitiveness, ...'
[DEBUG] FLORES keys: ['en', 'hi', 'ta', 'te', 'ml']... ta in keys: True
[DEBUG] IndicTrans call: src=eng_Latn (en), tgt=hin_Deva (hi), text='came here and you sa...'
[DEBUG] FLORES keys: ['en', 'hi', 'ta', 'te', 'ml']... ta in keys: True
[DEBUG] IndicTrans call: src=eng_Latn (en), tgt=hin_Deva (hi), text='came here and you sa...'
[DEBUG] FLORES keys: ['en', 'hi', 'ta', 'te', 'ml']... ta in keys: True
[DEBUG] IndicTrans call: src=eng_Latn (en), tgt=hin_Deva (hi), text='came here and you sa...'
[DEBUG] FLORES keys: ['en', 'hi', 'ta', 'te', 'ml']... ta in keys: True
[DEBUG] IndicTrans call: src=eng_Latn (en), tgt=hin_Deva (hi), text='came here and you sa...'
[DEBUG] FLORES keys: ['en', 'hi', 'ta', 'te', 'ml']... ta in keys: True
[DEBUG] IndicTrans call: src=eng_Latn (en), tgt=hin_Deva (hi), text='Mãeños.  Há 1000 de ...'
[DEBUG] FLORES keys: ['en', 'hi', 'ta', 'te', 'ml']... ta in keys: True
[DEBUG] IndicTrans call: src=eng_Latn (en), tgt=hin_Deva (hi), text='Certain the need aft...'
[DEBUG] FLORES keys: ['en', 'hi', 'ta', 'te', 'ml']... ta in keys: True
[DEBUG] IndicTrans call: src=eng_Latn (en), tgt=hin_Deva (hi), text='Certain the need aft...'
[DEBUG] FLORES keys: ['en', 'hi', 'ta', 'te', 'ml']... ta in keys: True
[DEBUG] IndicTrans call: src=eng_Latn (en), tgt=hin_Deva (hi), text='Certain the need aft...'
[DEBUG] FLORES keys: ['en', 'hi', 'ta', 'te', 'ml']... ta in keys: True
[DEBUG] IndicTrans call: src=eng_Latn (en), tgt=hin_Deva (hi), text='Certain the need aft...'
[DEBUG] FLORES keys: ['en', 'hi', 'ta', 'te', 'ml']... ta in keys: True
[DEBUG] IndicTrans call: src=eng_Latn (en), tgt=hin_Deva (hi), text='Fülle lasst mein...'
[DEBUG] FLORES keys: ['en', 'hi', 'ta', 'te', 'ml']... ta in keys: True
[DEBUG] IndicTrans call: src=eng_Latn (en), tgt=hin_Deva (hi), text='For the last 9 years...'
[DEBUG] FLORES keys: ['en', 'hi', 'ta', 'te', 'ml']... ta in keys: True
[DEBUG] IndicTrans call: src=eng_Latn (en), tgt=hin_Deva (hi), text='Folle las meinehaz, ...'
[DEBUG] FLORES keys: ['en', 'hi', 'ta', 'te', 'ml']... ta in keys: True
[DEBUG] IndicTrans call: src=eng_Latn (en), tgt=hin_Deva (hi), text='Folle las 9-years, I...'
[DEBUG] FLORES keys: ['en', 'hi', 'ta', 'te', 'ml']... ta in keys: True
[DEBUG] IndicTrans call: src=eng_Latn (en), tgt=hin_Deva (hi), text='For the last nine ye...'
[DEBUG] FLORES keys: ['en', 'hi', 'ta', 'te', 'ml']... ta in keys: True
[DEBUG] IndicTrans call: src=eng_Latn (en), tgt=hin_Deva (hi), text='Want to go out? Have...'
[DEBUG] FLORES keys: ['en', 'hi', 'ta', 'te', 'ml']... ta in keys: True
[DEBUG] IndicTrans call: src=eng_Latn (en), tgt=hin_Deva (hi), text='I wanted out have cr...'
[DEBUG] FLORES keys: ['en', 'hi', 'ta', 'te', 'ml']... ta in keys: True
[DEBUG] IndicTrans call: src=eng_Latn (en), tgt=hin_Deva (hi), text='People don't have di...'
[DEBUG] FLORES keys: ['en', 'hi', 'ta', 'te', 'ml']... ta in keys: True
[DEBUG] IndicTrans call: src=eng_Latn (en), tgt=hin_Deva (hi), text='People don't have di...'
[DEBUG] FLORES keys: ['en', 'hi', 'ta', 'te', 'ml']... ta in keys: True
[DEBUG] IndicTrans call: src=eng_Latn (en), tgt=hin_Deva (hi), text='I will say registrat...'
[DEBUG] FLORES keys: ['en', 'hi', 'ta', 'te', 'ml']... ta in keys: True
[DEBUG] IndicTrans call: src=eng_Latn (en), tgt=hin_Deva (hi), text='I'll say registratio...'
[DEBUG] FLORES keys: ['en', 'hi', 'ta', 'te', 'ml']... ta in keys: True
[DEBUG] IndicTrans call: src=eng_Latn (en), tgt=hin_Deva (hi), text='the registration req...'
[DEBUG] FLORES keys: ['en', 'hi', 'ta', 'te', 'ml']... ta in keys: True
[DEBUG] IndicTrans call: src=eng_Latn (en), tgt=hin_Deva (hi), text='options. So you have...'
[DEBUG] FLORES keys: ['en', 'hi', 'ta', 'te', 'ml']... ta in keys: True
[DEBUG] IndicTrans call: src=eng_Latn (en), tgt=hin_Deva (hi), text='So you have a fixed ...'
[DEBUG] FLORES keys: ['en', 'hi', 'ta', 'te', 'ml']... ta in keys: True
[DEBUG] IndicTrans call: src=eng_Latn (en), tgt=hin_Deva (hi), text='So you have a fixed ...'
[DEBUG] FLORES keys: ['en', 'hi', 'ta', 'te', 'ml']... ta in keys: True
[DEBUG] IndicTrans call: src=eng_Latn (en), tgt=hin_Deva (hi), text='to be friendly....'
[DEBUG] FLORES keys: ['en', 'hi', 'ta', 'te', 'ml']... ta in keys: True
[DEBUG] IndicTrans call: src=eng_Latn (en), tgt=hin_Deva (hi), text='different meeting ID...'
[DEBUG] FLORES keys: ['en', 'hi', 'ta', 'te', 'ml']... ta in keys: True
[DEBUG] IndicTrans call: src=eng_Latn (en), tgt=hin_Deva (hi), text='different meeting ID...'
[DEBUG] FLORES keys: ['en', 'hi', 'ta', 'te', 'ml']... ta in keys: True
[DEBUG] IndicTrans call: src=eng_Latn (en), tgt=hin_Deva (hi), text='different meeting ID...'
[DEBUG] FLORES keys: ['en', 'hi', 'ta', 'te', 'ml']... ta in keys: True
[DEBUG] IndicTrans call: src=eng_Latn (en), tgt=hin_Deva (hi), text='...it becomes additi...'
[DEBUG] FLORES keys: ['en', 'hi', 'ta', 'te', 'ml']... ta in keys: True
[DEBUG] IndicTrans call: src=eng_Latn (en), tgt=hin_Deva (hi), text='It becomes additiona...'
[DEBUG] FLORES keys: ['en', 'hi', 'ta', 'te', 'ml']... ta in keys: True
[DEBUG] IndicTrans call: src=eng_Latn (en), tgt=hin_Deva (hi), text='For more complicated...'
[DEBUG] FLORES keys: ['en', 'hi', 'ta', 'te', 'ml']... ta in keys: True
[DEBUG] IndicTrans call: src=eng_Latn (en), tgt=hin_Deva (hi), text='For more complicated...'
[DEBUG] FLORES keys: ['en', 'hi', 'ta', 'te', 'ml']... ta in keys: True
[DEBUG] IndicTrans call: src=eng_Latn (en), tgt=hin_Deva (hi), text='For more complicated...'
[DEBUG] FLORES keys: ['en', 'hi', 'ta', 'te', 'ml']... ta in keys: True
[DEBUG] IndicTrans call: src=eng_Latn (en), tgt=hin_Deva (hi), text='For more complicated...'
[DEBUG] FLORES keys: ['en', 'hi', 'ta', 'te', 'ml']... ta in keys: True
[DEBUG] IndicTrans call: src=eng_Latn (en), tgt=hin_Deva (hi), text='for the host....'
[DEBUG] FLORES keys: ['en', 'hi', 'ta', 'te', 'ml']... ta in keys: True
[DEBUG] IndicTrans call: src=eng_Latn (en), tgt=hin_Deva (hi), text='When he joins the me...'
[DEBUG] FLORES keys: ['en', 'hi', 'ta', 'te', 'ml']... ta in keys: True
[DEBUG] IndicTrans call: src=eng_Latn (en), tgt=hin_Deva (hi), text='When he joins the me...'
[DEBUG] FLORES keys: ['en', 'hi', 'ta', 'te', 'ml']... ta in keys: True
[DEBUG] IndicTrans call: src=eng_Latn (en), tgt=hin_Deva (hi), text='When he joins the me...'
[DEBUG] FLORES keys: ['en', 'hi', 'ta', 'te', 'ml']... ta in keys: True
[DEBUG] IndicTrans call: src=eng_Latn (en), tgt=hin_Deva (hi), text='When he joins the me...'
[DEBUG] FLORES keys: ['en', 'hi', 'ta', 'te', 'ml']... ta in keys: True
[DEBUG] IndicTrans call: src=eng_Latn (en), tgt=hin_Deva (hi), text='When he joins the me...'
[DEBUG] FLORES keys: ['en', 'hi', 'ta', 'te', 'ml']... ta in keys: True
[DEBUG] IndicTrans call: src=eng_Latn (en), tgt=hin_Deva (hi), text='So I have kept it of...'
[DEBUG] FLORES keys: ['en', 'hi', 'ta', 'te', 'ml']... ta in keys: True
[DEBUG] IndicTrans call: src=eng_Latn (en), tgt=hin_Deva (hi), text='So I have kept it of...'
[DEBUG] FLORES keys: ['en', 'hi', 'ta', 'te', 'ml']... ta in keys: True
[DEBUG] IndicTrans call: src=eng_Latn (en), tgt=hin_Deva (hi), text='So I have kept it of...'
[DEBUG] FLORES keys: ['en', 'hi', 'ta', 'te', 'ml']... ta in keys: True
[DEBUG] IndicTrans call: src=eng_Latn (en), tgt=hin_Deva (hi), text='Normally, you can le...'
[DEBUG] FLORES keys: ['en', 'hi', 'ta', 'te', 'ml']... ta in keys: True
[DEBUG] IndicTrans call: src=eng_Latn (en), tgt=hin_Deva (hi), text='Domely, utelius, iom...'
[DEBUG] FLORES keys: ['en', 'hi', 'ta', 'te', 'ml']... ta in keys: True
[DEBUG] IndicTrans call: src=eng_Latn (en), tgt=hin_Deva (hi), text='Normally you can use...'
[DEBUG] FLORES keys: ['en', 'hi', 'ta', 'te', 'ml']... ta in keys: True
[DEBUG] IndicTrans call: src=eng_Latn (en), tgt=hin_Deva (hi), text='2. Dormally u penius...'
[DEBUG] FLORES keys: ['en', 'hi', 'ta', 'te', 'ml']... ta in keys: True
[DEBUG] IndicTrans call: src=eng_Latn (en), tgt=hin_Deva (hi), text='Normally you can use...'
[DEBUG] FLORES keys: ['en', 'hi', 'ta', 'te', 'ml']... ta in keys: True
[DEBUG] IndicTrans call: src=eng_Latn (en), tgt=hin_Deva (hi), text='Normally, you can us...'
[DEBUG] FLORES keys: ['en', 'hi', 'ta', 'te', 'ml']... ta in keys: True
[DEBUG] IndicTrans call: src=eng_Latn (en), tgt=hin_Deva (hi), text='you on the edit box ...'
[DEBUG] FLORES keys: ['en', 'hi', 'ta', 'te', 'ml']... ta in keys: True
[DEBUG] IndicTrans call: src=eng_Latn (en), tgt=hin_Deva (hi), text='A few more options t...'
[DEBUG] FLORES keys: ['en', 'hi', 'ta', 'te', 'ml']... ta in keys: True
[DEBUG] IndicTrans call: src=eng_Latn (en), tgt=hin_Deva (hi), text='Do you want to join?...'
[DEBUG] FLORES keys: ['en', 'hi', 'ta', 'te', 'ml']... ta in keys: True
[DEBUG] IndicTrans call: src=eng_Latn (en), tgt=hin_Deva (hi), text='Do you want to join ...'
[DEBUG] FLORES keys: ['en', 'hi', 'ta', 'te', 'ml']... ta in keys: True
[DEBUG] IndicTrans call: src=eng_Latn (en), tgt=hin_Deva (hi), text='Hanna u want u join ...'
[DEBUG] FLORES keys: ['en', 'hi', 'ta', 'te', 'ml']... ta in keys: True
[DEBUG] IndicTrans call: src=eng_Latn (en), tgt=hin_Deva (hi), text='Do you want to join ...'
[DEBUG] FLORES keys: ['en', 'hi', 'ta', 'te', 'ml']... ta in keys: True
[DEBUG] IndicTrans call: src=eng_Latn (en), tgt=hin_Deva (hi), text='Do you want to join ...'
[DEBUG] FLORES keys: ['en', 'hi', 'ta', 'te', 'ml']... ta in keys: True
[DEBUG] IndicTrans call: src=eng_Latn (en), tgt=hin_Deva (hi), text='remove you into the ...'
[DEBUG] FLORES keys: ['en', 'hi', 'ta', 'te', 'ml']... ta in keys: True
[DEBUG] IndicTrans call: src=eng_Latn (en), tgt=hin_Deva (hi), text='I admit you into the...'
[DEBUG] FLORES keys: ['en', 'hi', 'ta', 'te', 'ml']... ta in keys: True
[DEBUG] IndicTrans call: src=eng_Latn (en), tgt=hin_Deva (hi), text='So you can choose I ...'
[DEBUG] FLORES keys: ['en', 'hi', 'ta', 'te', 'ml']... ta in keys: True
[DEBUG] IndicTrans call: src=eng_Latn (en), tgt=hin_Deva (hi), text='So you can choose a ...'
[DEBUG] FLORES keys: ['en', 'hi', 'ta', 'te', 'ml']... ta in keys: True
[DEBUG] IndicTrans call: src=eng_Latn (en), tgt=hin_Deva (hi), text='So you can choose a ...'
[DEBUG] FLORES keys: ['en', 'hi', 'ta', 'te', 'ml']... ta in keys: True
[DEBUG] IndicTrans call: src=eng_Latn (en), tgt=hin_Deva (hi), text='So you can choose a ...'
[DEBUG] FLORES keys: ['en', 'hi', 'ta', 'te', 'ml']... ta in keys: True
[DEBUG] IndicTrans call: src=eng_Latn (en), tgt=hin_Deva (hi), text='So you can choose a ...'
[DEBUG] FLORES keys: ['en', 'hi', 'ta', 'te', 'ml']... ta in keys: True
[DEBUG] IndicTrans call: src=eng_Latn (en), tgt=hin_Deva (hi), text='So you can choose a ...'
[DEBUG] FLORES keys: ['en', 'hi', 'ta', 'te', 'ml']... ta in keys: True
[DEBUG] IndicTrans call: src=eng_Latn (en), tgt=hin_Deva (hi), text='we happen to speak o...'
[DEBUG] FLORES keys: ['en', 'hi', 'ta', 'te', 'ml']... ta in keys: True
[DEBUG] IndicTrans call: src=eng_Latn (en), tgt=hin_Deva (hi), text='And suddenly, when y...'
[DEBUG] FLORES keys: ['en', 'hi', 'ta', 'te', 'ml']... ta in keys: True
[DEBUG] IndicTrans call: src=eng_Latn (en), tgt=hin_Deva (hi), text='Member joins. Have y...'
[DEBUG] FLORES keys: ['en', 'hi', 'ta', 'te', 'ml']... ta in keys: True
[DEBUG] IndicTrans call: src=eng_Latn (en), tgt=hin_Deva (hi), text='Remember, join us an...'
[DEBUG] FLORES keys: ['en', 'hi', 'ta', 'te', 'ml']... ta in keys: True
[DEBUG] IndicTrans call: src=eng_Latn (en), tgt=hin_Deva (hi), text='Remember joins and u...'
[DEBUG] FLORES keys: ['en', 'hi', 'ta', 'te', 'ml']... ta in keys: True
[DEBUG] IndicTrans call: src=eng_Latn (en), tgt=hin_Deva (hi), text='Remember, join and u...'
[DEBUG] FLORES keys: ['en', 'hi', 'ta', 'te', 'ml']... ta in keys: True
[DEBUG] IndicTrans call: src=eng_Latn (en), tgt=hin_Deva (hi), text='Remember joins and u...'
[DEBUG] FLORES keys: ['en', 'hi', 'ta', 'te', 'ml']... ta in keys: True
[DEBUG] IndicTrans call: src=eng_Latn (en), tgt=hin_Deva (hi), text='Remember joins and u...'
[DEBUG] FLORES keys: ['en', 'hi', 'ta', 'te', 'ml']... ta in keys: True
[DEBUG] IndicTrans call: src=eng_Latn (en), tgt=hin_Deva (hi), text='You can see the face...'
[DEBUG] FLORES keys: ['en', 'hi', 'ta', 'te', 'ml']... ta in keys: True
[DEBUG] IndicTrans call: src=eng_Latn (en), tgt=hin_Deva (hi), text='but we won't be able...'
[DEBUG] FLORES keys: ['en', 'hi', 'ta', 'te', 'ml']... ta in keys: True
[DEBUG] IndicTrans call: src=eng_Latn (en), tgt=hin_Deva (hi), text='Do you want......'
[DEBUG] FLORES keys: ['en', 'hi', 'ta', 'te', 'ml']... ta in keys: True
[DEBUG] IndicTrans call: src=eng_Latn (en), tgt=hin_Deva (hi), text='Mere you want to ena...'
[DEBUG] FLORES keys: ['en', 'hi', 'ta', 'te', 'ml']... ta in keys: True
[DEBUG] IndicTrans call: src=eng_Latn (en), tgt=hin_Deva (hi), text='Convating rumours an...'
[DEBUG] FLORES keys: ['en', 'hi', 'ta', 'te', 'ml']... ta in keys: True
[DEBUG] IndicTrans call: src=eng_Latn (en), tgt=hin_Deva (hi), text='A waiting room is al...'
[DEBUG] FLORES keys: ['en', 'hi', 'ta', 'te', 'ml']... ta in keys: True
[DEBUG] IndicTrans call: src=eng_Latn (en), tgt=hin_Deva (hi), text='A waiting room is al...'
[DEBUG] FLORES keys: ['en', 'hi', 'ta', 'te', 'ml']... ta in keys: True
[DEBUG] IndicTrans call: src=eng_Latn (en), tgt=hin_Deva (hi), text='A waiting room is al...'
[DEBUG] FLORES keys: ['en', 'hi', 'ta', 'te', 'ml']... ta in keys: True
[DEBUG] IndicTrans call: src=eng_Latn (en), tgt=hin_Deva (hi), text='and maybe the speake...'
[DEBUG] FLORES keys: ['en', 'hi', 'ta', 'te', 'ml']... ta in keys: True
[DEBUG] IndicTrans call: src=eng_Latn (en), tgt=hin_Deva (hi), text='Jadi, apa yang berla...'
[DEBUG] FLORES keys: ['en', 'hi', 'ta', 'te', 'ml']... ta in keys: True
[DEBUG] IndicTrans call: src=eng_Latn (en), tgt=hin_Deva (hi), text='So, what the two-mas...'
[DEBUG] FLORES keys: ['en', 'hi', 'ta', 'te', 'ml']... ta in keys: True
[DEBUG] IndicTrans call: src=eng_Latn (en), tgt=hin_Deva (hi), text='So, what the toast m...'
[DEBUG] FLORES keys: ['en', 'hi', 'ta', 'te', 'ml']... ta in keys: True
[DEBUG] IndicTrans call: src=eng_Latn (en), tgt=hin_Deva (hi), text='So what the toast ma...'
[DEBUG] FLORES keys: ['en', 'hi', 'ta', 'te', 'ml']... ta in keys: True
[DEBUG] IndicTrans call: src=eng_Latn (en), tgt=hin_Deva (hi), text='not letting the peop...'
[DEBUG] FLORES keys: ['en', 'hi', 'ta', 'te', 'ml']... ta in keys: True
[DEBUG] IndicTrans call: src=eng_Latn (en), tgt=hin_Deva (hi), text='not letting the peop...'
[DEBUG] FLORES keys: ['en', 'hi', 'ta', 'te', 'ml']... ta in keys: True
[DEBUG] IndicTrans call: src=eng_Latn (en), tgt=hin_Deva (hi), text='I first look at it a...'
[DEBUG] FLORES keys: ['en', 'hi', 'ta', 'te', 'ml']... ta in keys: True
[DEBUG] IndicTrans call: src=eng_Latn (en), tgt=hin_Deva (hi), text='I first look at it a...'
[DEBUG] FLORES keys: ['en', 'hi', 'ta', 'te', 'ml']... ta in keys: True
[DEBUG] IndicTrans call: src=eng_Latn (en), tgt=hin_Deva (hi), text='I first look at it a...'
[DEBUG] FLORES keys: ['en', 'hi', 'ta', 'te', 'ml']... ta in keys: True
[DEBUG] IndicTrans call: src=eng_Latn (en), tgt=hin_Deva (hi), text='I first look at it a...'
[DEBUG] FLORES keys: ['en', 'hi', 'ta', 'te', 'ml']... ta in keys: True
[DEBUG] IndicTrans call: src=eng_Latn (en), tgt=hin_Deva (hi), text='I first look at it a...'
[DEBUG] FLORES keys: ['en', 'hi', 'ta', 'te', 'ml']... ta in keys: True
[DEBUG] IndicTrans call: src=eng_Latn (en), tgt=hin_Deva (hi), text='And the last thing i...'
[DEBUG] FLORES keys: ['en', 'hi', 'ta', 'te', 'ml']... ta in keys: True
[DEBUG] IndicTrans call: src=eng_Latn (en), tgt=hin_Deva (hi), text='And the last thing i...'
[DEBUG] FLORES keys: ['en', 'hi', 'ta', 'te', 'ml']... ta in keys: True
[DEBUG] IndicTrans call: src=eng_Latn (en), tgt=hin_Deva (hi), text='And the last thing i...'
[DEBUG] FLORES keys: ['en', 'hi', 'ta', 'te', 'ml']... ta in keys: True
[DEBUG] IndicTrans call: src=eng_Latn (en), tgt=hin_Deva (hi), text='And the last thing i...'
[DEBUG] FLORES keys: ['en', 'hi', 'ta', 'te', 'ml']... ta in keys: True
[DEBUG] IndicTrans call: src=eng_Latn (en), tgt=hin_Deva (hi), text='And the last thing i...'
[DEBUG] FLORES keys: ['en', 'hi', 'ta', 'te', 'ml']... ta in keys: True
[DEBUG] IndicTrans call: src=eng_Latn (en), tgt=hin_Deva (hi), text='Now many of you don'...'
[DEBUG] FLORES keys: ['en', 'hi', 'ta', 'te', 'ml']... ta in keys: True
[DEBUG] IndicTrans call: src=eng_Latn (en), tgt=hin_Deva (hi), text='Nói, meneo fi o'n do...'
[DEBUG] FLORES keys: ['en', 'hi', 'ta', 'te', 'ml']... ta in keys: True
[DEBUG] IndicTrans call: src=eng_Latn (en), tgt=hin_Deva (hi), text='Many of you don't ha...'
[DEBUG] FLORES keys: ['en', 'hi', 'ta', 'te', 'ml']... ta in keys: True
[DEBUG] IndicTrans call: src=eng_Latn (en), tgt=hin_Deva (hi), text='Now many of you don'...'
[DEBUG] FLORES keys: ['en', 'hi', 'ta', 'te', 'ml']... ta in keys: True
[DEBUG] IndicTrans call: src=eng_Latn (en), tgt=hin_Deva (hi), text='nor registration req...'
[DEBUG] FLORES keys: ['en', 'hi', 'ta', 'te', 'ml']... ta in keys: True
[DEBUG] IndicTrans call: src=eng_Latn (en), tgt=hin_Deva (hi), text='No registration requ...'
[DEBUG] FLORES keys: ['en', 'hi', 'ta', 'te', 'ml']... ta in keys: True
[DEBUG] IndicTrans call: src=eng_Latn (en), tgt=hin_Deva (hi), text='No registration requ...'
[DEBUG] FLORES keys: ['en', 'hi', 'ta', 'te', 'ml']... ta in keys: True
[DEBUG] IndicTrans call: src=eng_Latn (en), tgt=hin_Deva (hi), text='...  ...  ...  ...  ...'
[DEBUG] FLORES keys: ['en', 'hi', 'ta', 'te', 'ml']... ta in keys: True
[DEBUG] IndicTrans call: src=eng_Latn (en), tgt=hin_Deva (hi), text='vision can reasoning...'
[DEBUG] FLORES keys: ['en', 'hi', 'ta', 'te', 'ml']... ta in keys: True
[DEBUG] IndicTrans call: src=eng_Latn (en), tgt=hin_Deva (hi), text='Here it really doesn...'
[DEBUG] FLORES keys: ['en', 'hi', 'ta', 'te', 'ml']... ta in keys: True
[DEBUG] IndicTrans call: src=eng_Latn (en), tgt=hin_Deva (hi), text='Let's hate a lot of ...'
[DEBUG] FLORES keys: ['en', 'hi', 'ta', 'te', 'ml']... ta in keys: True
[DEBUG] IndicTrans call: src=eng_Latn (en), tgt=hin_Deva (hi), text='We take a lot, we ha...'
[DEBUG] FLORES keys: ['en', 'hi', 'ta', 'te', 'ml']... ta in keys: True
[DEBUG] IndicTrans call: src=eng_Latn (en), tgt=hin_Deva (hi), text='We take a lot of reh...'
[DEBUG] FLORES keys: ['en', 'hi', 'ta', 'te', 'ml']... ta in keys: True
[DEBUG] IndicTrans call: src=eng_Latn (en), tgt=hin_Deva (hi), text='We take a lot. We ha...'
[DEBUG] FLORES keys: ['en', 'hi', 'ta', 'te', 'ml']... ta in keys: True
[DEBUG] IndicTrans call: src=eng_Latn (en), tgt=hin_Deva (hi), text='We take a lot we hav...'
[DEBUG] FLORES keys: ['en', 'hi', 'ta', 'te', 'ml']... ta in keys: True
[DEBUG] IndicTrans call: src=eng_Latn (en), tgt=hin_Deva (hi), text='inter-region, he's t...'
[DEBUG] FLORES keys: ['en', 'hi', 'ta', 'te', 'ml']... ta in keys: True
[DEBUG] IndicTrans call: src=eng_Latn (en), tgt=hin_Deva (hi), text='So, in general, regi...'
[DEBUG] FLORES keys: ['en', 'hi', 'ta', 'te', 'ml']... ta in keys: True
[DEBUG] IndicTrans call: src=eng_Latn (en), tgt=hin_Deva (hi), text='So, in true region, ...'
[DEBUG] FLORES keys: ['en', 'hi', 'ta', 'te', 'ml']... ta in keys: True
[DEBUG] IndicTrans call: src=eng_Latn (en), tgt=hin_Deva (hi), text='Great, um, sooner or...'
[DEBUG] FLORES keys: ['en', 'hi', 'ta', 'te', 'ml']... ta in keys: True
[DEBUG] IndicTrans call: src=eng_Latn (en), tgt=hin_Deva (hi), text='Great  So lastly upc...'
[DEBUG] FLORES keys: ['en', 'hi', 'ta', 'te', 'ml']... ta in keys: True
[DEBUG] IndicTrans call: src=eng_Latn (en), tgt=hin_Deva (hi), text='Great, so lastly, up...'
[DEBUG] FLORES keys: ['en', 'hi', 'ta', 'te', 'ml']... ta in keys: True
[DEBUG] IndicTrans call: src=eng_Latn (en), tgt=hin_Deva (hi), text='Great, so lastly, I ...'
[DEBUG] FLORES keys: ['en', 'hi', 'ta', 'te', 'ml']... ta in keys: True
[DEBUG] IndicTrans call: src=eng_Latn (en), tgt=hin_Deva (hi), text='Great. So lastly, I ...'
[DEBUG] FLORES keys: ['en', 'hi', 'ta', 'te', 'ml']... ta in keys: True
[DEBUG] IndicTrans call: src=eng_Latn (en), tgt=hin_Deva (hi), text='at a local level but...'
[DEBUG] FLORES keys: ['en', 'hi', 'ta', 'te', 'ml']... ta in keys: True
[DEBUG] IndicTrans call: src=eng_Latn (en), tgt=hin_Deva (hi), text='a local level but we...'
[DEBUG] FLORES keys: ['en', 'hi', 'ta', 'te', 'ml']... ta in keys: True
[DEBUG] IndicTrans call: src=eng_Latn (en), tgt=hin_Deva (hi), text='at a local level but...'
[DEBUG] FLORES keys: ['en', 'hi', 'ta', 'te', 'ml']... ta in keys: True
[DEBUG] IndicTrans call: src=eng_Latn (en), tgt=hin_Deva (hi), text='at a local level but...'
[DEBUG] FLORES keys: ['en', 'hi', 'ta', 'te', 'ml']... ta in keys: True
[DEBUG] IndicTrans call: src=eng_Latn (en), tgt=hin_Deva (hi), text='And lastly we're all...'
[DEBUG] FLORES keys: ['en', 'hi', 'ta', 'te', 'ml']... ta in keys: True
[DEBUG] IndicTrans call: src=eng_Latn (en), tgt=hin_Deva (hi), text='And lastly we're obv...'
[DEBUG] FLORES keys: ['en', 'hi', 'ta', 'te', 'ml']... ta in keys: True
[DEBUG] IndicTrans call: src=eng_Latn (en), tgt=hin_Deva (hi), text='And lastly we're obv...'
[DEBUG] FLORES keys: ['en', 'hi', 'ta', 'te', 'ml']... ta in keys: True
[DEBUG] IndicTrans call: src=eng_Latn (en), tgt=hin_Deva (hi), text='And lastly we're obv...'
[DEBUG] FLORES keys: ['en', 'hi', 'ta', 'te', 'ml']... ta in keys: True
[DEBUG] IndicTrans call: src=eng_Latn (en), tgt=hin_Deva (hi), text='And lastly, we're ob...'
[DEBUG] FLORES keys: ['en', 'hi', 'ta', 'te', 'ml']... ta in keys: True
[DEBUG] IndicTrans call: src=eng_Latn (en), tgt=hin_Deva (hi), text='And lastly we're obv...'
[DEBUG] FLORES keys: ['en', 'hi', 'ta', 'te', 'ml']... ta in keys: True
[DEBUG] IndicTrans call: src=eng_Latn (en), tgt=hin_Deva (hi), text='banks and actually c...'
[DEBUG] FLORES keys: ['en', 'hi', 'ta', 'te', 'ml']... ta in keys: True
[DEBUG] IndicTrans call: src=eng_Latn (en), tgt=hin_Deva (hi), text='banks and actually c...'
[DEBUG] FLORES keys: ['en', 'hi', 'ta', 'te', 'ml']... ta in keys: True
[DEBUG] IndicTrans call: src=eng_Latn (en), tgt=hin_Deva (hi), text='It can open....'
[DEBUG] FLORES keys: ['en', 'hi', 'ta', 'te', 'ml']... ta in keys: True
[DEBUG] IndicTrans call: src=eng_Latn (en), tgt=hin_Deva (hi), text='You can open, walk o...'
[DEBUG] FLORES keys: ['en', 'hi', 'ta', 'te', 'ml']... ta in keys: True
[DEBUG] IndicTrans call: src=eng_Latn (en), tgt=hin_Deva (hi), text='You can open, walk o...'
[DEBUG] FLORES keys: ['en', 'hi', 'ta', 'te', 'ml']... ta in keys: True
[DEBUG] IndicTrans call: src=eng_Latn (en), tgt=hin_Deva (hi), text='So we'll start with ...'
[DEBUG] FLORES keys: ['en', 'hi', 'ta', 'te', 'ml']... ta in keys: True
[DEBUG] IndicTrans call: src=eng_Latn (en), tgt=hin_Deva (hi), text='So, we start with th...'
[DEBUG] FLORES keys: ['en', 'hi', 'ta', 'te', 'ml']... ta in keys: True
[DEBUG] IndicTrans call: src=eng_Latn (en), tgt=hin_Deva (hi), text='So, uh, we start wit...'
[DEBUG] FLORES keys: ['en', 'hi', 'ta', 'te', 'ml']... ta in keys: True
[DEBUG] IndicTrans call: src=eng_Latn (en), tgt=hin_Deva (hi), text='So, we'll start with...'
[DEBUG] FLORES keys: ['en', 'hi', 'ta', 'te', 'ml']... ta in keys: True
[DEBUG] IndicTrans call: src=eng_Latn (en), tgt=hin_Deva (hi), text='So we'll start with ...'
[DEBUG] FLORES keys: ['en', 'hi', 'ta', 'te', 'ml']... ta in keys: True
[DEBUG] IndicTrans call: src=eng_Latn (en), tgt=hin_Deva (hi), text='So sorry about that,...'
[DEBUG] FLORES keys: ['en', 'hi', 'ta', 'te', 'ml']... ta in keys: True
[DEBUG] IndicTrans call: src=eng_Latn (en), tgt=hin_Deva (hi), text='So sorry about that,...'
[DEBUG] FLORES keys: ['en', 'hi', 'ta', 'te', 'ml']... ta in keys: True
[DEBUG] IndicTrans call: src=eng_Latn (en), tgt=hin_Deva (hi), text='So sorry about that,...'
[DEBUG] FLORES keys: ['en', 'hi', 'ta', 'te', 'ml']... ta in keys: True
[DEBUG] IndicTrans call: src=eng_Latn (en), tgt=hin_Deva (hi), text='For someone who like...'
[DEBUG] FLORES keys: ['en', 'hi', 'ta', 'te', 'ml']... ta in keys: True
[DEBUG] IndicTrans call: src=eng_Latn (en), tgt=hin_Deva (hi), text='For someone like D.W...'
[DEBUG] FLORES keys: ['en', 'hi', 'ta', 'te', 'ml']... ta in keys: True
[DEBUG] IndicTrans call: src=eng_Latn (en), tgt=hin_Deva (hi), text='Country Nile is carr...'
[DEBUG] FLORES keys: ['en', 'hi', 'ta', 'te', 'ml']... ta in keys: True
[DEBUG] IndicTrans call: src=eng_Latn (en), tgt=hin_Deva (hi), text='Country night is car...'
[DEBUG] FLORES keys: ['en', 'hi', 'ta', 'te', 'ml']... ta in keys: True
[DEBUG] IndicTrans call: src=eng_Latn (en), tgt=hin_Deva (hi), text='Country now is carri...'
[DEBUG] FLORES keys: ['en', 'hi', 'ta', 'te', 'ml']... ta in keys: True
[DEBUG] IndicTrans call: src=eng_Latn (en), tgt=hin_Deva (hi), text='In light items....'
[DEBUG] FLORES keys: ['en', 'hi', 'ta', 'te', 'ml']... ta in keys: True
[DEBUG] IndicTrans call: src=eng_Latn (en), tgt=hin_Deva (hi), text='In light items,  in ...'
[DEBUG] FLORES keys: ['en', 'hi', 'ta', 'te', 'ml']... ta in keys: True
[DEBUG] IndicTrans call: src=eng_Latn (en), tgt=hin_Deva (hi), text='in late items  no la...'
[DEBUG] FLORES keys: ['en', 'hi', 'ta', 'te', 'ml']... ta in keys: True
[DEBUG] IndicTrans call: src=eng_Latn (en), tgt=hin_Deva (hi), text='In late items?  No l...'
[DEBUG] FLORES keys: ['en', 'hi', 'ta', 'te', 'ml']... ta in keys: True
[DEBUG] IndicTrans call: src=eng_Latn (en), tgt=hin_Deva (hi), text='Now I don't see any ...'
[DEBUG] FLORES keys: ['en', 'hi', 'ta', 'te', 'ml']... ta in keys: True
[DEBUG] IndicTrans call: src=eng_Latn (en), tgt=hin_Deva (hi), text='Now I don't see any ...'
[DEBUG] FLORES keys: ['en', 'hi', 'ta', 'te', 'ml']... ta in keys: True
[DEBUG] IndicTrans call: src=eng_Latn (en), tgt=hin_Deva (hi), text='Now I don't see any ...'
[DEBUG] FLORES keys: ['en', 'hi', 'ta', 'te', 'ml']... ta in keys: True
[DEBUG] IndicTrans call: src=eng_Latn (en), tgt=hin_Deva (hi), text='Now I don't see any ...'
[DEBUG] FLORES keys: ['en', 'hi', 'ta', 'te', 'ml']... ta in keys: True
[DEBUG] IndicTrans call: src=eng_Latn (en), tgt=hin_Deva (hi), text='Now I don't see any ...'
[DEBUG] FLORES keys: ['en', 'hi', 'ta', 'te', 'ml']... ta in keys: True
[DEBUG] IndicTrans call: src=eng_Latn (en), tgt=hin_Deva (hi), text='It's going to be the...'
[DEBUG] FLORES keys: ['en', 'hi', 'ta', 'te', 'ml']... ta in keys: True
[DEBUG] IndicTrans call: src=eng_Latn (en), tgt=hin_Deva (hi), text='It's not going to be...'
[DEBUG] FLORES keys: ['en', 'hi', 'ta', 'te', 'ml']... ta in keys: True
[DEBUG] IndicTrans call: src=eng_Latn (en), tgt=hin_Deva (hi), text='It's not gonna be th...'
[DEBUG] FLORES keys: ['en', 'hi', 'ta', 'te', 'ml']... ta in keys: True
[DEBUG] IndicTrans call: src=eng_Latn (en), tgt=hin_Deva (hi), text='It's gonna be the ne...'
[DEBUG] FLORES keys: ['en', 'hi', 'ta', 'te', 'ml']... ta in keys: True
[DEBUG] IndicTrans call: src=eng_Latn (en), tgt=hin_Deva (hi), text='It could be the new ...'
[DEBUG] FLORES keys: ['en', 'hi', 'ta', 'te', 'ml']... ta in keys: True
[DEBUG] IndicTrans call: src=eng_Latn (en), tgt=hin_Deva (hi), text='or tight-dice is bei...'
[DEBUG] FLORES keys: ['en', 'hi', 'ta', 'te', 'ml']... ta in keys: True
[DEBUG] IndicTrans call: src=eng_Latn (en), tgt=hin_Deva (hi), text='The contact dialysis...'
[DEBUG] FLORES keys: ['en', 'hi', 'ta', 'te', 'ml']... ta in keys: True
[DEBUG] IndicTrans call: src=eng_Latn (en), tgt=hin_Deva (hi), text='I was gonna bring it...'
[DEBUG] FLORES keys: ['en', 'hi', 'ta', 'te', 'ml']... ta in keys: True
[DEBUG] IndicTrans call: src=eng_Latn (en), tgt=hin_Deva (hi), text='I was gonna bring it...'
[DEBUG] FLORES keys: ['en', 'hi', 'ta', 'te', 'ml']... ta in keys: True
[DEBUG] IndicTrans call: src=eng_Latn (en), tgt=hin_Deva (hi), text='I was gonna bring it...'
[DEBUG] FLORES keys: ['en', 'hi', 'ta', 'te', 'ml']... ta in keys: True
[DEBUG] IndicTrans call: src=eng_Latn (en), tgt=hin_Deva (hi), text='I was gonna bring it...'
[DEBUG] FLORES keys: ['en', 'hi', 'ta', 'te', 'ml']... ta in keys: True
[DEBUG] IndicTrans call: src=eng_Latn (en), tgt=hin_Deva (hi), text='I was gonna bring it...'
[DEBUG] FLORES keys: ['en', 'hi', 'ta', 'te', 'ml']... ta in keys: True
[DEBUG] IndicTrans call: src=eng_Latn (en), tgt=hin_Deva (hi), text='So...'
[DEBUG] FLORES keys: ['en', 'hi', 'ta', 'te', 'ml']... ta in keys: True
[DEBUG] IndicTrans call: src=eng_Latn (en), tgt=hin_Deva (hi), text='Jason is Jason Jonde...'
[DEBUG] FLORES keys: ['en', 'hi', 'ta', 'te', 'ml']... ta in keys: True
[DEBUG] IndicTrans call: src=eng_Latn (en), tgt=hin_Deva (hi), text='Jason, is Jason join...'
[DEBUG] FLORES keys: ['en', 'hi', 'ta', 'te', 'ml']... ta in keys: True
[DEBUG] IndicTrans call: src=eng_Latn (en), tgt=hin_Deva (hi), text='Jason, is Jason join...'
[DEBUG] FLORES keys: ['en', 'hi', 'ta', 'te', 'ml']... ta in keys: True
[DEBUG] IndicTrans call: src=eng_Latn (en), tgt=hin_Deva (hi), text='50,000,000,000...'
[DEBUG] FLORES keys: ['en', 'hi', 'ta', 'te', 'ml']... ta in keys: True
[DEBUG] IndicTrans call: src=eng_Latn (en), tgt=hin_Deva (hi), text='Okay, same amount fo...'
[DEBUG] FLORES keys: ['en', 'hi', 'ta', 'te', 'ml']... ta in keys: True
[DEBUG] IndicTrans call: src=eng_Latn (en), tgt=hin_Deva (hi), text='Okay, same amount th...'
[DEBUG] FLORES keys: ['en', 'hi', 'ta', 'te', 'ml']... ta in keys: True
[DEBUG] IndicTrans call: src=eng_Latn (en), tgt=hin_Deva (hi), text='You see it?...'
[DEBUG] FLORES keys: ['en', 'hi', 'ta', 'te', 'ml']... ta in keys: True
[DEBUG] IndicTrans call: src=eng_Latn (en), tgt=hin_Deva (hi), text='Thanks, Sam. Good mo...'
[DEBUG] FLORES keys: ['en', 'hi', 'ta', 'te', 'ml']... ta in keys: True
[DEBUG] IndicTrans call: src=eng_Latn (en), tgt=hin_Deva (hi), text='Thanks, Sam. Good mo...'
[DEBUG] FLORES keys: ['en', 'hi', 'ta', 'te', 'ml']... ta in keys: True
[DEBUG] IndicTrans call: src=eng_Latn (en), tgt=hin_Deva (hi), text='And we are as a secr...'
[DEBUG] FLORES keys: ['en', 'hi', 'ta', 'te', 'ml']... ta in keys: True
[DEBUG] IndicTrans call: src=eng_Latn (en), tgt=hin_Deva (hi), text='And we are as a sect...'
[DEBUG] FLORES keys: ['en', 'hi', 'ta', 'te', 'ml']... ta in keys: True
[DEBUG] IndicTrans call: src=eng_Latn (en), tgt=hin_Deva (hi), text='So, I will pause obv...'
[DEBUG] FLORES keys: ['en', 'hi', 'ta', 'te', 'ml']... ta in keys: True
[DEBUG] IndicTrans call: src=eng_Latn (en), tgt=hin_Deva (hi), text='So I'm, I'll oppose ...'
[DEBUG] FLORES keys: ['en', 'hi', 'ta', 'te', 'ml']... ta in keys: True
[DEBUG] IndicTrans call: src=eng_Latn (en), tgt=hin_Deva (hi), text='So, um, our point is...'
[DEBUG] FLORES keys: ['en', 'hi', 'ta', 'te', 'ml']... ta in keys: True
[DEBUG] IndicTrans call: src=eng_Latn (en), tgt=hin_Deva (hi), text='So our point is obvi...'
[DEBUG] FLORES keys: ['en', 'hi', 'ta', 'te', 'ml']... ta in keys: True
[DEBUG] IndicTrans call: src=eng_Latn (en), tgt=hin_Deva (hi), text='So our point is obvi...'
[DEBUG] FLORES keys: ['en', 'hi', 'ta', 'te', 'ml']... ta in keys: True
[DEBUG] IndicTrans call: src=eng_Latn (en), tgt=hin_Deva (hi), text='So our point is obvi...'
[DEBUG] FLORES keys: ['en', 'hi', 'ta', 'te', 'ml']... ta in keys: True
[DEBUG] IndicTrans call: src=eng_Latn (en), tgt=hin_Deva (hi), text='for us with regards ...'
[DEBUG] FLORES keys: ['en', 'hi', 'ta', 'te', 'ml']... ta in keys: True
[DEBUG] IndicTrans call: src=eng_Latn (en), tgt=hin_Deva (hi), text='for us with regards ...'
[DEBUG] FLORES keys: ['en', 'hi', 'ta', 'te', 'ml']... ta in keys: True
[DEBUG] IndicTrans call: src=eng_Latn (en), tgt=hin_Deva (hi), text='for us with regards ...'
[DEBUG] FLORES keys: ['en', 'hi', 'ta', 'te', 'ml']... ta in keys: True
[DEBUG] IndicTrans call: src=eng_Latn (en), tgt=hin_Deva (hi), text='for us with regards ...'
[DEBUG] FLORES keys: ['en', 'hi', 'ta', 'te', 'ml']... ta in keys: True
[DEBUG] IndicTrans call: src=eng_Latn (en), tgt=hin_Deva (hi), text='for us with regards ...'
[DEBUG] FLORES keys: ['en', 'hi', 'ta', 'te', 'ml']... ta in keys: True
[DEBUG] IndicTrans call: src=eng_Latn (en), tgt=hin_Deva (hi), text='and paid for tourism...'
[DEBUG] FLORES keys: ['en', 'hi', 'ta', 'te', 'ml']... ta in keys: True
[DEBUG] IndicTrans call: src=eng_Latn (en), tgt=hin_Deva (hi), text='You can open, welcom...'
[DEBUG] FLORES keys: ['en', 'hi', 'ta', 'te', 'ml']... ta in keys: True
[DEBUG] IndicTrans call: src=eng_Latn (en), tgt=hin_Deva (hi), text='You can open, walk a...'
[DEBUG] FLORES keys: ['en', 'hi', 'ta', 'te', 'ml']... ta in keys: True
[DEBUG] IndicTrans call: src=eng_Latn (en), tgt=hin_Deva (hi), text='You can open, welcom...'
[DEBUG] FLORES keys: ['en', 'hi', 'ta', 'te', 'ml']... ta in keys: True
[DEBUG] IndicTrans call: src=eng_Latn (en), tgt=hin_Deva (hi), text='You can open, welcom...'
[DEBUG] FLORES keys: ['en', 'hi', 'ta', 'te', 'ml']... ta in keys: True
[DEBUG] IndicTrans call: src=eng_Latn (en), tgt=hin_Deva (hi), text='or we'll get differe...'
[DEBUG] FLORES keys: ['en', 'hi', 'ta', 'te', 'ml']... ta in keys: True
[DEBUG] IndicTrans call: src=eng_Latn (en), tgt=hin_Deva (hi), text='We're here to give a...'
[DEBUG] FLORES keys: ['en', 'hi', 'ta', 'te', 'ml']... ta in keys: True
[DEBUG] IndicTrans call: src=eng_Latn (en), tgt=hin_Deva (hi), text='We're here to give f...'
[DEBUG] FLORES keys: ['en', 'hi', 'ta', 'te', 'ml']... ta in keys: True
[DEBUG] IndicTrans call: src=eng_Latn (en), tgt=hin_Deva (hi), text='We're here to give f...'
[DEBUG] FLORES keys: ['en', 'hi', 'ta', 'te', 'ml']... ta in keys: True
[DEBUG] IndicTrans call: src=eng_Latn (en), tgt=hin_Deva (hi), text='more to a like or ph...'
[DEBUG] FLORES keys: ['en', 'hi', 'ta', 'te', 'ml']... ta in keys: True
[DEBUG] IndicTrans call: src=eng_Latn (en), tgt=hin_Deva (hi), text='more to a like or ph...'
[DEBUG] FLORES keys: ['en', 'hi', 'ta', 'te', 'ml']... ta in keys: True
[DEBUG] IndicTrans call: src=eng_Latn (en), tgt=hin_Deva (hi), text='I will switch to wha...'
[DEBUG] FLORES keys: ['en', 'hi', 'ta', 'te', 'ml']... ta in keys: True
[DEBUG] IndicTrans call: src=eng_Latn (en), tgt=hin_Deva (hi), text='I will seek tour to ...'
[DEBUG] FLORES keys: ['en', 'hi', 'ta', 'te', 'ml']... ta in keys: True
[DEBUG] IndicTrans call: src=eng_Latn (en), tgt=hin_Deva (hi), text='I would seek to work...'
[DEBUG] FLORES keys: ['en', 'hi', 'ta', 'te', 'ml']... ta in keys: True
[DEBUG] IndicTrans call: src=eng_Latn (en), tgt=hin_Deva (hi), text='I would seek to work...'
[DEBUG] FLORES keys: ['en', 'hi', 'ta', 'te', 'ml']... ta in keys: True
[DEBUG] IndicTrans call: src=eng_Latn (en), tgt=hin_Deva (hi), text='I would seek tour to...'
[DEBUG] FLORES keys: ['en', 'hi', 'ta', 'te', 'ml']... ta in keys: True
[DEBUG] IndicTrans call: src=eng_Latn (en), tgt=hin_Deva (hi), text='I would seek to achi...'
[DEBUG] FLORES keys: ['en', 'hi', 'ta', 'te', 'ml']... ta in keys: True
[DEBUG] IndicTrans call: src=eng_Latn (en), tgt=hin_Deva (hi), text='A vehicle shop, a vi...'
[DEBUG] FLORES keys: ['en', 'hi', 'ta', 'te', 'ml']... ta in keys: True
[DEBUG] IndicTrans call: src=eng_Latn (en), tgt=hin_Deva (hi), text='of eating local shop...'
[DEBUG] FLORES keys: ['en', 'hi', 'ta', 'te', 'ml']... ta in keys: True
[DEBUG] IndicTrans call: src=eng_Latn (en), tgt=hin_Deva (hi), text='I've eaten local sho...'
[DEBUG] FLORES keys: ['en', 'hi', 'ta', 'te', 'ml']... ta in keys: True
[DEBUG] IndicTrans call: src=eng_Latn (en), tgt=hin_Deva (hi), text='Push me a program, r...'
[DEBUG] FLORES keys: ['en', 'hi', 'ta', 'te', 'ml']... ta in keys: True
[DEBUG] IndicTrans call: src=eng_Latn (en), tgt=hin_Deva (hi), text='Thank you....'
[DEBUG] FLORES keys: ['en', 'hi', 'ta', 'te', 'ml']... ta in keys: True
[DEBUG] IndicTrans call: src=eng_Latn (en), tgt=hin_Deva (hi), text='Thanks soon.  And wh...'
[DEBUG] FLORES keys: ['en', 'hi', 'ta', 'te', 'ml']... ta in keys: True
[DEBUG] IndicTrans call: src=eng_Latn (en), tgt=hin_Deva (hi), text='Thanks, and when it ...'
[DEBUG] FLORES keys: ['en', 'hi', 'ta', 'te', 'ml']... ta in keys: True
[DEBUG] IndicTrans call: src=eng_Latn (en), tgt=hin_Deva (hi), text='Thanks, too.  And wh...'
[DEBUG] FLORES keys: ['en', 'hi', 'ta', 'te', 'ml']... ta in keys: True
[DEBUG] IndicTrans call: src=eng_Latn (en), tgt=hin_Deva (hi), text='Thanks, soon.  And w...'
[DEBUG] FLORES keys: ['en', 'hi', 'ta', 'te', 'ml']... ta in keys: True
[DEBUG] IndicTrans call: src=eng_Latn (en), tgt=hin_Deva (hi), text='If you're going to d...'
[DEBUG] FLORES keys: ['en', 'hi', 'ta', 'te', 'ml']... ta in keys: True
[DEBUG] IndicTrans call: src=eng_Latn (en), tgt=hin_Deva (hi), text='If you're going to d...'
[DEBUG] FLORES keys: ['en', 'hi', 'ta', 'te', 'ml']... ta in keys: True
[DEBUG] IndicTrans call: src=eng_Latn (en), tgt=hin_Deva (hi), text='If you're going to d...'
[DEBUG] FLORES keys: ['en', 'hi', 'ta', 'te', 'ml']... ta in keys: True
[DEBUG] IndicTrans call: src=eng_Latn (en), tgt=hin_Deva (hi), text='Everything to do wit...'
[DEBUG] FLORES keys: ['en', 'hi', 'ta', 'te', 'ml']... ta in keys: True
[DEBUG] IndicTrans call: src=eng_Latn (en), tgt=hin_Deva (hi), text='and we're hopefully ...'
[DEBUG] FLORES keys: ['en', 'hi', 'ta', 'te', 'ml']... ta in keys: True
[DEBUG] IndicTrans call: src=eng_Latn (en), tgt=hin_Deva (hi), text='and we hopefully soo...'
[DEBUG] FLORES keys: ['en', 'hi', 'ta', 'te', 'ml']... ta in keys: True
[DEBUG] IndicTrans call: src=eng_Latn (en), tgt=hin_Deva (hi), text='at level 3 which is ...'
[DEBUG] FLORES keys: ['en', 'hi', 'ta', 'te', 'ml']... ta in keys: True
[DEBUG] IndicTrans call: src=eng_Latn (en), tgt=hin_Deva (hi), text='At level 3, which is...'
[DEBUG] FLORES keys: ['en', 'hi', 'ta', 'te', 'ml']... ta in keys: True
[DEBUG] IndicTrans call: src=eng_Latn (en), tgt=hin_Deva (hi), text='At level 3, which is...'
[DEBUG] FLORES keys: ['en', 'hi', 'ta', 'te', 'ml']... ta in keys: True
[DEBUG] IndicTrans call: src=eng_Latn (en), tgt=hin_Deva (hi), text='At level 3, which is...'
[DEBUG] FLORES keys: ['en', 'hi', 'ta', 'te', 'ml']... ta in keys: True
[DEBUG] IndicTrans call: src=eng_Latn (en), tgt=hin_Deva (hi), text='At level 3, which is...'
[DEBUG] FLORES keys: ['en', 'hi', 'ta', 'te', 'ml']... ta in keys: True
[DEBUG] IndicTrans call: src=eng_Latn (en), tgt=hin_Deva (hi), text='the region itself. S...'
[DEBUG] FLORES keys: ['en', 'hi', 'ta', 'te', 'ml']... ta in keys: True
[DEBUG] IndicTrans call: src=eng_Latn (en), tgt=hin_Deva (hi), text='region itself. So we...'
[DEBUG] FLORES keys: ['en', 'hi', 'ta', 'te', 'ml']... ta in keys: True
[DEBUG] IndicTrans call: src=eng_Latn (en), tgt=hin_Deva (hi), text='region itself. So we...'
[DEBUG] FLORES keys: ['en', 'hi', 'ta', 'te', 'ml']... ta in keys: True
[DEBUG] IndicTrans call: src=eng_Latn (en), tgt=hin_Deva (hi), text='on one to two years ...'
[DEBUG] FLORES keys: ['en', 'hi', 'ta', 'te', 'ml']... ta in keys: True
[DEBUG] IndicTrans call: src=eng_Latn (en), tgt=hin_Deva (hi), text='on one to two years ...'
[DEBUG] FLORES keys: ['en', 'hi', 'ta', 'te', 'ml']... ta in keys: True
[DEBUG] IndicTrans call: src=eng_Latn (en), tgt=hin_Deva (hi), text='I couldn't to work u...'
[DEBUG] FLORES keys: ['en', 'hi', 'ta', 'te', 'ml']... ta in keys: True
[DEBUG] IndicTrans call: src=eng_Latn (en), tgt=hin_Deva (hi), text='My change, if we wai...'
[DEBUG] FLORES keys: ['en', 'hi', 'ta', 'te', 'ml']... ta in keys: True
[DEBUG] IndicTrans call: src=eng_Latn (en), tgt=hin_Deva (hi), text='Let's see....'
[DEBUG] FLORES keys: ['en', 'hi', 'ta', 'te', 'ml']... ta in keys: True
[DEBUG] IndicTrans call: src=eng_Latn (en), tgt=hin_Deva (hi), text='and then lastly, we ...'
[DEBUG] FLORES keys: ['en', 'hi', 'ta', 'te', 'ml']... ta in keys: True
[DEBUG] IndicTrans call: src=eng_Latn (en), tgt=hin_Deva (hi), text='And then lastly, re-...'
[DEBUG] FLORES keys: ['en', 'hi', 'ta', 'te', 'ml']... ta in keys: True
[DEBUG] IndicTrans call: src=eng_Latn (en), tgt=hin_Deva (hi), text='And then lastly, Rei...'
[DEBUG] FLORES keys: ['en', 'hi', 'ta', 'te', 'ml']... ta in keys: True
[DEBUG] IndicTrans call: src=eng_Latn (en), tgt=hin_Deva (hi), text='And then lastly, Rea...'
[DEBUG] FLORES keys: ['en', 'hi', 'ta', 'te', 'ml']... ta in keys: True
[DEBUG] IndicTrans call: src=eng_Latn (en), tgt=hin_Deva (hi), text='And then lastly, Rei...'
[DEBUG] FLORES keys: ['en', 'hi', 'ta', 'te', 'ml']... ta in keys: True
[DEBUG] IndicTrans call: src=eng_Latn (en), tgt=hin_Deva (hi), text='And then lastly, Rei...'
[DEBUG] FLORES keys: ['en', 'hi', 'ta', 'te', 'ml']... ta in keys: True
[DEBUG] IndicTrans call: src=eng_Latn (en), tgt=hin_Deva (hi), text='the minister for tou...'
[DEBUG] FLORES keys: ['en', 'hi', 'ta', 'te', 'ml']... ta in keys: True
[DEBUG] IndicTrans call: src=eng_Latn (en), tgt=hin_Deva (hi), text='the minister for tou...'
[DEBUG] FLORES keys: ['en', 'hi', 'ta', 'te', 'ml']... ta in keys: True
[DEBUG] IndicTrans call: src=eng_Latn (en), tgt=hin_Deva (hi), text='the minister for tou...'
[DEBUG] FLORES keys: ['en', 'hi', 'ta', 'te', 'ml']... ta in keys: True
[DEBUG] IndicTrans call: src=eng_Latn (en), tgt=hin_Deva (hi), text='Minister for tourism...'
[DEBUG] FLORES keys: ['en', 'hi', 'ta', 'te', 'ml']... ta in keys: True
[DEBUG] IndicTrans call: src=eng_Latn (en), tgt=hin_Deva (hi), text='Minister for tourism...'
[DEBUG] FLORES keys: ['en', 'hi', 'ta', 'te', 'ml']... ta in keys: True
[DEBUG] IndicTrans call: src=eng_Latn (en), tgt=hin_Deva (hi), text='really feeling the p...'
[DEBUG] FLORES keys: ['en', 'hi', 'ta', 'te', 'ml']... ta in keys: True
[DEBUG] IndicTrans call: src=eng_Latn (en), tgt=hin_Deva (hi), text='really feeling the p...'
[DEBUG] FLORES keys: ['en', 'hi', 'ta', 'te', 'ml']... ta in keys: True
[DEBUG] IndicTrans call: src=eng_Latn (en), tgt=hin_Deva (hi), text='really feeling the p...'
[DEBUG] FLORES keys: ['en', 'hi', 'ta', 'te', 'ml']... ta in keys: True
[DEBUG] IndicTrans call: src=eng_Latn (en), tgt=hin_Deva (hi), text='is to gain an inclin...'
[DEBUG] FLORES keys: ['en', 'hi', 'ta', 'te', 'ml']... ta in keys: True
[DEBUG] IndicTrans call: src=eng_Latn (en), tgt=hin_Deva (hi), text='is to gain informati...'
[DEBUG] FLORES keys: ['en', 'hi', 'ta', 'te', 'ml']... ta in keys: True
[DEBUG] IndicTrans call: src=eng_Latn (en), tgt=hin_Deva (hi), text='is to gain informati...'
[DEBUG] FLORES keys: ['en', 'hi', 'ta', 'te', 'ml']... ta in keys: True
[DEBUG] IndicTrans call: src=eng_Latn (en), tgt=hin_Deva (hi), text='is to gain informati...'
[DEBUG] FLORES keys: ['en', 'hi', 'ta', 'te', 'ml']... ta in keys: True
[DEBUG] IndicTrans call: src=eng_Latn (en), tgt=hin_Deva (hi), text='is today in the nati...'
[DEBUG] FLORES keys: ['en', 'hi', 'ta', 'te', 'ml']... ta in keys: True
[DEBUG] IndicTrans call: src=eng_Latn (en), tgt=hin_Deva (hi), text='And lastly, heroin r...'
[DEBUG] FLORES keys: ['en', 'hi', 'ta', 'te', 'ml']... ta in keys: True
[DEBUG] IndicTrans call: src=eng_Latn (en), tgt=hin_Deva (hi), text='And lastly, he had o...'
[DEBUG] FLORES keys: ['en', 'hi', 'ta', 'te', 'ml']... ta in keys: True
[DEBUG] IndicTrans call: src=eng_Latn (en), tgt=hin_Deva (hi), text='And lastly, he had o...'
[DEBUG] FLORES keys: ['en', 'hi', 'ta', 'te', 'ml']... ta in keys: True
[DEBUG] IndicTrans call: src=eng_Latn (en), tgt=hin_Deva (hi), text='And lastly, he had o...'
[DEBUG] FLORES keys: ['en', 'hi', 'ta', 'te', 'ml']... ta in keys: True
[DEBUG] IndicTrans call: src=eng_Latn (en), tgt=hin_Deva (hi), text='and what solutions t...'
[DEBUG] FLORES keys: ['en', 'hi', 'ta', 'te', 'ml']... ta in keys: True
[DEBUG] IndicTrans call: src=eng_Latn (en), tgt=hin_Deva (hi), text='and what solutions t...'
[DEBUG] FLORES keys: ['en', 'hi', 'ta', 'te', 'ml']... ta in keys: True
[DEBUG] IndicTrans call: src=eng_Latn (en), tgt=hin_Deva (hi), text='Bye....'
[DEBUG] FLORES keys: ['en', 'hi', 'ta', 'te', 'ml']... ta in keys: True
[DEBUG] IndicTrans call: src=eng_Latn (en), tgt=hin_Deva (hi), text='by all your team....'
[DEBUG] FLORES keys: ['en', 'hi', 'ta', 'te', 'ml']... ta in keys: True
[DEBUG] IndicTrans call: src=eng_Latn (en), tgt=hin_Deva (hi), text='by all your team in ...'
[DEBUG] FLORES keys: ['en', 'hi', 'ta', 'te', 'ml']... ta in keys: True
[DEBUG] IndicTrans call: src=eng_Latn (en), tgt=hin_Deva (hi), text='by all your team in ...'
[DEBUG] FLORES keys: ['en', 'hi', 'ta', 'te', 'ml']... ta in keys: True
[DEBUG] IndicTrans call: src=eng_Latn (en), tgt=hin_Deva (hi), text='by all your team in ...'
[DEBUG] FLORES keys: ['en', 'hi', 'ta', 'te', 'ml']... ta in keys: True
[DEBUG] IndicTrans call: src=eng_Latn (en), tgt=hin_Deva (hi), text='tai ni ni ni agita n...'
[DEBUG] FLORES keys: ['en', 'hi', 'ta', 'te', 'ml']... ta in keys: True
[DEBUG] IndicTrans call: src=eng_Latn (en), tgt=hin_Deva (hi), text='To find out that you...'
[DEBUG] FLORES keys: ['en', 'hi', 'ta', 'te', 'ml']... ta in keys: True
[DEBUG] IndicTrans call: src=eng_Latn (en), tgt=hin_Deva (hi), text='If you want to know,...'
[DEBUG] FLORES keys: ['en', 'hi', 'ta', 'te', 'ml']... ta in keys: True
[DEBUG] IndicTrans call: src=eng_Latn (en), tgt=hin_Deva (hi), text='For all of it, you o...'
[DEBUG] FLORES keys: ['en', 'hi', 'ta', 'te', 'ml']... ta in keys: True
[DEBUG] IndicTrans call: src=eng_Latn (en), tgt=hin_Deva (hi), text='I hope you've got a ...'
[DEBUG] FLORES keys: ['en', 'hi', 'ta', 'te', 'ml']... ta in keys: True
[DEBUG] IndicTrans call: src=eng_Latn (en), tgt=hin_Deva (hi), text='I hope you've got a ...'
[DEBUG] FLORES keys: ['en', 'hi', 'ta', 'te', 'ml']... ta in keys: True
[DEBUG] IndicTrans call: src=eng_Latn (en), tgt=hin_Deva (hi), text='Mas é do outro......'
[DEBUG] FLORES keys: ['en', 'hi', 'ta', 'te', 'ml']... ta in keys: True
[DEBUG] IndicTrans call: src=eng_Latn (en), tgt=hin_Deva (hi), text='e o arredo entenda d...'
[DEBUG] FLORES keys: ['en', 'hi', 'ta', 'te', 'ml']... ta in keys: True
[DEBUG] IndicTrans call: src=eng_Latn (en), tgt=hin_Deva (hi), text='I hadn't tended to p...'
[DEBUG] FLORES keys: ['en', 'hi', 'ta', 'te', 'ml']... ta in keys: True
[DEBUG] IndicTrans call: src=eng_Latn (en), tgt=hin_Deva (hi), text='I hadn't tended to p...'
[DEBUG] FLORES keys: ['en', 'hi', 'ta', 'te', 'ml']... ta in keys: True
[DEBUG] IndicTrans call: src=eng_Latn (en), tgt=hin_Deva (hi), text='I hadn't tended to p...'
[DEBUG] FLORES keys: ['en', 'hi', 'ta', 'te', 'ml']... ta in keys: True
[DEBUG] IndicTrans call: src=eng_Latn (en), tgt=hin_Deva (hi), text='I had intended to pr...'
[DEBUG] FLORES keys: ['en', 'hi', 'ta', 'te', 'ml']... ta in keys: True
[DEBUG] IndicTrans call: src=eng_Latn (en), tgt=hin_Deva (hi), text='nearly around the...'
[DEBUG] FLORES keys: ['en', 'hi', 'ta', 'te', 'ml']... ta in keys: True
[DEBUG] IndicTrans call: src=eng_Latn (en), tgt=hin_Deva (hi), text='nearly around the CO...'
[DEBUG] FLORES keys: ['en', 'hi', 'ta', 'te', 'ml']... ta in keys: True
[DEBUG] IndicTrans call: src=eng_Latn (en), tgt=hin_Deva (hi), text='nearly around the CO...'
[DEBUG] FLORES keys: ['en', 'hi', 'ta', 'te', 'ml']... ta in keys: True
[DEBUG] FLORES keys: ['en', 'hi', 'ta', 'te', 'ml']... ta in keys: True
[DEBUG] IndicTrans call: src=eng_Latn (en), tgt=hin_Deva (hi), text='and get some......'
[DEBUG] FLORES keys: ['en', 'hi', 'ta', 'te', 'ml']... ta in keys: True
[DEBUG] IndicTrans call: src=eng_Latn (en), tgt=hin_Deva (hi), text='that don't shit some...'
[DEBUG] FLORES keys: ['en', 'hi', 'ta', 'te', 'ml']... ta in keys: True
[DEBUG] IndicTrans call: src=eng_Latn (en), tgt=hin_Deva (hi), text='to get some positive...'
[DEBUG] FLORES keys: ['en', 'hi', 'ta', 'te', 'ml']... ta in keys: True
[DEBUG] IndicTrans call: src=eng_Latn (en), tgt=hin_Deva (hi), text='It's a good time to ...'
[DEBUG] FLORES keys: ['en', 'hi', 'ta', 'te', 'ml']... ta in keys: True
[DEBUG] IndicTrans call: src=eng_Latn (en), tgt=hin_Deva (hi), text='a good term shoot so...'
[DEBUG] FLORES keys: ['en', 'hi', 'ta', 'te', 'ml']... ta in keys: True
[DEBUG] IndicTrans call: src=eng_Latn (en), tgt=hin_Deva (hi), text='that done shit some ...'
[DEBUG] FLORES keys: ['en', 'hi', 'ta', 'te', 'ml']... ta in keys: True
[DEBUG] IndicTrans call: src=eng_Latn (en), tgt=hin_Deva (hi), text='that done shit some ...'
[DEBUG] FLORES keys: ['en', 'hi', 'ta', 'te', 'ml']... ta in keys: True
[DEBUG] IndicTrans call: src=eng_Latn (en), tgt=hin_Deva (hi), text='and from turn result...'
[DEBUG] FLORES keys: ['en', 'hi', 'ta', 'te', 'ml']... ta in keys: True
[DEBUG] IndicTrans call: src=eng_Latn (en), tgt=hin_Deva (hi), text='some say your area i...'
[DEBUG] FLORES keys: ['en', 'hi', 'ta', 'te', 'ml']... ta in keys: True
[DEBUG] IndicTrans call: src=eng_Latn (en), tgt=hin_Deva (hi), text='some say the only as...'
[DEBUG] FLORES keys: ['en', 'hi', 'ta', 'te', 'ml']... ta in keys: True
[DEBUG] IndicTrans call: src=eng_Latn (en), tgt=hin_Deva (hi), text='performance and real...'
[DEBUG] FLORES keys: ['en', 'hi', 'ta', 'te', 'ml']... ta in keys: True
[DEBUG] IndicTrans call: src=eng_Latn (en), tgt=hin_Deva (hi), text='performance and your...'
[DEBUG] FLORES keys: ['en', 'hi', 'ta', 'te', 'ml']... ta in keys: True
[DEBUG] IndicTrans call: src=eng_Latn (en), tgt=hin_Deva (hi), text='performance and your...'
[DEBUG] FLORES keys: ['en', 'hi', 'ta', 'te', 'ml']... ta in keys: True
[DEBUG] IndicTrans call: src=eng_Latn (en), tgt=hin_Deva (hi), text='and a pin that slith...'
[DEBUG] FLORES keys: ['en', 'hi', 'ta', 'te', 'ml']... ta in keys: True
[DEBUG] IndicTrans call: src=eng_Latn (en), tgt=hin_Deva (hi), text='a pin that slithers ...'
[DEBUG] FLORES keys: ['en', 'hi', 'ta', 'te', 'ml']... ta in keys: True
[DEBUG] IndicTrans call: src=eng_Latn (en), tgt=hin_Deva (hi), text='race 4...'
[DEBUG] FLORES keys: ['en', 'hi', 'ta', 'te', 'ml']... ta in keys: True
[DEBUG] IndicTrans call: src=eng_Latn (en), tgt=hin_Deva (hi), text='of these four areas ...'
[DEBUG] FLORES keys: ['en', 'hi', 'ta', 'te', 'ml']... ta in keys: True
[DEBUG] IndicTrans call: src=eng_Latn (en), tgt=hin_Deva (hi), text='of these four areas ...'
[DEBUG] FLORES keys: ['en', 'hi', 'ta', 'te', 'ml']... ta in keys: True
[DEBUG] IndicTrans call: src=eng_Latn (en), tgt=hin_Deva (hi), text='of these four areas ...'
